Nr.,Autorius,Pavadinimas,Originalo pavadinimas,Kalba,Leidykla,Metai,Žanras,Serija,Puslapiai,ISBN,Lentynos vieta,Pastabos,Teminė linija,Subgrupė,ID,Statusas,Dabartinis laikytojas,Būklė,Kaina (EUR),Įsigijimo data,Įsigijimo šaltinis,Tiražas,Originalo metai,Foto,Atnaujinta,Kas atnaujino,Patalpa,Lentyna
1.0,Margaret Atwood,Alias Grace,,Anglų,McClelland & Stewart (M&S),1996.0,Istorinis romanas,,468.0,,"Spinta A, 1 lentyna (viršutinė)",Kanados leidimas (M&S logotipas),A3. Klasikos kanonas (pagal šalis),Kita klasika ir antologijos,K00001,Skaitoma,Žydrius,,,,,,,,2026-09-18 20:19:00,g@cool.lt,,
2.0,Washington Irving,"The Sketch Book of Geoffrey Crayon, Gent.",,Anglų,,,Esė / apsakymai,,,,"Spinta A, 1 lentyna (viršutinė)",Orig. 1819–1820. Ant nugarėlės žymė „CP 101“,A3. Klasikos kanonas (pagal šalis),Amerikos klasika,K00002,Lentynoje,,,,,,,,,,,,
3.0,J. D. Salinger,The Catcher in the Rye,,Anglų,,,Romanas,,,,"Spinta A, 1 lentyna (viršutinė)","Orig. 1951. Kišeninis leidimas, pageltusi nugarėlė",A8. Bitnikai ir kontrkultūra,★ pora: originalas + vertimas,K00003,Lentynoje,,,,,,,,,,,,
4.0,Ralph Waldo Emerson; Henry David Thoreau,"Эссе; Уолден, или Жизнь в лесу","Essays; Walden, or Life in the Woods",Rusų,Художественная литература,,Esė / filosofija,,,,"Spinta A, 1 lentyna (viršutinė)",Rusų k. rinktinė „Ралф Эмерсон. Эссе. Генри Торо. Уолден“ (~1986). Metus patikslinti,A3. Klasikos kanonas (pagal šalis),Rusų klasika vertimuose,K00004,Lentynoje,,,,,,,1986.0,,2026-09-18 16:22:00,g@cool.lt,,
5.0,,,,Rusų,,,,,,,"Spinta A, 1 lentyna (viršutinė)","PATIKSLINTI: plona geltona nugarėlė, tekstas neįskaitomas (rusų k., galimai fantastika). Reikia nuotraukos iš arčiau",A4. Rusų lentyna (originalo k.),XIX a. klasika (Gogolis–Čechovas),K00005,Lentynoje,,,,,,,,,,,,
6.0,John Gordon,Milžinas po sniegu,The Giant Under the Snow,Lietuvių,Alma littera,2007.0,Vaikų / paauglių fantastika,,,,"Spinta A, 1 lentyna (viršutinė)",,C16. Vaikų literatūra ir pasakos,Vaikų knygos ir lavinimas,K00006,Lentynoje,,,,,,,,,,,,
7.0,James Herriot,All Things Wise and Wonderful,,Anglų,Bantam Books,,Memuarai / negrožinė (veterinaro atsiminimai),All Creatures Great and Small,,0-553-11746-7,"Spinta A, 1 lentyna (viršutinė)",Orig. 1977; šis Bantam leidimas ~1978. Kaina ant nugarėlės $2.75,E32. Biografijos ir memuarai,Asmenybės ir memuarai,K00007,Lentynoje,,,,,,,,,2026-09-14 13:11:00,g@cool.lt,,
8.0,Tommaso Campanella,La Città del Sole (Saulės miestas),La Città del Sole,Italų,Fabbri Editori,,Filosofija / utopija,,,,"Spinta A, 1 lentyna (viršutinė)",Orig. 1602 (išsp. 1623),B10. Distopijos ir utopijos,,K00008,Lentynoje,,,,,,,,,,,,
9.0,Herbert Marcuse,Der eindimensionale Mensch,One-Dimensional Man,Vokiečių,,,Filosofija / sociologija,,,,"Spinta A, 1 lentyna (viršutinė)",Orig. 1964. Ant nugarėlės žymė „SL 4“,B11. SF aukso amžius,,K00009,Lentynoje,,,,,,,,,,,,
10.0,,,,,,,,,,,"Spinta A, 1 lentyna (viršutinė)","PATIKSLINTI: smėlio spalvos, stipriai apiplyšusi nugarėlė — neįskaitoma. Reikia nuotraukos iš arčiau","X. Ūkinė zona: žinynai, vadovėliai, periodika",,K00010,Lentynoje,,,,,,,,,,,,
11.0,Bertolt Brecht,Über Realismus,,Vokiečių,Suhrkamp (edition suhrkamp),,Literatūros teorija / esė,edition suhrkamp,,,"Spinta A, 1 lentyna (viršutinė)",Nr. „442“ (edition suhrkamp serija),A5. Vokiškoji lentyna (originalo k.),,K00011,Lentynoje,,,,,,,,,,,,
12.0,Rainer Maria Rilke,Die Aufzeichnungen des Malte Laurids Brigge,,Vokiečių,Reclam,,Romanas,,,,"Spinta A, 1 lentyna (viršutinė)",Orig. 1910,A5. Vokiškoji lentyna (originalo k.),,K00012,Lentynoje,,,,,,,,,2026-09-17 15:21:00,g@cool.lt,Paupio 2 aukštas,43.0
13.0,,The Oxford Book of German Verse,,Vokiečių / anglų,Oxford University Press,,Poezijos antologija,,,,"Spinta A, 1 lentyna (viršutinė)",Sudaryta antologija,A3. Klasikos kanonas (pagal šalis),Kita klasika ir antologijos,K00013,Lentynoje,,,,,,,,,,,,
14.0,Hutten; Müntzer; Luther,"Hutten, Müntzer, Luther (1 tomas)",,Vokiečių,Bibliothek Deutscher Klassiker (BDK),,Rinktiniai raštai (Reformacija),BDK,,,"Spinta A, 1 lentyna (viršutinė)","Reformacijos autorių rinktinė, 2 t. leidimas (VDR). Tikslų pavadinimą patikslinti",A5. Vokiškoji lentyna (originalo k.),,K00014,Lentynoje,,,,,,,,,,,,
15.0,Hutten; Müntzer; Luther,"Hutten, Müntzer, Luther (2 tomas)",,Vokiečių,Bibliothek Deutscher Klassiker (BDK),,Rinktiniai raštai (Reformacija),BDK,,,"Spinta A, 1 lentyna (viršutinė)",2 tomas,A5. Vokiškoji lentyna (originalo k.),,K00015,Lentynoje,,,,,,,,,,,,
16.0,,,,,,,,,,,"Spinta A, 1 lentyna (viršutinė)","PATIKSLINTI: tamsiai raudona, stipriai suplyšusi nugarėlė — neįskaitoma","X. Ūkinė zona: žinynai, vadovėliai, periodika",,K00016,Lentynoje,,,,,,,,,,,,
17.0,Max Frisch,Rinktinė (romanai),,Rusų,ОЛМА-ПРЕСС,,Proza / romanai,ХХ век. Зарубежная классика,,,"Spinta A, 1 lentyna (viršutinė)",PATIKSLINTI tikslų pavadinimą (rusiška M. Frisch rinktinė),A6. XX a. modernizmas,,K00017,Lentynoje,,,,,,,,,,,,
18.0,Paul Zumthor,Das Alltagsleben in Holland zur Zeit Rembrandts,,Vokiečių,,,Kultūros istorija,,,,"Spinta A, 1 lentyna (viršutinė)",Žymė „1434“ (serijos nr.),E31. Istorijos biblioteka,Kultūros istorija,K00018,Lentynoje,,,,,,,,,,,,
19.0,Multatuli,Maksas Havelaras,Max Havelaar,Lietuvių,,,Romanas,,,,"Spinta A, 1 lentyna (viršutinė)",Orig. 1860. Leidimo metus patikslinti,A3. Klasikos kanonas (pagal šalis),Šiaurės ir Vidurio Europos klasika,K00019,Lentynoje,,,,,,,,,,,,
20.0,Peter Handke,Als das Wünschen noch geholfen hat,,Vokiečių,Suhrkamp (suhrkamp taschenbuch),,Eilėraščiai / proza,suhrkamp taschenbuch,,,"Spinta A, 1 lentyna (viršutinė)",Nr. „st 208“,A5. Vokiškoji lentyna (originalo k.),,K00020,Lentynoje,,,,,,,,,,,,
21.0,Stefan Zweig,"Trys meistrai: Balzakas, Dikensas, Dostojevskis","Drei Meister: Balzac, Dickens, Dostojewski",Lietuvių,,,Esė / literatūros kritika,,,,"Spinta A, 1 lentyna (viršutinė)",Nugarėlėje: Balzacas · Dickensas · Dostojevskis,A6. XX a. modernizmas,,K00021,Lentynoje,,,,,,,,,,,,
22.0,Johann Wolfgang von Goethe,Rinktinė,,Rusų,,,Grožinė literatūra,,,,"Spinta A, 1 lentyna (viršutinė)",PATIKSLINTI tikslų pavadinimą (rusiška „ГЁТЕ“ rinktinė),A4. Rusų lentyna (originalo k.),XIX a. klasika (Gogolis–Čechovas),K00022,Lentynoje,,,,,,,,,,,,
23.0,Arthur Schopenhauer,Свобода воли и нравственность,Über die Freiheit des Willens; Über die Grundlage der Moral,Rusų,,,Filosofija,,,,"Spinta A, 1 lentyna (viršutinė)",,D19. Filosofijos klasika,Vokiečių idealizmas ir XIX a.,K00023,Lentynoje,,,,,,,,,,,,
24.0,Brothers Grimm (broliai Grimai),Grimms' Fairy Tales,Kinder- und Hausmärchen,Anglų,Penguin,,Pasakos,,,0-14-062158-X,"Spinta A, 1 lentyna (viršutinė)",,C16. Vaikų literatūra ir pasakos,Pasaulio vaikų klasika,K00024,Lentynoje,,,,,,,,,,,,
25.0,Gotthold Ephraim Lessing,Rinktinė (dramos),,Vokiečių,,,Dramaturgija / esė,,,,"Spinta A, 1 lentyna (viršutinė)","PATIKSLINTI tikslų pavadinimą (geltona nugarėlė, gotikinis šriftas)",A5. Vokiškoji lentyna (originalo k.),,K00025,Lentynoje,,,,,,,,,,,,
26.0,Johann Peter Eckermann,Pokalbiai su Goethe,Gespräche mit Goethe,Lietuvių,Aidai,,Memuarai / pokalbiai,,,,"Spinta A, 1 lentyna (viršutinė)",,E32. Biografijos ir memuarai,Asmenybės ir memuarai,K00026,Lentynoje,,,,,,,,,,,,
27.0,Johann Wolfgang von Goethe (J. V. Getė),Faustas,Faust,Lietuvių,,,Drama / poema,,,,"Spinta A, 1 lentyna (viršutinė)",,A3. Klasikos kanonas (pagal šalis),Vokiečių klasika vertimuose,K00027,Lentynoje,,,,,,,,,,,,
28.0,Johann Wolfgang von Goethe,Faust,,Vokiečių,,,Drama / poema,,,,"Spinta A, 1 lentyna (viršutinė)",Originalo kalba (vokiečių),A5. Vokiškoji lentyna (originalo k.),,K00028,Lentynoje,,,,,,,,,,,,
29.0,Hermann Hesse (Hermanas Hesė),Sidharta,Siddhartha,Lietuvių,,,Romanas,,,,"Spinta A, 1 lentyna (viršutinė)",,A6. XX a. modernizmas,,K00029,Lentynoje,,,,,,,,,,,,
30.0,,Vokiečių romantikų proza,,Lietuvių,,,Proza / antologija,,,,"Spinta A, 1 lentyna (viršutinė)",Sudaryta antologija (vokiečių romantizmas),A3. Klasikos kanonas (pagal šalis),Kita klasika ir antologijos,K00030,Lentynoje,,,,,,,,,,,,
31.0,Ray Bradbury,Rinktinė,,Rusų,,,Fantastika / apsakymai,,,,"Spinta A, 2 lentyna",PATIKSLINTI tikslų pavadinimą (žalias rusiškas tomas „Рэй Брэдбери“),B11. SF aukso amžius,,K00031,Lentynoje,,,,,,,,,,,,
32.0,Thomas Wolfe,Rinktinė,,Rusų,,,Proza / romanas,,,,"Spinta A, 2 lentyna",PATIKSLINTI tikslų pavadinimą (žalias rusiškas tomas „Томас Вулф“),A7. Prarastoji karta ir Amerikos XX a.,,K00032,Lentynoje,,,,,,,,,,,,
33.0,Charles Bukowski,Юг без признаков севера,South of No North,Rusų,,,Apsakymai,,,,"Spinta A, 2 lentyna",,A8. Bitnikai ir kontrkultūra,,K00033,Lentynoje,,,,,,,,,,,,
34.0,George Orwell,Burmese Days,,Anglų,Penguin,,Romanas,,,,"Spinta A, 2 lentyna",Orig. 1934,A3. Klasikos kanonas (pagal šalis),Kita klasika ir antologijos,K00034,Lentynoje,,,,,,,,,,,,
35.0,John Galsworthy,The Forsyte Saga,,Anglų,Penguin,,Romanas,,,,"Spinta A, 2 lentyna",Matosi kaip tomeliai (žyma „3“); tikslų tomų skaičių patikslinti,A3. Klasikos kanonas (pagal šalis),Anglų klasika,K00035,Lentynoje,,,,,,,,,,,,
36.0,Herman Melville,Собрание сочинений (1 tomas),,Rusų,,,Proza,,,,"Spinta A, 2 lentyna","3 tomų komplektas, 1 tomas",A4. Rusų lentyna (originalo k.),XIX a. klasika (Gogolis–Čechovas),K00036,Lentynoje,,,,,,,,,,,,
37.0,Herman Melville,Собрание сочинений (2 tomas),,Rusų,,,Proza,,,,"Spinta A, 2 lentyna",2 tomas,A4. Rusų lentyna (originalo k.),XIX a. klasika (Gogolis–Čechovas),K00037,Lentynoje,,,,,,,,,,,,
38.0,Herman Melville,Собрание сочинений (3 tomas),,Rusų,,,Proza,,,,"Spinta A, 2 lentyna",3 tomas,A4. Rusų lentyna (originalo k.),XIX a. klasika (Gogolis–Čechovas),K00038,Lentynoje,,,,,,,,,,,,
39.0,Frank Herbert,Kūrinys (galimai „Дюна“),Dune (?),Rusų,,,Mokslinė fantastika,,,,"Spinta A, 2 lentyna",PATIKSLINTI: mėlynas rusiškas tomas „Фрэнк Херберт“; tikėtina „Дюна“,B11. SF aukso amžius,,K00039,Lentynoje,,,,,,,,,,,,
40.0,Washington Irving (?),Новеллы,,Rusų,,,Apsakymai,,,,"Spinta A, 2 lentyna",PATIKSLINTI autorių; gali būti ta pati knyga kaip Nr. 41,A4. Rusų lentyna (originalo k.),XIX a. klasika (Gogolis–Čechovas),K00040,Lentynoje,,,,,,,,,,,,
41.0,Washington Irving,Rinktinė,,Rusų,,,Apsakymai / esė,,,,"Spinta A, 2 lentyna",Rusiška „Вашингтон Ирвинг“ rinktinė. Gali sutapti su Nr. 40,A4. Rusų lentyna (originalo k.),XIX a. klasika (Gogolis–Čechovas),K00041,Lentynoje,,,,,,,,,,,,
42.0,Sud. K. Andersonas (?),Очеркисты в Британии,,Rusų,,,Esė / antologija,,,,"Spinta A, 2 lentyna",PATIKSLINTI sudarytoją (britų eseistų antologija),A3. Klasikos kanonas (pagal šalis),Rusų klasika vertimuose,K00042,Lentynoje,,,,,,,,,,,,
43.0,,The Oxford Book of English Verse,,Anglų,Oxford University Press,,Poezijos antologija,,,,"Spinta A, 2 lentyna",Sudaryta antologija,A3. Klasikos kanonas (pagal šalis),Kita klasika ir antologijos,K00043,Lentynoje,,,,,,,,,,,,
44.0,G. K. Chesterton (Chestertonas),Esė,,Lietuvių,,,Esė,,,,"Spinta A, 2 lentyna",Odinis leidimas,A3. Klasikos kanonas (pagal šalis),Anglų klasika,K00044,Lentynoje,,,,,,,,,,,,
45.0,P. G. Wodehouse,Summer Lightning,,Anglų,Penguin,,Humoristinis romanas,,,0-14-000908-7,"Spinta A, 2 lentyna",,A3. Klasikos kanonas (pagal šalis),Anglų klasika,K00045,Lentynoje,,,,,,,,,,,,
46.0,Algernon Charles Swinburne,Poems and Ballads & Atalanta in Calydon,,Anglų,Penguin,,Poezija,,,,"Spinta A, 2 lentyna",,A3. Klasikos kanonas (pagal šalis),Anglų klasika,K00046,Lentynoje,,,,,,,,,,,,
47.0,Charles Dickens,David Copperfield,,Anglų,Houghton Mifflin (HM Co.),,Romanas,,,,"Spinta A, 2 lentyna",Žymė „B24“,A3. Klasikos kanonas (pagal šalis),Anglų klasika,K00047,Lentynoje,,,,,,,,,,,,
48.0,Lord Chesterfield,Laiškai sūnui,Letters to His Son,Lietuvių,,,Laiškai / esė,,,,"Spinta A, 2 lentyna",,A3. Klasikos kanonas (pagal šalis),Prancūzų klasika,K00048,Lentynoje,,,,,,,,,,,,
49.0,William Makepeace Thackeray (V. M. Tekerėjus),Tuštybės mugė (1 tomas),Vanity Fair,Lietuvių,,,Romanas,,,,"Spinta A, 2 lentyna",Nugarėlėje „Tustybės mugė I“,A3. Klasikos kanonas (pagal šalis),Anglų klasika,K00049,Lentynoje,,,,,,,,,,,,
50.0,William Makepeace Thackeray (V. M. Tekerėjus),Tuštybės mugė (2 tomas),Vanity Fair,Lietuvių,,,Romanas,,,,"Spinta A, 2 lentyna",Nugarėlėje „Tustybės mugė II“,A3. Klasikos kanonas (pagal šalis),Anglų klasika,K00050,Lentynoje,,,,,,,,,,,,
51.0,Arthur Schopenhauer,Rinktinė,,,,,Filosofija,,,,"Spinta A, 2 lentyna",PATIKSLINTI kalbą ir pavadinimą (prabangus odinis „SCHOPENHAUER“),D19. Filosofijos klasika,Vokiečių idealizmas ir XIX a.,K00051,Lentynoje,,,,,,,,,,,,
52.0,William Shakespeare (Уильям Шекспир),Трагедии,,Rusų,,,Dramaturgija / tragedijos,Мировая классика,,,"Spinta A, 2 lentyna",Mėlynas odinis tomas,A4. Rusų lentyna (originalo k.),XIX a. klasika (Gogolis–Čechovas),K00052,Lentynoje,,,,,,,,,,,,
53.0,William Shakespeare (Viljamas Šekspyras),Dramos. Sonetai (1 tomas),,Lietuvių,,,Dramaturgija / poezija,,,,"Spinta A, 2 lentyna",Odinis leidimas,A3. Klasikos kanonas (pagal šalis),Anglų klasika,K00053,Lentynoje,,,,,,,,,,,,
54.0,William Shakespeare (Viljamas Šekspyras),Dramos. Sonetai (2 tomas),,Lietuvių,,,Dramaturgija / poezija,,,,"Spinta A, 2 lentyna","Odinis leidimas, 2 tomas",A3. Klasikos kanonas (pagal šalis),Anglų klasika,K00054,Lentynoje,,,,,,,,,,,,
55.0,Plutarchas (Плутарх),Застольные беседы,Quaestiones convivales,Rusų,,,Esė / filosofija,,,,"Spinta A, 2 lentyna",„Table Talk“ (Moralia),A1. Antikos literatūra ir istorikai,,K00055,Lentynoje,,,,,,,,,,,,
56.0,William Shakespeare (Šekspyras),Sonetai,Sonnets,Lietuvių,,,Poezija,,,,"Spinta A, 2 lentyna",Baltas drobinis leidimas,A3. Klasikos kanonas (pagal šalis),Anglų klasika,K00056,Lentynoje,,,,,,,,,,,,
57.0,,,,,,,,,,,"Spinta A, 2 lentyna",PATIKSLINTI: plona geltona nugarėlė be matomo teksto,"X. Ūkinė zona: žinynai, vadovėliai, periodika",,K00057,Lentynoje,,,,,,,,,,,,
58.0,,,,,,,,,,,"Spinta A, 2 lentyna","PATIKSLINTI: pilka knyga, nugarėlės tekstas nematomas (kampe prie vyrio)","X. Ūkinė zona: žinynai, vadovėliai, periodika",,K00058,Lentynoje,,,,,,,,,,,,
60.0,Dante Alighieri,Dieviškoji komedija,La Divina Commedia,Lietuvių,Vaga,,Poema,,,,"Spinta A, 2 lentyna",Padėta gulsčiai ant lentynos viršaus,A3. Klasikos kanonas (pagal šalis),Italų ir ispanų klasika,K00060,Lentynoje,,,,,,,,,,,,
61.0,,,,,,,,,,,"Spinta A, 2 lentyna","PATIKSLINTI: ant lentynos viršaus gulsčiai sudėtos senos knygos (šviesios nugarėlės), pavadinimai neįskaitomi. Reikia atskiros nuotraukos","X. Ūkinė zona: žinynai, vadovėliai, periodika",,K00061,Lentynoje,,,,,,,,,,,,
62.0,Charles De Coster (Šarlis de Kosteris),Legenda apie Ulenšpigį,La Légende d'Ulenspiegel,Lietuvių,,,Romanas,,,,"Spinta A, 3 lentyna",,A3. Klasikos kanonas (pagal šalis),Šiaurės ir Vidurio Europos klasika,K00062,Lentynoje,,,,,,,,,,,,
63.0,Benvenuto Cellini,The Autobiography of Benvenuto Cellini,La Vita,Anglų,Everyman's Library,,Autobiografija,Everyman's Library,,,"Spinta A, 3 lentyna",,E32. Biografijos ir memuarai,Asmenybės ir memuarai,K00063,Lentynoje,,,,,,,,,,,,
64.0,Abbé Prévost,Manon Lescaut,Manon Lescaut,Anglų,Oxford University Press,,Romanas,Oxford World's Classics,,,"Spinta A, 3 lentyna",,A3. Klasikos kanonas (pagal šalis),Prancūzų klasika,K00064,Lentynoje,,,,,,,,,,,,
65.0,,,,,,,,,,,"Spinta A, 3 lentyna","PATIKSLINTI: ruda dėmėta nugarėlė (greta Manon Lescaut), tekstas nematomas","X. Ūkinė zona: žinynai, vadovėliai, periodika",,K00065,Lentynoje,,,,,,,,,,,,
66.0,Antoine de Saint-Exupéry (Antuanas de Sent Egziuperi),Raštai / rinktinė,,Lietuvių,,,Proza,,,,"Spinta A, 3 lentyna",PATIKSLINTI tikslų pavadinimą (auksinė nugarėlė),A3. Klasikos kanonas (pagal šalis),Kita klasika ir antologijos,K00066,Lentynoje,,,,,,,,,,,,
67.0,Eduard Mörike,Mozart's Journey to Prague and a Selection of Poems,Mozart auf der Reise nach Prag,Anglų,Penguin Classics,,Apysaka / poezija,Penguin Classics,,,"Spinta A, 3 lentyna",,A3. Klasikos kanonas (pagal šalis),Vokiečių klasika vertimuose,K00067,Lentynoje,,,,,,,,,,,,
68.0,Alfred de Musset,The Confession of a Child of the Century,La Confession d'un enfant du siècle,Anglų,Penguin Classics,,Romanas,Penguin Classics,,,"Spinta A, 3 lentyna",,A3. Klasikos kanonas (pagal šalis),Prancūzų klasika,K00068,Lentynoje,,,,,,,,,,,,
69.0,Laurence Sterne,"The Life and Opinions of Tristram Shandy, Gentleman",,Anglų,Penguin Classics,,Romanas,Penguin Classics,,,"Spinta A, 3 lentyna",,A3. Klasikos kanonas (pagal šalis),Anglų klasika,K00069,Lentynoje,,,,,,,,,,,,
70.0,Henri Murger,Scenes from the Latin Quarter,Scènes de la vie de bohème,Anglų,Capuchin Classics,,Romanas,Capuchin Classics,,,"Spinta A, 3 lentyna",,A3. Klasikos kanonas (pagal šalis),Prancūzų klasika,K00070,Lentynoje,,,,,,,,,,,,
71.0,Jean de La Fontaine,Selected Fables,Fables,Anglų,Penguin Classics,,Pasakėčios,Penguin Classics,,,"Spinta A, 3 lentyna",,C16. Vaikų literatūra ir pasakos,Vaikų knygos ir lavinimas,K00071,Lentynoje,,,,,,,,,,,,
72.0,François Rabelais,Gargantiua ir Pantagriuelis,Gargantua et Pantagruel,Lietuvių,,,Romanas / satyra,,,,"Spinta A, 3 lentyna",keli lietuviški leidimai (Vaga 1986 PLB Nr. 19; Jotema 2011) – neidentifikuota,A3. Klasikos kanonas (pagal šalis),Kita klasika ir antologijos ★ pora: originalas + vertimas,K00072,Lentynoje,,,,,,,,,2026-09-17 15:21:00,g@cool.lt,Paupio 2 aukštas,55.0
73.0,Ludovico Ariosto,Orlando Furioso,Orlando Furioso,Anglų,Oxford University Press,,Epinė poema,Oxford World's Classics,,,"Spinta A, 3 lentyna",,A2. Viduramžių ir tautų epai,,K00073,Lentynoje,,,,,,,,,,,,
74.0,Honoré de Balzac (Бальзак),Rinktinė,,Rusų,,,Proza,,,,"Spinta A, 3 lentyna",PATIKSLINTI tikslų pavadinimą (žalias rusiškas tomas),A4. Rusų lentyna (originalo k.),XIX a. klasika (Gogolis–Čechovas),K00074,Lentynoje,,,,,,,,,,,,
75.0,James Boswell,Besuch bei Rousseau und Voltaire,Boswell on the Grand Tour,Vokiečių,Europäische Verlagsanstalt,,Kelionių esė,,,,"Spinta A, 3 lentyna",,A5. Vokiškoji lentyna (originalo k.),,K00075,Lentynoje,,,,,,,,,,,,
76.0,Patrick Rambaud,Il neigeait,,Prancūzų,Le Livre de Poche,,Istorinis romanas,,,,"Spinta A, 3 lentyna",Nr. 15264,A3. Klasikos kanonas (pagal šalis),Kita klasika ir antologijos,K00076,Lentynoje,,,,,,,,,,,,
77.0,André Gide,La symphonie pastorale,,Prancūzų,Gallimard (Folio),,Apysaka,Folio,,,"Spinta A, 3 lentyna",,A6. XX a. modernizmas,,K00077,Lentynoje,,,,,,,,,,,,
78.0,Honoré de Balzac,Trisdešimties metų moteris,La Femme de trente ans,Lietuvių,,,Romanas,,,,"Spinta A, 3 lentyna",,A3. Klasikos kanonas (pagal šalis),Prancūzų klasika,K00078,Lentynoje,,,,,,,,,,,,
79.0,Daniel Defoe,Robinson Crusoe,,Prancūzų (?),Gallimard (Folio),,Romanas,Folio,,,"Spinta A, 3 lentyna",PATIKSLINTI kalbą (leidykla „folio“ — galimai prancūzų k.),A3. Klasikos kanonas (pagal šalis),Anglų klasika ★ pora: originalas + vertimas,K00079,Lentynoje,,,,,,,,,2026-09-17 15:21:00,g@cool.lt,Paupio 2 aukštas,57.0
80.0,Romain Gary,La vie devant soi,,Prancūzų,Gallimard (Folio),,Romanas,Folio,,,"Spinta A, 3 lentyna",Nr. 1362,B9. Šiuolaikinė pasaulio proza,Šiuolaikinis pasaulio romanas,K00080,Lentynoje,,,,,,,,,,,,
81.0,Apuleius,The Golden Ass,Metamorphoses (Asinus aureus),Anglų,Oxford University Press,,Romanas,Oxford World's Classics,,,"Spinta A, 3 lentyna",,A1. Antikos literatūra ir istorikai,,K00081,Lentynoje,,,,,,,,,,,,
82.0,Henrik Ibsen,Four Major Plays,,Anglų,Oxford University Press,,Dramaturgija,Oxford World's Classics,,,"Spinta A, 3 lentyna",,A3. Klasikos kanonas (pagal šalis),Šiaurės ir Vidurio Europos klasika,K00082,Lentynoje,,,,,,,,,,,,
83.0,Thomas De Quincey,Confessions of an English Opium-Eater,,Anglų,Oxford University Press,,Memuarai,Oxford World's Classics,,,"Spinta A, 3 lentyna",,E32. Biografijos ir memuarai,Asmenybės ir memuarai,K00083,Lentynoje,,,,,,,,,,,,
84.0,John Keats,Selected Poetry,,Anglų,Oxford University Press,,Poezija,Oxford World's Classics,,,"Spinta A, 3 lentyna",,A3. Klasikos kanonas (pagal šalis),Anglų klasika,K00084,Lentynoje,,,,,,,,,,,,
85.0,Laurence Sterne,A Sentimental Journey and Other Writings,,Anglų,Oxford University Press,,Proza,Oxford World's Classics,,,"Spinta A, 3 lentyna",,A3. Klasikos kanonas (pagal šalis),Anglų klasika,K00085,Lentynoje,,,,,,,,,,,,
86.0,Blaise Pascal,Pensées and Other Writings,Pensées,Anglų,Oxford University Press,,Filosofija,Oxford World's Classics,,,"Spinta A, 3 lentyna",,D19. Filosofijos klasika,Antika–Apšvieta,K00086,Lentynoje,,,,,,,,,,,,
87.0,Thomas Carlyle,Sartor Resartus,,Anglų,Oxford University Press,,Proza / filosofija,Oxford World's Classics,,,"Spinta A, 3 lentyna",,A3. Klasikos kanonas (pagal šalis),Anglų klasika,K00087,Lentynoje,,,,,,,,,,,,
88.0,Walter Scott,Ivanhoe,,Anglų,Oxford University Press,,Istorinis romanas,Oxford World's Classics,,,"Spinta A, 3 lentyna",,A3. Klasikos kanonas (pagal šalis),Anglų klasika,K00088,Lentynoje,,,,,,,,,,,,
89.0,Lord Byron,The Major Works,,Anglų,Oxford University Press,,Poezija / raštai,Oxford World's Classics,,,"Spinta A, 3 lentyna",,A3. Klasikos kanonas (pagal šalis),Anglų klasika,K00089,Lentynoje,,,,,,,,,,,,
90.0,Geoffrey Chaucer,The Canterbury Tales,,Anglų,Oxford University Press,,Poezija,Oxford World's Classics,,,"Spinta A, 3 lentyna",,A2. Viduramžių ir tautų epai,,K00090,Lentynoje,,,,,,,,,,,,
91.0,Thomas Carlyle,"On Heroes, Hero-Worship, and the Heroic in History",,Anglų,Yale University Press,,Esė / paskaitos,,,,"Spinta A, 3 lentyna",,A3. Klasikos kanonas (pagal šalis),Anglų klasika,K00091,Lentynoje,,,,,,,,,,,,
92.0,Judah Halevi,The Kuzari,Kitab al-Khazari,Anglų,,,Filosofija / teologija,,,,"Spinta A, 4 lentyna",,D21. Religijotyra ir šventraščiai,Krikščionybė ir religijotyra,K00092,Lentynoje,,,,,,,,,,,,
93.0,,Upanišados,Upaniṣad,Lietuvių,,,Religija / filosofija,,,,"Spinta A, 4 lentyna",Sudarytas rinkinys,D21. Religijotyra ir šventraščiai,Šventraščiai,K00093,Lentynoje,,,,,,,,,,,,
94.0,A. C. Bhaktivedanta Swami Prabhupada,"Bhagavad-gītā, kokia ji yra",Bhagavad-gītā As It Is,Lietuvių,The Bhaktivedanta Book Trust,,Religija,,,,"Spinta A, 4 lentyna",,D21. Religijotyra ir šventraščiai,Šventraščiai,K00094,Lentynoje,,,,,,,,,,,,
95.0,,Lehrreden des Gotama Buddha,,Vokiečių,Honos,,Religija (budizmas),,,,"Spinta A, 4 lentyna",Budos pamokymų rinkinys,D21. Religijotyra ir šventraščiai,Rytų religijos,K00095,Lentynoje,,,,,,,,,,,,
96.0,Michael J. Gelb,Norėčiau mokėti daryti stebuklus: Leonardo da Vinci (septyni žingsniai genijaus link),How to Think Like Leonardo da Vinci,Lietuvių,,,Saviugda,,,,"Spinta A, 4 lentyna",,D23. Psichologija ir saviugda,Saviugda,K00096,Lentynoje,,,,,,,,,,,,
97.0,Stendhal,Parmos vienuolynas,La Chartreuse de Parme,Lietuvių,Obuolys,,Romanas,Geriausia iš geriausių,,,"Spinta A, 4 lentyna",,A3. Klasikos kanonas (pagal šalis),Prancūzų klasika,K00097,Lentynoje,,,,,,,,,,,,
98.0,Gustave Flaubert,Ponia Bovari,Madame Bovary,Lietuvių,Obuolys,,Romanas,Geriausia iš geriausių,,,"Spinta A, 4 lentyna",,A3. Klasikos kanonas (pagal šalis),Prancūzų klasika,K00098,Lentynoje,,,,,,,,,,,,
99.0,,Старинные японские повести,,Rusų,,,Proza / antologija,,,,"Spinta A, 4 lentyna",Senosios japonų apysakos (rinkinys),A4. Rusų lentyna (originalo k.),XIX a. klasika (Gogolis–Čechovas),K00099,Lentynoje,,,,,,,,,,,,
100.0,,Selected Essays on Chinese Classic Novels,,Anglų,China Intercontinental Press,,Literatūros kritika,A Classic Chinese Reader,,,"Spinta A, 4 lentyna",,B9. Šiuolaikinė pasaulio proza,Šiuolaikinis pasaulio romanas,K00100,Lentynoje,,,,,,,,,,,,
101.0,Gustave Flaubert (Флобер),Rinktinė,,Rusų,,,Proza,,,,"Spinta A, 4 lentyna",PATIKSLINTI pavadinimą (padėta gulsčiai kairėje),A4. Rusų lentyna (originalo k.),XIX a. klasika (Gogolis–Čechovas),K00101,Lentynoje,,,,,,,,,,,,
103.0,,,,,,,,,,,"Spinta A, 4 lentyna",PATIKSLINTI: ant lentynos gulsčiai sudėtos knygos (juoda su HESSE lipduku; raudona auksuota; žalia su keltiniu ornamentu) — nugarėlės neįskaitomos,"X. Ūkinė zona: žinynai, vadovėliai, periodika",,K00103,Lentynoje,,,,,,,,,,,,
104.0,F. Scott Fitzgerald,The Great Gatsby,,Anglų,,,Romanas,,,,"Spinta A, 4 lentyna",nugarėlė iš dalies uždengta · PATIKSLINTI,A7. Prarastoji karta ir Amerikos XX a.,★ pora: originalas + vertimas,K00104,Lentynoje,,,,,,,,,2026-09-16 17:51:00,g@cool.lt,Paupio Žydriaus,1.0
106.0,George Meredith (Džordžas Mereditas),Rinktinė,,Lietuvių,,,Romanas,,,,"Spinta A, 4 lentyna",PATIKSLINTI tikslų pavadinimą,A3. Klasikos kanonas (pagal šalis),Anglų klasika,K00106,Lentynoje,,,,,,,,,,,,
107.0,Prosper Mérimée (P. Mérimé),Klaros Gasul teatras,Le Théâtre de Clara Gazul,Lietuvių,,,Dramaturgija,,,,"Spinta A, 4 lentyna",,A3. Klasikos kanonas (pagal šalis),Prancūzų klasika,K00107,Lentynoje,,,,,,,,,,,,
108.0,Michel de Montaigne,On Friendship,De l'amitié,Anglų,Penguin (Great Ideas),,Esė,Great Ideas,,,"Spinta A, 4 lentyna",,A3. Klasikos kanonas (pagal šalis),Kita klasika ir antologijos,K00108,Lentynoje,,,,,,,,,,,,
109.0,Jean-Jacques Rousseau (Ž. Ruso),Rinktinė,,Lietuvių,,,Proza / filosofija,,,,"Spinta A, 4 lentyna",PATIKSLINTI tikslų pavadinimą (ruda auksuota nugarėlė),A3. Klasikos kanonas (pagal šalis),Prancūzų klasika,K00109,Lentynoje,,,,,,,,,,,,
110.0,Émile Zola,Abato Mure nuodėmė,La Faute de l'abbé Mouret,Lietuvių,,,Romanas,Literatūros klasika,,,"Spinta A, 4 lentyna",Serijos Nr. 5,A3. Klasikos kanonas (pagal šalis),Prancūzų klasika,K00110,Lentynoje,,,,,,,,,,,,
111.0,Émile Zola,Spąstai,L'Assommoir,Lietuvių,,,Romanas,Literatūros klasika,,,"Spinta A, 4 lentyna",Serijos Nr. 7,A3. Klasikos kanonas (pagal šalis),Prancūzų klasika,K00111,Lentynoje,,,,,,,,,,,,
112.0,Honoré de Balzac,Eugenija Grandė,Eugénie Grandet,Lietuvių,,,Romanas,,,,"Spinta A, 4 lentyna",,A3. Klasikos kanonas (pagal šalis),Prancūzų klasika,K00112,Lentynoje,,,,,,,,,,,,
113.0,Charles Baudelaire,Selected Poems,Les Fleurs du mal (rinktinė),Anglų,,,Poezija,,,,"Spinta A, 4 lentyna",,A3. Klasikos kanonas (pagal šalis),Prancūzų klasika,K00113,Lentynoje,,,,,,,,,,,,
114.0,Guy de Maupassant,The Best Short Stories,,Anglų,Wordsworth Editions,,Apsakymai,,,,"Spinta A, 4 lentyna",,A3. Klasikos kanonas (pagal šalis),Prancūzų klasika,K00114,Lentynoje,,,,,,,,,,,,
115.0,August Strindberg (А. Стриндберг),Rinktinė,,Rusų,,,Proza / dramaturgija,,,,"Spinta A, 4 lentyna",PATIKSLINTI tikslų pavadinimą (raudona odinė nugarėlė),A4. Rusų lentyna (originalo k.),XIX a. klasika (Gogolis–Čechovas),K00115,Lentynoje,,,,,,,,,,,,
116.0,Jean-Jacques Rousseau,The Confessions,Les Confessions,Anglų,Wordsworth Editions,,Autobiografija,,,,"Spinta A, 4 lentyna",,E32. Biografijos ir memuarai,Asmenybės ir memuarai,K00116,Lentynoje,,,,,,,,,,,,
117.0,Paul Verlaine,Selected Poems,,Anglų,Oxford University Press,,Poezija,Oxford World's Classics,,,"Spinta A, 4 lentyna",,A3. Klasikos kanonas (pagal šalis),Prancūzų klasika,K00117,Lentynoje,,,,,,,,,,,,
118.0,Beaumarchais,The Figaro Trilogy,,Anglų,Oxford University Press,,Dramaturgija,Oxford World's Classics,,,"Spinta A, 4 lentyna",,A3. Klasikos kanonas (pagal šalis),Prancūzų klasika,K00118,Lentynoje,,,,,,,,,,,,
119.0,Théophile Gautier (Teofilis Gotjė),Kapitonas Frakasas,Le Capitaine Fracasse,Lietuvių,,,Romanas,,,,"Spinta A, 4 lentyna",,A3. Klasikos kanonas (pagal šalis),Prancūzų klasika,K00119,Lentynoje,,,,,,,,,,,,
120.0,Jens Peter Jacobsen (Jensas Peteris Jakobsenas),Nilsas Liungė,Niels Lyhne,Lietuvių,,,Romanas,,,,"Spinta A, 4 lentyna",,A3. Klasikos kanonas (pagal šalis),Šiaurės ir Vidurio Europos klasika,K00120,Lentynoje,,,,,,,,,,,,
121.0,Jean Racine,"Iphigenia, Phaedra and Athaliah",,Anglų,Penguin Classics,,Dramaturgija,Penguin Classics,,,"Spinta A, 4 lentyna",,A3. Klasikos kanonas (pagal šalis),Prancūzų klasika,K00121,Lentynoje,,,,,,,,,,,,
122.0,Guy de Maupassant,Mont-Oriol,Mont-Oriol,,,,Romanas,,,,"Spinta A, 4 lentyna","PATIKSLINTI kalbą (raudona odinė, padėta gulsčiai)",A3. Klasikos kanonas (pagal šalis),Prancūzų klasika,K00122,Lentynoje,,,,,,,,,,,,
123.0,,Воспоминание чувств,,Rusų,,,Proza,,,,"Spinta A, 4 lentyna","PATIKSLINTI autorių (žalia, padėta gulsčiai)",A4. Rusų lentyna (originalo k.),XIX a. klasika (Gogolis–Čechovas),K00123,Lentynoje,,,,,,,,,,,,
124.0,,,,,,,,,,,"Spinta A, 4 lentyna",PATIKSLINTI: smėlio spalvos knyga (tarp Beaumarchais ir Gotjė) — nugarėlė neįskaitoma,"X. Ūkinė zona: žinynai, vadovėliai, periodika",,K00124,Lentynoje,,,,,,,,,,,,
125.0,John Irving,Vandens metodas,The Water-Method Man,Lietuvių,,,Romanas,,,,"Spinta A, 5 lentyna",,B9. Šiuolaikinė pasaulio proza,Šiuolaikinis pasaulio romanas,K00125,Lentynoje,,,,,,,,,,,,
126.0,August Strindberg,Pamišėlio išpažintis,En dåres försvarstal,Lietuvių,baltos lankos,,Romanas,,,,"Spinta A, 5 lentyna",,A3. Klasikos kanonas (pagal šalis),Šiaurės ir Vidurio Europos klasika,K00126,Lentynoje,,,,,,,,,,,,
127.0,Per Olov Enquist,Rinktinė,,,,,Proza,,,,"Spinta A, 5 lentyna",PATIKSLINTI pavadinimą ir kalbą,B9. Šiuolaikinė pasaulio proza,Šiuolaikinis pasaulio romanas,K00127,Lentynoje,,,,,,,,,,,,
128.0,,Паноптикум города Пражского,,Rusų,,,Proza,,,,"Spinta A, 5 lentyna",PATIKSLINTI autorių,A4. Rusų lentyna (originalo k.),XIX a. klasika (Gogolis–Čechovas),K00128,Lentynoje,,,,,,,,,,,,
129.0,Luigi Pirandello,Rinktinė,,Lietuvių (?),,,Proza,,,,"Spinta A, 5 lentyna",PATIKSLINTI pavadinimą (violetinė nugarėlė),A6. XX a. modernizmas,,K00129,Lentynoje,,,,,,,,,,,,
130.0,,Tales of Iceland,,Anglų,,,Proza / antologija,,,,"Spinta A, 5 lentyna",PATIKSLINTI autorių/sudarytoją,A3. Klasikos kanonas (pagal šalis),Kita klasika ir antologijos,K00130,Lentynoje,,,,,,,,,,,,
131.0,Jean-Louis Curtis (Žanas Luji Kiurtisas),Rinktinė,,Lietuvių,,,Romanas,,,,"Spinta A, 5 lentyna",PATIKSLINTI pavadinimą,B9. Šiuolaikinė pasaulio proza,Šiuolaikinis pasaulio romanas,K00131,Lentynoje,,,,,,,,,,,,
132.0,Haruki Murakami,Hard-Boiled Wonderland and the End of the World,Sekai no owari to hādoboirudo wandārando,Anglų,,,Romanas,,,,"Spinta A, 5 lentyna",,B9. Šiuolaikinė pasaulio proza,Šiuolaikinis pasaulio romanas,K00132,Lentynoje,,,,,,,,,,,,
133.0,Julian Barnes,Flobero papūga,Flaubert's Parrot,Lietuvių,,,Romanas,,,,"Spinta A, 5 lentyna",,B9. Šiuolaikinė pasaulio proza,Šiuolaikinis pasaulio romanas,K00133,Lentynoje,,,,,,,,,,,,
134.0,Kingsley Amis,Everyday Drinking,,Anglų,,,Esė / negrožinė,,,,"Spinta A, 5 lentyna",,A3. Klasikos kanonas (pagal šalis),Kita klasika ir antologijos,K00134,Lentynoje,,,,,,,,,,,,
135.0,"Sud. David Remnick, Henry Finder",Fierce Pajamas: An Anthology of Humor Writing from The New Yorker,,Anglų,,,Humoras / antologija,The New Yorker,,,"Spinta A, 5 lentyna",,A3. Klasikos kanonas (pagal šalis),Kita klasika ir antologijos,K00135,Lentynoje,,,,,,,,,,,,
136.0,John Lloyd; John Mitchinson,The Book of General Ignorance,,Anglų,,,Negrožinė / faktai,QI,,,"Spinta A, 5 lentyna",,B9. Šiuolaikinė pasaulio proza,Šiuolaikinis pasaulio romanas,K00136,Lentynoje,,,,,,,,,,,,
137.0,Mark Stevenson,An Optimist's Tour of the Future,,Anglų,,,Negrožinė / mokslas,,,,"Spinta A, 5 lentyna",,F36. Mokslo ir idėjų istorija,,K00137,Lentynoje,,,,,,,,,,,,
138.0,William Makepeace Thackeray,The Book of Snobs,,Anglų,,,Satyra / esė,,,,"Spinta A, 5 lentyna",,A3. Klasikos kanonas (pagal šalis),Anglų klasika,K00138,Lentynoje,,,,,,,,,,,,
139.0,Richard Dawkins,The Greatest Show on Earth,,Anglų,,,Mokslo populiarinimas,,,,"Spinta A, 5 lentyna",,F35. Gyvybės mokslai ir evoliucija,,K00139,Lentynoje,,,,,,,,,,,,
140.0,,Topsy-Turvy World,,Anglų,,,Antologija,,,,"Spinta A, 5 lentyna",Padėta gulsčiai ant lentynos viršaus. PATIKSLINTI,A3. Klasikos kanonas (pagal šalis),Kita klasika ir antologijos,K00140,Lentynoje,,,,,,,,,,,,
141.0,,,,,,,,,,,"Spinta A, 5 lentyna",PATIKSLINTI: dar keli maži įrašai (geltonas su „XI“; raudonas „novelės“; „Pusiau/Sally“; raudonas „GREEN“ — galimai Graham Greene). Reikia ryškesnės nuotraukos,"X. Ūkinė zona: žinynai, vadovėliai, periodika",,K00141,Lentynoje,,,,,,,,,,,,
142.0,Gottfried Keller,Der grüne Heinrich,,Vokiečių,,,Romanas,,,,"Spinta A, 6 lentyna",PATIKSLINTI (nugarėlė iš dalies matoma),A5. Vokiškoji lentyna (originalo k.),,K00142,Lentynoje,,,,,,,,,,,,
143.0,Thomas Mann,Der Zauberberg,,Vokiečių,,,Romanas,,,,"Spinta A, 6 lentyna",,A5. Vokiškoji lentyna (originalo k.),,K00143,Lentynoje,,,,,,,,,,,,
144.0,Adalbert Stifter,Der Nachsommer,,Vokiečių,Albatros,,Romanas,,,,"Spinta A, 6 lentyna",,A5. Vokiškoji lentyna (originalo k.),,K00144,Lentynoje,,,,,,,,,,,,
145.0,Voltaire,Das Zeitalter Ludwigs XIV.,Le Siècle de Louis XIV,Vokiečių,Borowsky,,Istorija,,,,"Spinta A, 6 lentyna",,A5. Vokiškoji lentyna (originalo k.),,K00145,Lentynoje,,,,,,,,,,,,
146.0,Wolfram von Eschenbach,Parzival,,Vokiečių,,,Epinė poema,,,,"Spinta A, 6 lentyna",,A2. Viduramžių ir tautų epai,,K00146,Lentynoje,,,,,,,,,,,,
147.0,Hermann Hesse,Das Glasperlenspiel,,Vokiečių,,,Romanas,,,,"Spinta A, 6 lentyna",Stiklo karoliukų žaidimas,A5. Vokiškoji lentyna (originalo k.),,K00147,Lentynoje,,,,,,,,,,,,
148.0,Wolfgang Amadeus Mozart,Briefe,,Vokiečių,marixverlag,,Laiškai,,,,"Spinta A, 6 lentyna",,A5. Vokiškoji lentyna (originalo k.),,K00148,Lentynoje,,,,,,,,,,,,
149.0,,Klassische Upanishaden,,Vokiečių,,,Religija / filosofija,,,,"Spinta A, 6 lentyna",,D21. Religijotyra ir šventraščiai,Krikščionybė ir religijotyra,K00149,Lentynoje,,,,,,,,,,,,
150.0,Walther von der Vogelweide,Lieder und Gedichte,,Vokiečių,Anaconda,,Poezija,,,,"Spinta A, 6 lentyna",Nr. 15,A5. Vokiškoji lentyna (originalo k.),,K00150,Lentynoje,,,,,,,,,,,,
151.0,,Briefwechsel Schiller–Goethe (2 tomas),,Vokiečių,,,Laiškai / korespondencija,,,,"Spinta A, 6 lentyna","Schillerio ir Goethe's susirašinėjimas, II t.",A5. Vokiškoji lentyna (originalo k.),,K00151,Lentynoje,,,,,,,,,,,,
152.0,Eberhard Hilscher,Thomas Mann,,Vokiečių,,,Biografija,,,,"Spinta A, 6 lentyna",,E32. Biografijos ir memuarai,Asmenybės ir memuarai,K00152,Lentynoje,,,,,,,,,,,,
153.0,,,,,,,,,,,"Spinta A, 6 lentyna",PATIKSLINTI: smėlio spalvos apiplyšusi knyga (su HESSE lipduku) — nugarėlė neįskaitoma,"X. Ūkinė zona: žinynai, vadovėliai, periodika",,K00153,Lentynoje,,,,,,,,,,,,
155.0,Rabindranath Tagore (Rabindranatas Tagorė),Atsisveikinimas,,Lietuvių,,,Proza,,,,"Spinta A, 5 lentyna",PATIKSLINTI tikslų pavadinimą,A3. Klasikos kanonas (pagal šalis),Kita klasika ir antologijos,K00155,Lentynoje,,,,,,,,,,,,
156.0,,Amerikiečių novelės,,Lietuvių,,,Apsakymai / antologija,,,,"Spinta A, 5 lentyna",Sudaryta antologija,A3. Klasikos kanonas (pagal šalis),Kita klasika ir antologijos,K00156,Lentynoje,,,,,,,,,,,,
157.0,Pedro Calderón de la Barca,Gyvenimas – tai sapnas,La vida es sueño,Lietuvių,,,Dramaturgija,,,,"Spinta A, 5 lentyna",,A3. Klasikos kanonas (pagal šalis),Italų ir ispanų klasika,K00157,Lentynoje,,,,,,,,,,,,
158.0,Haruki Murakami,Страна чудес без тормозов и Конец Света,Sekai no owari to hādoboirudo wandārando,Rusų,Эксмо,,Romanas,,,,"Spinta A, 5 lentyna",PATIKSLINTI: gali sutapti su Nr. 132 (tas pats kūrinys kita kalba),B9. Šiuolaikinė pasaulio proza,Šiuolaikinis pasaulio romanas,K00158,Lentynoje,,,,,,,,,,,,
159.0,Gabriel García Márquez,El otoño del patriarca,,Ispanų,Norma,,Romanas,,,,"Spinta A, 5 lentyna",Patriarcho ruduo,B9. Šiuolaikinė pasaulio proza,Nobelio laureatai,K00159,Lentynoje,,,,,,,,,,,,
160.0,Johann Gottfried Herder,Abhandlung über den Ursprung der Sprache,,Vokiečių,Reclam,,Esė / kalbotyra,Universal-Bibliothek,,,"Spinta A, 7 lentyna",Reclam Nr. 8729,A5. Vokiškoji lentyna (originalo k.),,K00160,Lentynoje,,,,,,,,,,,,
161.0,Friedrich Hebbel,Maria Magdalena,,Vokiečių,Reclam,,Drama,Universal-Bibliothek,,,"Spinta A, 7 lentyna",Reclam Nr. 7470. Autorių patikslinti,A5. Vokiškoji lentyna (originalo k.),,K00161,Lentynoje,,,,,,,,,,,,
162.0,Gottfried Keller,Kleider machen Leute,,Vokiečių,Reclam,,Apysaka,Universal-Bibliothek,,,"Spinta A, 7 lentyna",Reclam Nr. 3173,A5. Vokiškoji lentyna (originalo k.),,K00162,Lentynoje,,,,,,,,,,,,
163.0,Christian Reuter,Schelmuffsky,,Vokiečių,Reclam,,Romanas / satyra,Universal-Bibliothek,,,"Spinta A, 7 lentyna",PATIKSLINTI autorių,A5. Vokiškoji lentyna (originalo k.),,K00163,Lentynoje,,,,,,,,,,,,
164.0,Nikolaus Lenau,Gedichte (rinktinė),,Vokiečių,Reclam,,Poezija,Universal-Bibliothek,,,"Spinta A, 7 lentyna",Reclam Nr. 4343. Tikslų pavadinimą patikslinti,A5. Vokiškoji lentyna (originalo k.),,K00164,Lentynoje,,,,,,,,,,,,
165.0,Martin Luther,An den christlichen Adel deutscher Nation (Studienausgabe),,Vokiečių,Reclam,,Teologija / esė,Universal-Bibliothek,,,"Spinta A, 7 lentyna",,A5. Vokiškoji lentyna (originalo k.),,K00165,Lentynoje,,,,,,,,,,,,
166.0,Friedrich Gottlieb Klopstock,Rinktinė,,Vokiečių,Reclam,,Poezija,Universal-Bibliothek,,,"Spinta A, 7 lentyna",Reclam Nr. 19300. Tikslų pavadinimą patikslinti,A5. Vokiškoji lentyna (originalo k.),,K00166,Lentynoje,,,,,,,,,,,,
168.0,Christoph Martin Wieland,Die Geschichte der Abderiten,,Vokiečių,Reclam,,Romanas / satyra,Universal-Bibliothek,,,"Spinta A, 7 lentyna",Reclam Nr. 559,A5. Vokiškoji lentyna (originalo k.),,K00168,Lentynoje,,,,,,,,,,,,
169.0,Joseph von Eichendorff,Gedichte,,Vokiečių,Reclam,,Poezija,Universal-Bibliothek,,,"Spinta A, 7 lentyna",Reclam Nr. 240,A5. Vokiškoji lentyna (originalo k.),,K00169,Lentynoje,,,,,,,,,,,,
170.0,Georg Büchner,Werke,,Vokiečių,,,Dramaturgija / proza,,,,"Spinta A, 7 lentyna",PATIKSLINTI tikslų pavadinimą (žalias tomas),A5. Vokiškoji lentyna (originalo k.),,K00170,Lentynoje,,,,,,,,,,,,
171.0,,,,,,,,,,,"Spinta A, 7 lentyna","PATIKSLINTI: dar keli geltoni Reclam tomeliai (Nr. 331, 1524 ir „Faust“) — pavadinimai iš dalies matomi","X. Ūkinė zona: žinynai, vadovėliai, periodika",,K00171,Lentynoje,,,,,,,,,,,,
172.0,Jean Paul,Titan,,Vokiečių,,,Romanas,,,,"Spinta A, 8 lentyna (apatinė)",,A5. Vokiškoji lentyna (originalo k.),,K00172,Lentynoje,,,,,,,,,,,,
173.0,Friedrich Schiller,Gedichte,,Vokiečių,,,Poezija,,,,"Spinta A, 8 lentyna (apatinė)",PATIKSLINTI (gotikinis šriftas),A5. Vokiškoji lentyna (originalo k.),,K00173,Lentynoje,,,,,,,,,,,,
174.0,Johann Wolfgang von Goethe,Briefe an Frau von Stein,,Vokiečių,,,Laiškai,,,,"Spinta A, 8 lentyna (apatinė)",,A5. Vokiškoji lentyna (originalo k.),,K00174,Lentynoje,,,,,,,,,,,,
175.0,Johann Wolfgang von Goethe,Faust I,,Vokiečių,,,Drama / poema,,,,"Spinta A, 8 lentyna (apatinė)",„G Klassiker“ leidimas,A5. Vokiškoji lentyna (originalo k.),,K00175,Lentynoje,,,,,,,,,,,,
176.0,Carlo Gozzi,Unnütze Erinnerungen (Memoiren),Memorie inutili,Vokiečių,,,Memuarai,,,,"Spinta A, 8 lentyna (apatinė)",,E32. Biografijos ir memuarai,Asmenybės ir memuarai,K00176,Lentynoje,,,,,,,,,,,,
177.0,Jeremias Gotthelf,Uli der Knecht,,Vokiečių,,,Romanas,Deutsche Klassiker,,,"Spinta A, 8 lentyna (apatinė)",,A5. Vokiškoji lentyna (originalo k.),,K00177,Lentynoje,,,,,,,,,,,,
178.0,Gottfried Keller,Die Leute von Seldwyla,,Vokiečių,,,Apysakos,,,,"Spinta A, 8 lentyna (apatinė)",,A3. Klasikos kanonas (pagal šalis),Vokiečių klasika vertimuose,K00178,Lentynoje,,,,,,,,,,,,
179.0,H. J. C. von Grimmelshausen,Der abenteuerliche Simplicissimus,,Vokiečių,,,Romanas,,,,"Spinta A, 8 lentyna (apatinė)",Nr. 307,A5. Vokiškoji lentyna (originalo k.),,K00179,Lentynoje,,,,,,,,,,,,
180.0,,I Ging (Yijing / Permainų knyga),易經,Vokiečių,Anaconda,,Filosofija / religija,,,,"Spinta A, 8 lentyna (apatinė)",,A5. Vokiškoji lentyna (originalo k.),,K00180,Lentynoje,,,,,,,,,,,,
181.0,,Griechenland,,Vokiečių,Die Blauen Führer,,Kelionių vadovas,Die Blauen Führer,,,"Spinta A, 8 lentyna (apatinė)",Kelionių vadovas po Graikiją,"H47. Kelionės, atlasai, geografija",Kelionių literatūra,K00181,Lentynoje,,,,,,,,,,,,
182.0,Friedrich Hölderlin,Gedichte,,Vokiečių,Insel Verlag,,Poezija,insel taschenbuch,,,"Spinta A, 8 lentyna (apatinė)",it 700 (skiriasi nuo Nr. 167 „Hyperion“),A5. Vokiškoji lentyna (originalo k.),,K00182,Lentynoje,,,,,,,,,,,,
183.0,Franz Kafka,Erzählungen,,Vokiečių,Insel Verlag,,Apsakymai,insel taschenbuch,,,"Spinta A, 8 lentyna (apatinė)","vokiškas leidimas, Nr. 700 · daug vokiškų rinkinių pavadinimu „Erzählungen“ (Schocken, Fischer, Reclam ir kt.) — konkretus leidimas nenustatytas, todėl palikta tuščia",A5. Vokiškoji lentyna (originalo k.),,K00183,Lentynoje,,,,,,,,,2026-09-16 17:51:00,g@cool.lt,Paupio 2 aukštas,29.0
184.0,Heinrich Heine,Buch der Lieder,,Vokiečių,,,Poezija,,,,"Spinta A, 8 lentyna (apatinė)",PATIKSLINTI,A5. Vokiškoji lentyna (originalo k.),,K00184,Lentynoje,,,,,,,,,,,,
185.0,Johann Gottfried Herder,Werke (1 tomas),,Vokiečių,,,Rinktiniai raštai,,,,"Spinta A, 8 lentyna (apatinė)","Odinis daugiatomis, 1 t.",A3. Klasikos kanonas (pagal šalis),Vokiečių klasika vertimuose,K00185,Lentynoje,,,,,,,,,,,,
186.0,,,,,,,,,,,"Spinta A, 8 lentyna (apatinė)",PATIKSLINTI: greta „Briefe an Frau von Stein“ – ruda „Goethe · Fa…“ (galimai „Faustas“; gali dubliuotis su Nr. 175),"X. Ūkinė zona: žinynai, vadovėliai, periodika",,K00186,Lentynoje,,,,,,,,,,,,
187.0,,,,,,,,,,,"Spinta A, 8 lentyna (apatinė)",PATIKSLINTI: keli tamsūs/odiniai tomai gotikiniu šriftu (tarp jų žalias su ornamentu) — nugarėlės neįskaitomos,"X. Ūkinė zona: žinynai, vadovėliai, periodika",,K00187,Lentynoje,,,,,,,,,,,,
188.0,Friedrich Hebbel (?),Werke,,Vokiečių,Bibliothek Deutscher Klassiker (BDK),,Rinktiniai raštai,BDK,,,"Spinta A, 8 lentyna (apatinė)",PATIKSLINTI autorių (nugarėlėje „HEBEL/HEBBEL“). Odinis BDK,A5. Vokiškoji lentyna (originalo k.),,K00188,Lentynoje,,,,,,,,,,,,
189.0,Wilhelm Hauff,Werke (1 tomas),,Vokiečių,Bibliothek Deutscher Klassiker (BDK),,Rinktiniai raštai,BDK,,,"Spinta A, 8 lentyna (apatinė)","Odinis BDK, 1 t.",A5. Vokiškoji lentyna (originalo k.),,K00189,Lentynoje,,,,,,,,,,,,
190.0,Wilhelm Hauff,Werke (2 tomas),,Vokiečių,Bibliothek Deutscher Klassiker (BDK),,Rinktiniai raštai,BDK,,,"Spinta A, 8 lentyna (apatinė)","Odinis BDK, 2 t.",A5. Vokiškoji lentyna (originalo k.),,K00190,Lentynoje,,,,,,,,,,,,
191.0,Konfucijus (Konfuzius),Gespräche (Lun Yu),論語,Vokiečių,Reclam,,Filosofija,Universal-Bibliothek,,,"Spinta A, 8 lentyna (apatinė)",Reclam Nr. 888,A5. Vokiškoji lentyna (originalo k.),★ pora: originalas + vertimas,K00191,Lentynoje,,,,,,,,,,,,
192.0,Heinrich Heine,Italienische Reisebilder,,Vokiečių,Reclam,,Kelionių proza,Universal-Bibliothek,,,"Spinta A, 8 lentyna (apatinė)",Reclam Nr. 149,A5. Vokiškoji lentyna (originalo k.),,K00192,Lentynoje,,,,,,,,,,,,
193.0,Ludwig Tieck,Straußfedern,,Vokiečių,,,Proza,,,,"Spinta A, 8 lentyna (apatinė)",,A5. Vokiškoji lentyna (originalo k.),,K00193,Lentynoje,,,,,,,,,,,,
194.0,Daniel Defoe,Moll Flanders,,Vokiečių,Sammlung Dieterich,,Romanas,Sammlung Dieterich,,,"Spinta A, 8 lentyna (apatinė)",,A5. Vokiškoji lentyna (originalo k.),,K00194,Lentynoje,,,,,,,,,,,,
195.0,Achim von Arnim; Clemens Brentano,Des Knaben Wunderhorn,,Vokiečių,Insel Verlag,,Poezija / dainos,insel taschenbuch,,,"Spinta A, 8 lentyna (apatinė)",Liaudies dainų rinkinys,B11. SF aukso amžius,,K00195,Lentynoje,,,,,,,,,,,,
196.0,Alain-René Le Sage,Gil Blas,Histoire de Gil Blas de Santillane,Vokiečių,Insel Verlag,,Romanas,insel taschenbuch,,,"Spinta A, 8 lentyna (apatinė)",,A5. Vokiškoji lentyna (originalo k.),,K00196,Lentynoje,,,,,,,,,,,,
197.0,,Das Nibelungenlied,,Vokiečių,Sammlung Dieterich,,Epas,Sammlung Dieterich,,,"Spinta A, 8 lentyna (apatinė)",Viduramžių epas,A2. Viduramžių ir tautų epai,,K00197,Lentynoje,,,,,,,,,,,,
198.0,Voltaire (Вольтер),Философские повести; Орлеанская девственница,,Rusų,,,Proza / poema,,,,"Spinta A, 8 lentyna (apatinė)",„Filosofinės apysakos; Orleano mergelė“,A4. Rusų lentyna (originalo k.),XIX a. klasika (Gogolis–Čechovas),K00198,Lentynoje,,,,,,,,,,,,
199.0,,,,,,,,,,,"Spinta A, 8 lentyna (apatinė)",PATIKSLINTI: 8 lentynos dešinėje smėlio spalvos knyga su HESSE lipduku — nugarėlė neįskaitoma,"X. Ūkinė zona: žinynai, vadovėliai, periodika",,K00199,Lentynoje,,,,,,,,,,,,
200.0,Nikolajus Gogolis (Н. В. Гоголь),Избранные сочинения,,Rusų,,,Proza,,,,"Spinta B, 1 lentyna (viršutinė)",Odinis leidimas,A4. Rusų lentyna (originalo k.),XIX a. klasika (Gogolis–Čechovas),K00200,Lentynoje,,,,,,,,,,,,
201.0,Levas Tolstojus (Л. Н. Толстой),Rinktinė,,Rusų,,,Proza,,,,"Spinta B, 1 lentyna (viršutinė)",PATIKSLINTI tikslų pavadinimą,A4. Rusų lentyna (originalo k.),XIX a. klasika (Gogolis–Čechovas),K00201,Lentynoje,,,,,,,,,,,,
202.0,Michailas Saltykovas-Ščedrinas,История одного города,,Rusų,,,Romanas / satyra,,,,"Spinta B, 1 lentyna (viršutinė)",,A4. Rusų lentyna (originalo k.),XIX a. klasika (Gogolis–Čechovas),K00202,Lentynoje,,,,,,,,,,,,
203.0,Antonas Čechovas (А. П. Чехов),Толстый и тонкий. Рассказы,,Rusų,,,Apsakymai,,,,"Spinta B, 1 lentyna (viršutinė)",,A4. Rusų lentyna (originalo k.),XIX a. klasika (Gogolis–Čechovas),K00203,Lentynoje,,,,,,,,,,,,
204.0,Konstantinas Simonovas (K. Simonovas),Gyvieji ir mirusieji,Живые и мёртвые,Lietuvių,,,Romanas,,,,"Spinta B, 1 lentyna (viršutinė)",,A3. Klasikos kanonas (pagal šalis),Kita klasika ir antologijos,K00204,Lentynoje,,,,,,,,,,,,
205.0,Aleksandras Puškinas,Евгений Онегин,,Rusų,,,Poema / romanas eiliuotas,,,,"Spinta B, 1 lentyna (viršutinė)",,A4. Rusų lentyna (originalo k.),XIX a. klasika (Gogolis–Čechovas),K00205,Lentynoje,,,,,,,,,,,,
206.0,Aleksandras Blokas (Александр Блок),Rinktinė,,Rusų,,,Poezija,,,,"Spinta B, 1 lentyna (viršutinė)",PATIKSLINTI tikslų pavadinimą,A4. Rusų lentyna (originalo k.),Sidabro amžius ir poezija,K00206,Lentynoje,,,,,,,,,,,,
207.0,Sergejus Jeseninas (Сергей Есенин),Сочинения (1 tomas),,Rusų,Азбука,,Poezija,,,,"Spinta B, 1 lentyna (viršutinė)",,A4. Rusų lentyna (originalo k.),Sidabro amžius ir poezija,K00207,Lentynoje,,,,,,,,,,,,
208.0,,Русский эротический фольклор,,Rusų,,,Folkloras / antologija,,,,"Spinta B, 1 lentyna (viršutinė)",,A4. Rusų lentyna (originalo k.),XIX a. klasika (Gogolis–Čechovas),K00208,Lentynoje,,,,,,,,,,,,
209.0,Michailas Saltykovas-Ščedrinas,Мелочи жизни,,Rusų,,,Proza,,,,"Spinta B, 1 lentyna (viršutinė)",PATIKSLINTI autorių,A4. Rusų lentyna (originalo k.),XIX a. klasika (Gogolis–Čechovas),K00209,Lentynoje,,,,,,,,,,,,
210.0,Nikolajus Gogolis,Повести; Ревизор,,Rusų,,,Proza / drama,,,,"Spinta B, 1 lentyna (viršutinė)",,A4. Rusų lentyna (originalo k.),XIX a. klasika (Gogolis–Čechovas),K00210,Lentynoje,,,,,,,,,,,,
211.0,Borisas Pasternakas,Rinktinė,,Lietuvių,,,Poezija / proza,Nobelio premijos laureatai,,,"Spinta B, 1 lentyna (viršutinė)",PATIKSLINTI tikslų pavadinimą,A3. Klasikos kanonas (pagal šalis),Kita klasika ir antologijos,K00211,Lentynoje,,,,,,,,,,,,
212.0,Borisas Pasternakas,Daktaras Živaga,Доктор Живаго,Lietuvių,,,Romanas,,,,"Spinta B, 1 lentyna (viršutinė)",,A3. Klasikos kanonas (pagal šalis),Kita klasika ir antologijos ★ pora: originalas + vertimas,K00212,Lentynoje,,,,,,,,,,,,
213.0,Michailas Bulgakovas,Романы. Повести. Рассказы,,Rusų,,,Proza,,,,"Spinta B, 1 lentyna (viršutinė)",,A4. Rusų lentyna (originalo k.),XX a. klasika,K00213,Lentynoje,,,,,,,,,,,,
214.0,Josifas Brodskis (Иосиф Бродский),Rinktinė,,Rusų,,,Poezija,,,,"Spinta B, 1 lentyna (viršutinė)",PATIKSLINTI tikslų pavadinimą,A4. Rusų lentyna (originalo k.),Sidabro amžius ir poezija,K00214,Lentynoje,,,,,,,,,,,,
215.0,Aleksejus N. Tolstojus,Гиперболоид инженера Гарина,,Rusų,,,Mokslinė fantastika,,,,"Spinta B, 1 lentyna (viršutinė)",,B12. Šiuolaikinė SF ir fantasy,Fantasy ir SF įvairenybės,K00215,Lentynoje,,,,,,,,,,,,
216.0,Šota Rustavelis,Витязь в тигровой шкуре,ვეფხისტყაოსანი,Rusų,,,Epinė poema,,,,"Spinta B, 1 lentyna (viršutinė)",Karžygys tigro kailyje,A2. Viduramžių ir tautų epai,,K00216,Lentynoje,,,,,,,,,,,,
217.0,Ivanas Gončarovas,Обломов,,Rusų,Азбука-классика,,Romanas,,,,"Spinta B, 1 lentyna (viršutinė)",,A4. Rusų lentyna (originalo k.),XIX a. klasika (Gogolis–Čechovas),K00217,Lentynoje,,,,,,,,,,,,
218.0,Michailas Bulgakovas,"Полное собрание романов, повестей и рассказов в одном томе",,Rusų,Альфа-книга,,Proza,,,,"Spinta B, 1 lentyna (viršutinė)",,A4. Rusų lentyna (originalo k.),XX a. klasika,K00218,Lentynoje,,,,,,,,,,,,
219.0,Fiodoras Dostojevskis,Преступление и наказание,,Rusų,,,Romanas,,,,"Spinta B, 1 lentyna (viršutinė)",Nusikaltimas ir bausmė,A4. Rusų lentyna (originalo k.),XIX a. klasika (Gogolis–Čechovas),K00219,Lentynoje,,,,,,,,,,,,
220.0,Fiodoras Dostojevskis,Братья Карамазовы,,Rusų,,,Romanas,,,,"Spinta B, 1 lentyna (viršutinė)",Broliai Karamazovai,A4. Rusų lentyna (originalo k.),XIX a. klasika (Gogolis–Čechovas),K00220,Lentynoje,,,,,,,,,,,,
221.0,Fiodoras Dostojevskis (Ф. М. Достоевский),Собрание сочинений (6 tomas),,Rusų,,,Proza,,,,"Spinta B, 1 lentyna (viršutinė)","Daugiatomis, 6 t.",A4. Rusų lentyna (originalo k.),XIX a. klasika (Gogolis–Čechovas),K00221,Lentynoje,,,,,,,,,,,,
222.0,Fiodoras Dostojevskis (Ф. М. Достоевский),Собрание сочинений (7 tomas),,Rusų,,,Proza,,,,"Spinta B, 1 lentyna (viršutinė)","Daugiatomis, 7 t.",A4. Rusų lentyna (originalo k.),XIX a. klasika (Gogolis–Čechovas),K00222,Lentynoje,,,,,,,,,,,,
223.0,Aleksandras Puškinas (А. С. Пушкин),Сочинения (2 tomas),,Rusų,,,Poezija / proza,,,,"Spinta B, 1 lentyna (viršutinė)","Odinis daugiatomis, 2 t.",A4. Rusų lentyna (originalo k.),XIX a. klasika (Gogolis–Čechovas),K00223,Lentynoje,,,,,,,,,,,,
224.0,Ivanas Lažečnikovas (И. И. Лажечников),Ледяной дом,,Rusų,,,Istorinis romanas,,,,"Spinta B, 1 lentyna (viršutinė)",Padėta gulsčiai ant viršaus,A4. Rusų lentyna (originalo k.),XIX a. klasika (Gogolis–Čechovas),K00224,Lentynoje,,,,,,,,,,,,
225.0,Vladimiras Nabokovas,Другие берега,,Rusų,,,Autobiografija,,,,"Spinta B, 1 lentyna (viršutinė)",Padėta gulsčiai ant viršaus,A4. Rusų lentyna (originalo k.),XX a. klasika,K00225,Lentynoje,,,,,,,,,,,,
226.0,Dante Alighieri,Rinktinė,,Italų (?),,,Poezija,,,,"Spinta B, 2 lentyna",PATIKSLINTI pavadinimą ir kalbą (kremo spalvos nugarėlė),A3. Klasikos kanonas (pagal šalis),Italų ir ispanų klasika,K00226,Lentynoje,,,,,,,,,,,,
227.0,Euripidas,"Tragedijos (Trojietės, Hekabė, Andromachė)",,Lietuvių,Mintis,,Dramaturgija,,,,"Spinta B, 2 lentyna",,A1. Antikos literatūra ir istorikai,,K00227,Lentynoje,,,,,,,,,,,,
228.0,Plautas,Komedijos,,Lietuvių,,,Dramaturgija,,,,"Spinta B, 2 lentyna",,A1. Antikos literatūra ir istorikai,,K00228,Lentynoje,,,,,,,,,,,,
229.0,,Antikos poetės,,Lietuvių,,,Poezija / antologija,,,,"Spinta B, 2 lentyna",Antikos poečių rinktinė,A3. Klasikos kanonas (pagal šalis),Kita klasika ir antologijos,K00229,Lentynoje,,,,,,,,,,,,
230.0,,Poetinė Eda,,Lietuvių,aidai,,Epinė poezija,,,,"Spinta B, 2 lentyna",Poetinė (vyresnioji) Eda,A2. Viduramžių ir tautų epai,,K00230,Lentynoje,,,,,,,,,,,,
231.0,Gotfrydas fon Strasburgas (Gottfried von Strassburg),Tristan,,Anglų,Penguin Classics,,Epinė poema,Penguin Classics,,,"Spinta B, 2 lentyna",,A2. Viduramžių ir tautų epai,,K00231,Lentynoje,,,,,,,,,,,,
232.0,Petronijus,Satyrikonas,Satyricon,Lietuvių,aidai,,Romanas / satyra,,,,"Spinta B, 2 lentyna",,A1. Antikos literatūra ir istorikai,,K00232,Lentynoje,,,,,,,,,,,,
233.0,Horacijus (Horatius),Ars Poetica,Ars Poetica,Lietuvių,,,Poetika / esė,,,,"Spinta B, 2 lentyna",PATIKSLINTI kalbą,A1. Antikos literatūra ir istorikai,,K00233,Lentynoje,,,,,,,,,,,,
234.0,Epiktetas,Rinktinė,,Lietuvių,,,Filosofija,,,,"Spinta B, 2 lentyna",PATIKSLINTI tikslų pavadinimą,D19. Filosofijos klasika,Antika–Apšvieta,K00234,Lentynoje,,,,,,,,,,,,
235.0,Lukianas (Lucianas),Rinktinė,,Lietuvių,,,Satyra / proza,,,,"Spinta B, 2 lentyna",PATIKSLINTI tikslų pavadinimą,A1. Antikos literatūra ir istorikai,,K00235,Lentynoje,,,,,,,,,,,,
236.0,Ksenofontas,Rinktinė,,Lietuvių,,,Istorija / proza,,,,"Spinta B, 2 lentyna",PATIKSLINTI tikslų pavadinimą,A1. Antikos literatūra ir istorikai,,K00236,Lentynoje,,,,,,,,,,,,
237.0,,Liebesdichtung der Griechen und Römer,,Vokiečių,,,Poezija / antologija,,,,"Spinta B, 2 lentyna",Graikų ir romėnų meilės poezija,A5. Vokiškoji lentyna (originalo k.),,K00237,Lentynoje,,,,,,,,,,,,
238.0,Francesco Petrarca,Il Canzoniere,,Italų,,,Poezija,,,,"Spinta B, 2 lentyna",Nr. 785–788 (b.U.R.),A3. Klasikos kanonas (pagal šalis),Prancūzų klasika,K00238,Lentynoje,,,,,,,,,,,,
239.0,Francesco Petrarca,Selections from the Canzoniere and Other Works,,Anglų,Oxford University Press,,Poezija,Oxford World's Classics,,,"Spinta B, 2 lentyna",,A3. Klasikos kanonas (pagal šalis),Prancūzų klasika,K00239,Lentynoje,,,,,,,,,,,,
240.0,François Fénelon (Франсуа Фенелон),Приключения Телемака,Les Aventures de Télémaque,Rusų,,,Romanas,,,,"Spinta B, 2 lentyna",Телемах,A4. Rusų lentyna (originalo k.),XIX a. klasika (Gogolis–Čechovas),K00240,Lentynoje,,,,,,,,,,,,
241.0,Aurelijus Augustinas (Аврелий Августин),Исповедь,Confessiones,Rusų,,,Filosofija / teologija,,,,"Spinta B, 2 lentyna",Išpažinimai. Odinis leidimas,D21. Religijotyra ir šventraščiai,Krikščionybė ir religijotyra ★ pora: originalas + vertimas,K00241,Lentynoje,,,,,,,,,,,,
242.0,,Historie von Alexander dem Grossen,,Vokiečių,,,Proza / istorija,,,,"Spinta B, 2 lentyna",Nr. 625,A5. Vokiškoji lentyna (originalo k.),,K00242,Lentynoje,,,,,,,,,,,,
243.0,Anatolijus Varšavskis,Rinktinė,,Lietuvių,,,Negrožinė,,,,"Spinta B, 2 lentyna",PATIKSLINTI tikslų pavadinimą,A50. Lietuvių XX–XXI a. literatūra,Šiuolaikinė proza,K00243,Lentynoje,,,,,,,,,,,,
244.0,Platonas (Платон),Dialogai / rinktinė,,Rusų,,,Filosofija,,,,"Spinta B, 2 lentyna",PATIKSLINTI tikslų pavadinimą,D19. Filosofijos klasika,Antika–Apšvieta,K00244,Lentynoje,,,,,,,,,,,,
245.0,Valentinas Asmusas (В. Асмус),Декарт,,Rusų,,,Filosofija (monografija),,,,"Spinta B, 2 lentyna",Apie R. Descartes'ą,D19. Filosofijos klasika,Antika–Apšvieta,K00245,Lentynoje,,,,,,,,,,,,
246.0,Aristotelis (Аристотель),Сочинения (3 tomas),,Rusų,,,Filosofija,,,,"Spinta B, 2 lentyna","Daugiatomis, 3 t.",D19. Filosofijos klasika,Antika–Apšvieta,K00246,Lentynoje,,,,,,,,,,,,
247.0,Apolonijas Rodietis (Apollonios Rhodietis),Argonautika,Ἀργοναυτικά,Lietuvių,,,Epinė poema,,,,"Spinta B, 2 lentyna",,A1. Antikos literatūra ir istorikai,,K00247,Lentynoje,,,,,,,,,,,,
248.0,,,,,,,,,,,"Spinta B, 2 lentyna",PATIKSLINTI: raudona/oranžinė knyga (tarp Epikteto ir Lukiano) — nugarėlė neįskaitoma,"X. Ūkinė zona: žinynai, vadovėliai, periodika",,K00248,Lentynoje,,,,,,,,,,,,
249.0,,Die Kopten,,Vokiečių,,,Meno / kultūros istorija,Kunst der Welt,,,"Spinta B, 3 lentyna",Koptų menas,E31. Istorijos biblioteka,Kultūros istorija,K00249,Lentynoje,,,,,,,,,,,,
250.0,John Julius Norwich,A Short History of Byzantium,,Anglų,Penguin,,Istorija,,,,"Spinta B, 3 lentyna",PATIKSLINTI (nugarėlė pasukta),E26. Antikos ir viduramžių istorija,,K00250,Lentynoje,,,,,,,,,,,,
251.0,Amin Maalouf,Kryžiaus žygiai arabų akimis,Les Croisades vues par les Arabes,Lietuvių,,,Istorija,,,,"Spinta B, 3 lentyna",,E26. Antikos ir viduramžių istorija,,K00251,Lentynoje,,,,,,,,,,,,
252.0,L. N. Velikovičius (Л. Н. Великович),Rinktinė,,Rusų,,,Istorija / religijotyra,,,,"Spinta B, 3 lentyna",PATIKSLINTI tikslų pavadinimą,D21. Religijotyra ir šventraščiai,Krikščionybė ir religijotyra,K00252,Lentynoje,,,,,,,,,,,,
253.0,A. N. Sacharovas (А. Н. Сахаров),Дипломатия древней Руси,,Rusų,,,Istorija,,,,"Spinta B, 3 lentyna",Senosios Rusios diplomatija,E31. Istorijos biblioteka,Šalių ir epochų istorijos,K00253,Lentynoje,,,,,,,,,,,,
254.0,R. G. Skrynnikovas (Р. Г. Скрынников),Россия накануне «смутного времени»,,Rusų,,,Istorija,,,,"Spinta B, 3 lentyna",,E29. XX a. totalitarizmai ir karai,,K00254,Lentynoje,,,,,,,,,,,,
255.0,Sud. Felix J. Oinas,Heroic Epic and Saga,,Anglų,Indiana University Press,,Literatūros studija,,,,"Spinta B, 3 lentyna",,B9. Šiuolaikinė pasaulio proza,Šiuolaikinis pasaulio romanas,K00255,Lentynoje,,,,,,,,,,,,
256.0,,История средних веков,,Rusų,,,Istorija,,,,"Spinta B, 3 lentyna",Viduramžių istorija (vadovėlis),E31. Istorijos biblioteka,Šalių ir epochų istorijos,K00256,Lentynoje,,,,,,,,,,,,
257.0,,Ägypten – Faszination und Abenteuer,,Vokiečių,,,Istorija / archeologija,,,,"Spinta B, 3 lentyna",,E31. Istorijos biblioteka,Šalių ir epochų istorijos,K00257,Lentynoje,,,,,,,,,,,,
258.0,Julio Valdeón Baruque,La Reconquista,,Ispanų,,,Istorija,,,,"Spinta B, 3 lentyna",,E31. Istorijos biblioteka,Šalių ir epochų istorijos,K00258,Lentynoje,,,,,,,,,,,,
259.0,,Буржуазный век,,Rusų,,,Istorija,,,,"Spinta B, 3 lentyna",PATIKSLINTI autorių,E31. Istorijos biblioteka,Šalių ir epochų istorijos,K00259,Lentynoje,,,,,,,,,,,,
260.0,Eduard Fuchs (?),История нравов,Illustrierte Sittengeschichte,Rusų,,,Kultūros istorija,,,,"Spinta B, 3 lentyna",PATIKSLINTI autorių,E31. Istorijos biblioteka,Kultūros istorija,K00260,Lentynoje,,,,,,,,,,,,
261.0,,Историки античности,,Rusų,,,Istorija / antologija,,,,"Spinta B, 3 lentyna",Antikos istorikai (2 t.),A3. Klasikos kanonas (pagal šalis),Rusų klasika vertimuose,K00261,Lentynoje,,,,,,,,,,,,
262.0,Titas Livijus (Тит Ливий),История Рима (I tomas),Ab Urbe condita,Rusų,,,Istorija,,,,"Spinta B, 3 lentyna",Odinis daugiatomis,A1. Antikos literatūra ir istorikai,,K00262,Lentynoje,,,,,,,,,,,,
263.0,Titas Livijus (Тит Ливий),История Рима (II tomas),Ab Urbe condita,Rusų,,,Istorija,,,,"Spinta B, 3 lentyna",Odinis daugiatomis,A1. Antikos literatūra ir istorikai,,K00263,Lentynoje,,,,,,,,,,,,
264.0,Lucien Febvre (Люсьен Февр),Бои за историю,Combats pour l'histoire,Rusų,,,Istoriografija,,,,"Spinta B, 3 lentyna",,E31. Istorijos biblioteka,Istoriografijos teorija,K00264,Lentynoje,,,,,,,,,,,,
265.0,Sergejus Bulgakovas (С. Н. Булгаков),Rinktinė,,Rusų,,,Filosofija / teologija,,,,"Spinta B, 3 lentyna",PATIKSLINTI tikslų pavadinimą,D21. Religijotyra ir šventraščiai,Krikščionybė ir religijotyra,K00265,Lentynoje,,,,,,,,,,,,
266.0,Bertrand Russell (Бертран Рассел),Почему я не христианин,Why I Am Not a Christian,Rusų,,,Filosofija / esė,,,,"Spinta B, 3 lentyna",,A3. Klasikos kanonas (pagal šalis),Rusų klasika vertimuose,K00266,Lentynoje,,,,,,,,,,,,
267.0,Richard Branson,Losing My Virginity: The Autobiography,,Anglų,Virgin Books,,Autobiografija,,,,"Spinta B, 3 lentyna",,E32. Biografijos ir memuarai,Asmenybės ir memuarai,K00267,Lentynoje,,,,,,,,,,,,
268.0,Tom Holland,Rubicon,,Anglų,Abacus,,Istorija,,,,"Spinta B, 3 lentyna",Nr. 3021,E31. Istorijos biblioteka,Šalių ir epochų istorijos,K00268,Lentynoje,,,,,,,,,,,,
269.0,,Gaudeamus Igitur,,Vokiečių (?),,,,,,,"Spinta B, 3 lentyna","PATIKSLINTI autorių, pavadinimą ir kalbą","X. Ūkinė zona: žinynai, vadovėliai, periodika",,K00269,Lentynoje,,,,,,,,,,,,
270.0,Walter Markov; Albert Soboul,1789.0,,Vokiečių,,,Istorija,,,,"Spinta B, 3 lentyna",Prancūzijos revoliucija,E31. Istorijos biblioteka,Šalių ir epochų istorijos,K00270,Lentynoje,,,,,,,,,,,,
271.0,John Burrow,A History of Histories,,Anglų,Penguin,,Istoriografija,,,,"Spinta B, 3 lentyna",,E31. Istorijos biblioteka,Istoriografijos teorija,K00271,Lentynoje,,,,,,,,,,,,
272.0,,Мистическая Япония,,Rusų,,,Kultūra / religija,,,,"Spinta B, 3 lentyna",Mistinė Japonija. PATIKSLINTI autorių,D21. Religijotyra ir šventraščiai,Krikščionybė ir religijotyra,K00272,Lentynoje,,,,,,,,,,,,
273.0,,古诗一百首 (100 senovės eilėraščių),,Kinų,,,Poezija / antologija,,,,"Spinta B, 3 lentyna",,A3. Klasikos kanonas (pagal šalis),Kita klasika ir antologijos,K00273,Lentynoje,,,,,,,,,,,,
274.0,Joachim Herrmann,Spuren des Prometheus,,Vokiečių,,,Istorija / mokslas,,,,"Spinta B, 3 lentyna",Padėta gulsčiai,E26. Antikos ir viduramžių istorija,,K00274,Lentynoje,,,,,,,,,,,,
275.0,Kitty Kelley,His Way: The Unauthorized Biography of Frank Sinatra,,Anglų,,,Biografija,,,,"Spinta B, 4 lentyna",Padėta gulsčiai ant viršaus,E32. Biografijos ir memuarai,Menininkų biografijos,K00275,Lentynoje,,,,,,,,,,,,
276.0,Gusztáv Gecse (Г. Гече),Библейские истории,,Rusų,,,Religija,,,,"Spinta B, 4 lentyna",Biblijos istorijos,D21. Religijotyra ir šventraščiai,Krikščionybė ir religijotyra,K00276,Lentynoje,,,,,,,,,,,,
277.0,Kwan Lau,Feng Shui Šiandien,Feng Shui Today,Lietuvių,,,Ezoterika,,,,"Spinta B, 4 lentyna",,D22. Rytų praktikos ir ezoterika,Ezoterika ir praktikos,K00277,Lentynoje,,,,,,,,,,,,
278.0,Patrick French,Younghusband: The Last Great Imperial Adventurer,,Anglų,HarperPerennial,,Biografija,,,,"Spinta B, 4 lentyna",,E32. Biografijos ir memuarai,Asmenybės ir memuarai,K00278,Lentynoje,,,,,,,,,,,,
279.0,,Die Bhagavadgita,Bhagavadgītā,Vokiečių,,,Religija,,,,"Spinta B, 4 lentyna",,D21. Religijotyra ir šventraščiai,Šventraščiai,K00279,Lentynoje,,,,,,,,,,,,
280.0,A. C. Bhaktivedanta Swami Prabhupada,(rinktinė),,Lietuvių,The Bhaktivedanta Book Trust,,Religija,,,,"Spinta B, 4 lentyna",Nr. 814. PATIKSLINTI tikslų pavadinimą,D21. Religijotyra ir šventraščiai,Krikščionybė ir religijotyra,K00280,Lentynoje,,,,,,,,,,,,
281.0,Dalai Lama (Далай-лама),Этика в новом тысячелетии,Ethics for the New Millennium,Rusų,,,Filosofija / etika,,,,"Spinta B, 4 lentyna",,D19. Filosofijos klasika,Antika–Apšvieta,K00281,Lentynoje,,,,,,,,,,,,
282.0,Levas Vygotskis (Л. С. Выготский),Психология развития ребёнка,,Rusų,,,Psichologija,,,,"Spinta B, 4 lentyna",,D23. Psichologija ir saviugda,Psichoanalizės ir raidos klasika,K00282,Lentynoje,,,,,,,,,,,,
283.0,Antoine de Saint-Exupéry (Антуан де Сент-Экзюпери),Планета людей,Terre des hommes,Rusų,,,Proza / esė,,,,"Spinta B, 4 lentyna",,A4. Rusų lentyna (originalo k.),XIX a. klasika (Gogolis–Čechovas),K00283,Lentynoje,,,,,,,,,,,,
284.0,Daniel J. Boorstin,The Discoverers,,Anglų,Vintage,,Istorija / mokslo populiarinimas,,,,"Spinta B, 4 lentyna",,E31. Istorijos biblioteka,Šalių ir epochų istorijos,K00284,Lentynoje,,,,,,,,,,,,
285.0,Muhammad Hamidullah,Introduction to Islam,,Anglų,,,Religija,,,,"Spinta B, 4 lentyna",Nr. 237,D21. Religijotyra ir šventraščiai,Krikščionybė ir religijotyra,K00285,Lentynoje,,,,,,,,,,,,
286.0,Prof. Dr. Nurettin Uzunoğlu,The Islamic Law,,Anglų,,,Religija / teisė,,,,"Spinta B, 4 lentyna",,D21. Religijotyra ir šventraščiai,Islamas,K00286,Lentynoje,,,,,,,,,,,,
287.0,Egdūnas Račius,Islamo studijos,,Lietuvių,,,Religija,,,,"Spinta B, 4 lentyna",PATIKSLINTI tikslų pavadinimą,D21. Religijotyra ir šventraščiai,Krikščionybė ir religijotyra,K00287,Lentynoje,,,,,,,,,,,,
288.0,,"Dievas, kvantinė fizika, organizacijos struktūra ir vadovavimo stilius",,Lietuvių,,,Mokslas / vadyba,,,,"Spinta B, 4 lentyna",PATIKSLINTI autorių,F36. Mokslo ir idėjų istorija,,K00288,Lentynoje,,,,,,,,,,,,
289.0,,Культура Византии,,Rusų,,,Kultūros istorija,,,,"Spinta B, 4 lentyna",Bizantijos kultūra,E31. Istorijos biblioteka,Kultūros istorija,K00289,Lentynoje,,,,,,,,,,,,
290.0,,Biblijos enciklopedija,,Lietuvių,,,Religija / žinynas,,,,"Spinta B, 4 lentyna",,D21. Religijotyra ir šventraščiai,Krikščionybė ir religijotyra,K00290,Lentynoje,,,,,,,,,,,,
291.0,Thomas Watson (Томас Ватсон),Десять Заповедей,The Ten Commandments,Rusų,DRTS,,Religija,,,,"Spinta B, 4 lentyna",,D21. Religijotyra ir šventraščiai,Krikščionybė ir religijotyra,K00291,Lentynoje,,,,,,,,,,,,
292.0,Martynas Liuteris (Martin Luther),Užstalės pokalbiai,Tischreden,Lietuvių,ALK,,Religija,,,,"Spinta B, 4 lentyna",,D21. Religijotyra ir šventraščiai,Krikščionybė ir religijotyra,K00292,Lentynoje,,,,,,,,,,,,
293.0,,Kristaus istorija (1 tomas),,Lietuvių,,,Religija,,,,"Spinta B, 4 lentyna",PATIKSLINTI autorių,D21. Religijotyra ir šventraščiai,Krikščionybė ir religijotyra,K00293,Lentynoje,,,,,,,,,,,,
294.0,S. A. Tokarevas (С. А. Токарев),Ранние формы религии,,Rusų,,,Religijotyra,Biblioteka ateistinės literatūros,,,"Spinta B, 4 lentyna",Ankstyvosios religijos formos,D21. Religijotyra ir šventraščiai,Krikščionybė ir religijotyra,K00294,Lentynoje,,,,,,,,,,,,
295.0,Jonas Paulius II,Novo Millennio Ineunte,,Lietuvių,,,Religija,,,,"Spinta B, 4 lentyna",Apaštališkasis laiškas,D21. Religijotyra ir šventraščiai,Krikščionybė ir religijotyra,K00295,Lentynoje,,,,,,,,,,,,
296.0,,Kalevala,,Lietuvių,,,Epas,,,,"Spinta B, 4 lentyna",Suomių epas,A2. Viduramžių ir tautų epai,,K00296,Lentynoje,,,,,,,,,,,,
297.0,,Šventasis Raštas (II tomas),,Lietuvių,,,Religija,,,,"Spinta B, 4 lentyna","Biblija, odinis leidimas",D21. Religijotyra ir šventraščiai,Šventraščiai,K00297,Lentynoje,,,,,,,,,,,,
298.0,Michael Laitman (Михаэль Лайтман),Основы Каббалы (Каббала: тайное учение),,Rusų,,,Religija / kabala,,,,"Spinta B, 4 lentyna",,D22. Rytų praktikos ir ezoterika,Ezoterika ir praktikos,K00298,Lentynoje,,,,,,,,,,,,
299.0,Isabel Allende,Portretas sepija,Retrato en sepia,Lietuvių,Alma littera,,Romanas,,,,"Spinta B, 5 lentyna",,B9. Šiuolaikinė pasaulio proza,Šiuolaikinis pasaulio romanas,K00299,Lentynoje,,,,,,,,,,,,
300.0,Isabel Allende,Fortūnos duktė,Hija de la fortuna,Lietuvių,Alma littera,,Romanas,,,,"Spinta B, 5 lentyna",,B9. Šiuolaikinė pasaulio proza,Šiuolaikinis pasaulio romanas,K00300,Lentynoje,,,,,,,,,,,,
301.0,Isabel Allende,(dar vienas tomas),,Lietuvių,Alma littera,,Romanas,,,,"Spinta B, 5 lentyna",PATIKSLINTI: galimai 2-as „Fortūnos duktė“ egz. arba kita Allende knyga,B9. Šiuolaikinė pasaulio proza,Šiuolaikinis pasaulio romanas,K00301,Lentynoje,,,,,,,,,,,,
302.0,Šv. ses. M. Faustina Kovalska,Dienoraštis,,Lietuvių,,,Religija / dienoraštis,,,,"Spinta B, 5 lentyna",,D21. Religijotyra ir šventraščiai,Krikščionybė ir religijotyra,K00302,Lentynoje,,,,,,,,,,,,
303.0,Levas Tolstojus,Uždraustoji knyga: Dievo karalystė jumyse,The Kingdom of God Is Within You,Lietuvių,Obuolys,,Religija / filosofija,,,,"Spinta B, 5 lentyna",,D21. Religijotyra ir šventraščiai,Krikščionybė ir religijotyra,K00303,Lentynoje,,,,,,,,,,,,
304.0,Taigeno Sodo Harada Roshi,Zen: klausimai ir atsakymai,,Lietuvių,,,Religija / dvasingumas,,,,"Spinta B, 5 lentyna",PATIKSLINTI,D22. Rytų praktikos ir ezoterika,Ezoterika ir praktikos,K00304,Lentynoje,,,,,,,,,,,,
305.0,Wayne W. Dyer,Amžių išmintis,Wisdom of the Ages,Lietuvių,,,Saviugda,,,,"Spinta B, 5 lentyna",,D23. Psichologija ir saviugda,Saviugda,K00305,Lentynoje,,,,,,,,,,,,
306.0,Gary Zukav,Sielos istorijos (?),,Lietuvių,,,Saviugda / dvasingumas,,,,"Spinta B, 5 lentyna",PATIKSLINTI tikslų pavadinimą,D22. Rytų praktikos ir ezoterika,Ezoterika ir praktikos,K00306,Lentynoje,,,,,,,,,,,,
307.0,Seth Stephens-Davidowitz,Everybody Lies,,Anglų,Penguin,,Negrožinė / duomenys,,,,"Spinta B, 5 lentyna",,G39. Analitika ir duomenys,,K00307,Lentynoje,,,,,,,,,,,,
308.0,L. Ron Hubbard,Dianetika,Dianetics,Lietuvių,New Era,,Saviugda,,,,"Spinta B, 5 lentyna",,D23. Psichologija ir saviugda,Saviugda,K00308,Lentynoje,,,,,,,,,,,,
309.0,Wayne W. Dyer,Maži kasdieniai stebuklai,Real Magic,Lietuvių,,,Saviugda,,,,"Spinta B, 5 lentyna",,D23. Psichologija ir saviugda,Saviugda,K00309,Lentynoje,,,,,,,,,,,,
310.0,Esther Wojcicki,"Kaip užauginti žmones, kuriems sekasi",How to Raise Successful People,Lietuvių,Baltos lankos,,Saviugda / tėvystė,,,,"Spinta B, 5 lentyna",,D23. Psichologija ir saviugda,Saviugda,K00310,Lentynoje,,,,,,,,,,,,
311.0,,,,,,,,,,,"Spinta B, 5 lentyna",PATIKSLINTI: keli užstoti/pasukti įrašai (pvz. „Suso and Kanute – Sungita“; „Rudėjęs Steinis“?). Reikia atskiros nuotraukos,"X. Ūkinė zona: žinynai, vadovėliai, periodika",,K00311,Lentynoje,,,,,,,,,,,,
312.0,Stefan Zweig,Casanova. Stendhalis. Tolstojus,Drei Dichter ihres Lebens,Lietuvių,,,Esė / biografija,,,,"Spinta B, 5 lentyna",Trys savo gyvenimo poetai,A6. XX a. modernizmas,,K00312,Lentynoje,,,,,,,,,,,,
313.0,Tara Westover,Educated,,Anglų,Random House,,Memuarai,,,,"Spinta B, 5 lentyna",,E32. Biografijos ir memuarai,Asmenybės ir memuarai,K00313,Lentynoje,,,,,,,,,,,,
314.0,Adolfas Nezabitauskis,Jonas Basanavičius,,Lietuvių,,,Biografija,,,,"Spinta B, 5 lentyna",,E32. Biografijos ir memuarai,Valstybininkų biografijos,K00314,Lentynoje,,,,,,,,,,,,
315.0,Huguette Bouchardeau,Agatha Christie,,Prancūzų (?),,,Biografija,,,,"Spinta B, 5 lentyna",PATIKSLINTI kalbą,E32. Biografijos ir memuarai,Asmenybės ir memuarai,K00315,Lentynoje,,,,,,,,,,,,
316.0,Leander Kahney,Inside Steve's Brain,,Anglų,,,Biografija / verslas,,,,"Spinta B, 5 lentyna",,E32. Biografijos ir memuarai,Asmenybės ir memuarai,K00316,Lentynoje,,,,,,,,,,,,
317.0,Sigmund Freud,Das Unbewußte,,Vokiečių,,,Psichoanalizė,,,,"Spinta B, 5 lentyna",,D23. Psichologija ir saviugda,Psichoanalizės ir raidos klasika,K00317,Lentynoje,,,,,,,,,,,,
318.0,Sergejus Rubinšteinas (С. Л. Рубинштейн),Rinktinė (II tomas),,Rusų,,,Psichologija,,,,"Spinta B, 5 lentyna",PATIKSLINTI tikslų pavadinimą,D23. Psichologija ir saviugda,Šiuolaikinė psichologija,K00318,Lentynoje,,,,,,,,,,,,
319.0,Jean Piaget,Vaiko kalba ir mąstymas,Le Langage et la pensée chez l'enfant,Lietuvių,aidai,,Psichologija,,,,"Spinta B, 5 lentyna",,D23. Psichologija ir saviugda,Psichoanalizės ir raidos klasika,K00319,Lentynoje,,,,,,,,,,,,
320.0,John H. Flavell (Д. Флейвелл),Генетическая психология Жана Пиаже,The Developmental Psychology of Jean Piaget,Rusų,,,Psichologija,,,,"Spinta B, 5 lentyna",,D23. Psichologija ir saviugda,Šiuolaikinė psichologija,K00320,Lentynoje,,,,,,,,,,,,
321.0,Eric Berne,Games People Play,,Anglų,Andre Deutsch,,Psichologija,,,,"Spinta B, 5 lentyna",,D23. Psichologija ir saviugda,Psichoanalizės ir raidos klasika ★ pora: originalas + vertimas,K00321,Lentynoje,,,,,,,,,,,,
322.0,Thomas Merton,Meditationen eines Einsiedlers,Thoughts in Solitude,Vokiečių,,,Religija / meditacijos,,,,"Spinta B, 5 lentyna",,D21. Religijotyra ir šventraščiai,Krikščionybė ir religijotyra,K00322,Lentynoje,,,,,,,,,,,,
323.0,Valerijus Leibinas (Валерий Лейбин),"Фрейд, психоанализ и современная западная философия",,Rusų,,,Filosofija / psichoanalizė,,,,"Spinta B, 5 lentyna",Nr. 12032,D23. Psichologija ir saviugda,Šiuolaikinė psichologija,K00323,Lentynoje,,,,,,,,,,,,
324.0,Konrad Lorenz,Das sogenannte Böse,,Vokiečių,dtv,,Etologija / mokslas,,,,"Spinta B, 5 lentyna",dtv Nr. 780. Padėta gulsčiai,A5. Vokiškoji lentyna (originalo k.),,K00324,Lentynoje,,,,,,,,,,,,
325.0,Anna Freud,Das Ich und die Abwehrmechanismen,,Vokiečių,,,Psichoanalizė,,,,"Spinta B, 5 lentyna",Nr. 2001. Padėta gulsčiai,D23. Psichologija ir saviugda,Psichoanalizės ir raidos klasika,K00325,Lentynoje,,,,,,,,,,,,
326.0,,Былины,,Rusų,,,Folkloras / epas,,,,"Spinta B, 5 lentyna",Rusų bylinos. Padėta gulsčiai,A4. Rusų lentyna (originalo k.),XIX a. klasika (Gogolis–Čechovas),K00326,Lentynoje,,,,,,,,,,,,
327.0,Alessandro Manzoni,Storia della colonna infame,,Italų,,,Istorinė proza,,,,"Spinta B, 5 lentyna",Padėta gulsčiai,A3. Klasikos kanonas (pagal šalis),Prancūzų klasika,K00327,Lentynoje,,,,,,,,,,,,
328.0,,Žemaitijos parapijų monografija,,Lietuvių,,,Kraštotyra,,,,"Spinta B, 6 lentyna (apatinė)","PATIKSLINTI: raudona odinė, nugarėlėje vietovardžiai (Plungė, Kuliai, Plateliai, Žem. Kalvarija ...)",E27. LDK ir Lietuvos istorija,Kraštotyra,K00328,Lentynoje,,,,,,,,,,,,
329.0,Kristijonas Donelaitis,Metai,,Lietuvių,,,Poema,,,,"Spinta B, 6 lentyna (apatinė)",,A49. Lietuvių klasika ir raštai,,K00329,Lentynoje,,,,,,,,,,,,
330.0,,Metai,,Lietuvių,,,Poema (?),,,,"Spinta B, 6 lentyna (apatinė)",PATIKSLINTI: antras „Metai“ tomas (kita laida arba kitas autorius),A3. Klasikos kanonas (pagal šalis),Kita klasika ir antologijos,K00330,Lentynoje,,,,,,,,,,,,
331.0,Julija Jablonskytė-Petkevičienė,Konstancijos ir Jono Jablonskių šeima,,Lietuvių,,,Memuarai / biografija,Gyvenimo juostos,,,"Spinta B, 6 lentyna (apatinė)",,E32. Biografijos ir memuarai,Asmenybės ir memuarai,K00331,Lentynoje,,,,,,,,,,,,
332.0,Jonas Jablonskis,Raštai (1 tomas),,Lietuvių,,,Kalbotyra,,,,"Spinta B, 6 lentyna (apatinė)",,"H48. Menas, kalbos, pomėgiai",Kalbos ir žodynai,K00332,Lentynoje,,,,,,,,,,,,
333.0,Jonas Jablonskis,Raštai (2 tomas),,Lietuvių,,,Kalbotyra,,,,"Spinta B, 6 lentyna (apatinė)",,"H48. Menas, kalbos, pomėgiai",Kalbos ir žodynai,K00333,Lentynoje,,,,,,,,,,,,
334.0,,Atsiminimai apie Joną Jablonskį,,Lietuvių,,,Memuarai,,,,"Spinta B, 6 lentyna (apatinė)",,E32. Biografijos ir memuarai,Asmenybės ir memuarai,K00334,Lentynoje,,,,,,,,,,,,
335.0,Jonas Jablonskis,Jono Jablonskio laiškai,,Lietuvių,,,Laiškai,,,,"Spinta B, 6 lentyna (apatinė)",Padėta gulsčiai,A3. Klasikos kanonas (pagal šalis),Kita klasika ir antologijos,K00335,Lentynoje,,,,,,,,,,,,
336.0,Alfonsas Gilvydis,Nuo Kikonių iki Detroito,,Lietuvių,,,Memuarai / proza,,,,"Spinta B, 6 lentyna (apatinė)",PATIKSLINTI tikslų pavadinimą,A3. Klasikos kanonas (pagal šalis),Kita klasika ir antologijos,K00336,Lentynoje,,,,,,,,,,,,
337.0,Konstantinas Balmontas (Константин Бальмонт),Rinktinė,,Rusų,,,Poezija,,,,"Spinta B, 6 lentyna (apatinė)",PATIKSLINTI tikslų pavadinimą,A4. Rusų lentyna (originalo k.),Sidabro amžius ir poezija,K00337,Lentynoje,,,,,,,,,,,,
338.0,Grigorijus Kanovičius (Григорий Канович),Слёзы и молитвы дураков,,Rusų,,,Romanas,,,,"Spinta B, 6 lentyna (apatinė)",Kvailių ašaros ir maldos,A4. Rusų lentyna (originalo k.),Posovietinė proza,K00338,Lentynoje,,,,,,,,,,,,
339.0,Viktoras Alekna,Rinktinė / monografija,,Lietuvių,,,Literatūrologija,,,,"Spinta B, 6 lentyna (apatinė)",PATIKSLINTI tikslų pavadinimą,A3. Klasikos kanonas (pagal šalis),Kita klasika ir antologijos,K00339,Lentynoje,,,,,,,,,,,,
340.0,,Suvalkija: etnokultūros paveldas,,Lietuvių,,,Kraštotyra / etnokultūra,,,,"Spinta B, 6 lentyna (apatinė)",,E27. LDK ir Lietuvos istorija,Kraštotyra,K00340,Lentynoje,,,,,,,,,,,,
342.0,Romualdas Karazija,Fizika humanitarams (1 dalis),,Lietuvių,,,Vadovėlis (fizika),,,,"Spinta B, 6 lentyna (apatinė)",,"F34. Kosmosas, fizika, matematika",,K00342,Lentynoje,,,,,,,,,,,,
343.0,,"Vėrinėlio metai (Pavasaris, Ruduo, Žiema)",,Lietuvių,,,Ikimokyklinis ugdymas,Vėrinėlis,,,"Spinta B, 6 lentyna (apatinė)",Serija (keli tomeliai),C16. Vaikų literatūra ir pasakos,Lietuvių pasakos ir vaikų knygos,K00343,Lentynoje,,,,,,,,,,,,
344.0,,Novužės krašto vaikai,,Lietuvių,,,Kraštotyra,,,,"Spinta B, 6 lentyna (apatinė)",,E31. Istorijos biblioteka,Šalių ir epochų istorijos,K00344,Lentynoje,,,,,,,,,,,,
345.0,,Spalvotieji kineskopai,,Lietuvių,,,Technika,,,,"Spinta B, 6 lentyna (apatinė)",PATIKSLINTI autorių,A50. Lietuvių XX–XXI a. literatūra,Šiuolaikinė proza,K00345,Lentynoje,,,,,,,,,,,,
346.0,,Prie bendrinės kalbos ištakų,,Lietuvių,,,Kalbotyra,,,,"Spinta B, 6 lentyna (apatinė)",PATIKSLINTI autorių,"H48. Menas, kalbos, pomėgiai",Kalbos ir žodynai,K00346,Lentynoje,,,,,,,,,,,,
347.0,,,,,,,,,,,"Spinta B, 6 lentyna (apatinė)","PATIKSLINTI: lentyna sukrauta netvarkingai (gulsčiai + stačiai); dalis nugarėlių neįskaitoma (tarp jų „Rygiškių Jonas“, „Ekranas“, seni tomeliai). Reikia pertvarkyti ir perfotografuoti","X. Ūkinė zona: žinynai, vadovėliai, periodika",,K00347,Lentynoje,,,,,,,,,,,,
348.0,Galina Serebriakova,Markso jaunystė,Юность Маркса,Lietuvių,,,Istorinis romanas,Istorinio romano biblioteka,,,"Spinta C, 1 lentyna",,A3. Klasikos kanonas (pagal šalis),Kita klasika ir antologijos,K00348,Lentynoje,,,,,,,,,,,,
349.0,Henrik Eberle; Matthias Uhl,Knyga apie Hitlerį,Das Buch Hitler,Lietuvių,,,Istorija,,,,"Spinta C, 1 lentyna",,E29. XX a. totalitarizmai ir karai,,K00349,Lentynoje,,,,,,,,,,,,
350.0,Henry Picker (Генри Пикер),Застольные разговоры Гитлера,Hitlers Tischgespräche,Rusų,Тирания,,Istorija,,,,"Spinta C, 1 lentyna",,E29. XX a. totalitarizmai ir karai,,K00350,Lentynoje,,,,,,,,,,,,
351.0,Aleksandr Solzhenitsyn,The Gulag Archipelago (I),Архипелаг ГУЛАГ,Anglų,Harper & Row,,Istorija / dokumentika,,,,"Spinta C, 1 lentyna",,E29. XX a. totalitarizmai ir karai,,K00351,Lentynoje,,,,,,,,,,,,
352.0,Aleksandr Solzhenitsyn,The Gulag Archipelago Two,Архипелаг ГУЛАГ,Anglų,Harper & Row,,Istorija / dokumentika,,,,"Spinta C, 1 lentyna",,E29. XX a. totalitarizmai ir karai,,K00352,Lentynoje,,,,,,,,,,,,
353.0,Aleksandr Solzhenitsyn,The Gulag Archipelago Three,Архипелаг ГУЛАГ,Anglų,Harper & Row,,Istorija / dokumentika,,,,"Spinta C, 1 lentyna",,E29. XX a. totalitarizmai ir karai,,K00353,Lentynoje,,,,,,,,,,,,
354.0,Georgijus Žukovas (Г. Жуков),Воспоминания и размышления,,Rusų,,,Memuarai,,,,"Spinta C, 1 lentyna",Prisiminimai ir apmąstymai,E29. XX a. totalitarizmai ir karai,,K00354,Lentynoje,,,,,,,,,,,,
355.0,Andrejus Konstantinovas (Андрей Константинов),Петербург,,Rusų,,,Proza / dokumentika,,,,"Spinta C, 1 lentyna",PATIKSLINTI tikslų pavadinimą,A4. Rusų lentyna (originalo k.),Posovietinė proza,K00355,Lentynoje,,,,,,,,,,,,
356.0,Nikolajus Bucharinas (Н. Бухарин),Проблемы теории и практики социализма,,Rusų,,,Politinė teorija,,,,"Spinta C, 1 lentyna",,E29. XX a. totalitarizmai ir karai,,K00356,Lentynoje,,,,,,,,,,,,
357.0,,Феликс Эдмундович Дзержинский,,Rusų,,,Biografija,,,,"Spinta C, 1 lentyna",PATIKSLINTI autorių,E29. XX a. totalitarizmai ir karai,,K00357,Lentynoje,,,,,,,,,,,,
358.0,Piotr Zychowicz,Pilsudskio–Lenino (?),,Lietuvių,Briedis,,Istorija,,,,"Spinta C, 1 lentyna",PATIKSLINTI tikslų pavadinimą,E29. XX a. totalitarizmai ir karai,,K00358,Lentynoje,,,,,,,,,,,,
359.0,Mikhail Khodorkovsky,My Fellow Prisoners,,Anglų,Penguin,,Memuarai,,,,"Spinta C, 1 lentyna",,E32. Biografijos ir memuarai,Asmenybės ir memuarai,K00359,Lentynoje,,,,,,,,,,,,
360.0,Valerijus Karyšev (Валерий Карышев),Современные тюрьмы: от авторитета до олигарха,,Rusų,,,Dokumentika,Легенды преступного мира,,,"Spinta C, 1 lentyna",,E29. XX a. totalitarizmai ir karai,,K00360,Lentynoje,,,,,,,,,,,,
361.0,Carl Gustaf Mannerheim (Карл Густав Маннергейм),Мемуары,,Rusų,,,Memuarai,,,,"Spinta C, 1 lentyna",,E29. XX a. totalitarizmai ir karai,,K00361,Lentynoje,,,,,,,,,,,,
362.0,,Россия. Проект,,Rusų,,,Istorija / publicistika,,,,"Spinta C, 1 lentyna",Padėta gulsčiai. PATIKSLINTI autorių,E31. Istorijos biblioteka,Šalių ir epochų istorijos,K00362,Lentynoje,,,,,,,,,,,,
363.0,Nikolajus Berdiajevas (Н. А. Бердяев),Истоки и смысл русского коммунизма,,Rusų,,,Filosofija,,,,"Spinta C, 1 lentyna",Padėta gulsčiai. Rusų komunizmo ištakos ir prasmė,D20. XX a. ir lietuvių filosofija,,K00363,Lentynoje,,,,,,,,,,,,
364.0,G. D. H. Cole,Socialist Thought: The Forerunners 1789–1850,,Anglų,Macmillan,,Politinė teorija / istorija,,,,"Spinta C, 1 lentyna",,E31. Istorijos biblioteka,Šalių ir epochų istorijos,K00364,Lentynoje,,,,,,,,,,,,
365.0,Louis Althusser,Lenin and Philosophy and Other Essays,,Anglų,Monthly Review Press,,Filosofija,,,,"Spinta C, 1 lentyna",,D19. Filosofijos klasika,Antika–Apšvieta,K00365,Lentynoje,,,,,,,,,,,,
366.0,Simon Sebag Montefiore,Stalinas: Raudonojo caro dvaras,Stalin: The Court of the Red Tsar,Lietuvių,Tyto alba,,Istorija / biografija,,,,"Spinta C, 1 lentyna",,E29. XX a. totalitarizmai ir karai,,K00366,Lentynoje,,,,,,,,,,,,
367.0,Robert Service,Stalinas,Stalin: A Biography,Lietuvių,Obuolys,,Biografija,,,,"Spinta C, 1 lentyna",,E29. XX a. totalitarizmai ir karai,,K00367,Lentynoje,,,,,,,,,,,,
368.0,Edvardas Radzinskis (Эдвард Радзинский),Три смерти,,Rusų,,,Istorija,,,,"Spinta C, 1 lentyna",PATIKSLINTI,E31. Istorijos biblioteka,Šalių ir epochų istorijos,K00368,Lentynoje,,,,,,,,,,,,
369.0,Robert Service,Leninas,Lenin: A Biography,Lietuvių,Obuolys,,Biografija,,,,"Spinta C, 1 lentyna",,E29. XX a. totalitarizmai ir karai,,K00369,Lentynoje,,,,,,,,,,,,
370.0,Brian Crozier,The Rise and Fall of the Soviet Empire,,Anglų,Forum / Prima,,Istorija,,,,"Spinta C, 1 lentyna",,E31. Istorijos biblioteka,Šalių ir epochų istorijos,K00370,Lentynoje,,,,,,,,,,,,
371.0,,,,Rusų,,,,,,,"Spinta C, 1 lentyna",PATIKSLINTI: juoda knyga su kario atvaizdu („Antra knyga“) — nugarėlė neįskaitoma,A4. Rusų lentyna (originalo k.),XIX a. klasika (Gogolis–Čechovas),K00371,Lentynoje,,,,,,,,,,,,
372.0,Arnolds Spekke,History of Latvia: An Outline,,Anglų,Jumava,,Istorija,,,,"Spinta C, 2 lentyna",Padėta gulsčiai,E31. Istorijos biblioteka,Šalių ir epochų istorijos,K00372,Lentynoje,,,,,,,,,,,,
373.0,Norman Davies,Dievo žaislas: Lenkijos istorija (II tomas),God's Playground,Lietuvių,ALK,,Istorija,,,,"Spinta C, 2 lentyna",Padėta gulsčiai,E31. Istorijos biblioteka,Šalių ir epochų istorijos,K00373,Lentynoje,,,,,,,,,,,,
374.0,Sud. Chris Jenks,Core Sociological Dichotomies,,Anglų,SAGE,,Sociologija,,,,"Spinta C, 2 lentyna",,"D25. Sociologija, semiotika, antropologija",,K00374,Lentynoje,,,,,,,,,,,,
375.0,Roger King,The State in Modern Society,,Anglų,Chatham House,,Politologija,,,,"Spinta C, 2 lentyna",,F33. Geopolitika ir publicistika,,K00375,Lentynoje,,,,,,,,,,,,
376.0,,Американская социологическая мысль,,Rusų,,,Sociologija / antologija,,,,"Spinta C, 2 lentyna",Amerikiečių sociologinė mintis,A3. Klasikos kanonas (pagal šalis),Rusų klasika vertimuose,K00376,Lentynoje,,,,,,,,,,,,
377.0,Alan Weisman,The World Without Us,,Anglų,Picador,,Negrožinė / mokslas,,,,"Spinta C, 2 lentyna",,F36. Mokslo ir idėjų istorija,,K00377,Lentynoje,,,,,,,,,,,,
378.0,,Institutional Economics,,Anglų,University of California Press,,Ekonomika,,,,"Spinta C, 2 lentyna",PATIKSLINTI autorių,F32. Ekonomika ir politinė ekonomija,,K00378,Lentynoje,,,,,,,,,,,,
379.0,Michael Shellenberger,Apokalipsės nebus,Apocalypse Never,Lietuvių,,,Negrožinė / aplinkosauga,,,,"Spinta C, 2 lentyna",,A50. Lietuvių XX–XXI a. literatūra,Šiuolaikinė proza,K00379,Lentynoje,,,,,,,,,,,,
380.0,Greta Thunberg; Svante Thunberg; Beata ir Malena Ernman,Lyg degtų namai,Scener ur hjärtat,Lietuvių,Alma littera,,Negrožinė,,,,"Spinta C, 2 lentyna",,A50. Lietuvių XX–XXI a. literatūra,Šiuolaikinė proza,K00380,Lentynoje,,,,,,,,,,,,
381.0,Frank Partnoy,F.I.A.S.C.O.,,Anglų,,,Finansai / memuarai,,,,"Spinta C, 2 lentyna",,E32. Biografijos ir memuarai,Asmenybės ir memuarai,K00381,Lentynoje,,,,,,,,,,,,
382.0,Arthur L. Bowley,The Measurement of Social Phenomena,,Anglų,P. S. King & Son,,Statistika / sociologija,,,,"Spinta C, 2 lentyna",,"D25. Sociologija, semiotika, antropologija",,K00382,Lentynoje,,,,,,,,,,,,
383.0,Lewis Mumford,The City in History,,Anglų,"Harcourt, Brace & World",,Istorija / urbanistika,,,,"Spinta C, 2 lentyna",,E31. Istorijos biblioteka,Šalių ir epochų istorijos,K00383,Lentynoje,,,,,,,,,,,,
384.0,Timur Vermes,Jis ir vėl čia,Er ist wieder da,Lietuvių,Alma littera,,Romanas / satyra,,,,"Spinta C, 2 lentyna",,B9. Šiuolaikinė pasaulio proza,Šiuolaikinis pasaulio romanas,K00384,Lentynoje,,,,,,,,,,,,
385.0,Barack Obama,The Audacity of Hope,,Anglų,Crown,,Politika,,,,"Spinta C, 2 lentyna",,F33. Geopolitika ir publicistika,,K00385,Lentynoje,,,,,,,,,,,,
386.0,Talcott Parsons,Social Structure and Personality,,Anglų,Free Press,,Sociologija,,,,"Spinta C, 2 lentyna",,"D25. Sociologija, semiotika, antropologija",,K00386,Lentynoje,,,,,,,,,,,,
387.0,Joel Bakan,Korporacija: patologiškas pelno ir galios siekimas,The Corporation,Lietuvių,,,Ekonomika / visuomenė,,,,"Spinta C, 2 lentyna",,F32. Ekonomika ir politinė ekonomija,,K00387,Lentynoje,,,,,,,,,,,,
388.0,Robin Marris,The Economic Theory of 'Managerial' Capitalism,,Anglų,Macmillan,,Ekonomika,,,,"Spinta C, 2 lentyna",,F32. Ekonomika ir politinė ekonomija,,K00388,Lentynoje,,,,,,,,,,,,
389.0,Al Gore,Nepatogi tiesa,An Inconvenient Truth,Lietuvių,Obuolys,,Negrožinė / aplinkosauga,,,,"Spinta C, 2 lentyna",,A50. Lietuvių XX–XXI a. literatūra,Šiuolaikinė proza,K00389,Lentynoje,,,,,,,,,,,,
390.0,Gunnar Myrdal,Asian Drama (I tomas),,Anglų,Pantheon,,Ekonomika,,,,"Spinta C, 2 lentyna",,F32. Ekonomika ir politinė ekonomija,,K00390,Lentynoje,,,,,,,,,,,,
391.0,Paul Krugman,The Return of Depression Economics,,Anglų,Penguin,,Ekonomika,,,,"Spinta C, 2 lentyna",,F32. Ekonomika ir politinė ekonomija,,K00391,Lentynoje,,,,,,,,,,,,
392.0,Daron Acemoglu; James A. Robinson,Why Nations Fail,,Anglų,Penguin,,Ekonomika / istorija,,,,"Spinta C, 2 lentyna",,E31. Istorijos biblioteka,Šalių ir epochų istorijos,K00392,Lentynoje,,,,,,,,,,,,
393.0,Ferdinand Lundberg,The Rich and the Super-Rich,,Anglų,Nelson,,Ekonomika / visuomenė,,,,"Spinta C, 2 lentyna",,F32. Ekonomika ir politinė ekonomija,,K00393,Lentynoje,,,,,,,,,,,,
394.0,Charles P. Loomis (?),Modern Social Theories,,Anglų,Van Nostrand,,Sociologija,,,,"Spinta C, 2 lentyna",PATIKSLINTI autorių,"D25. Sociologija, semiotika, antropologija",,K00394,Lentynoje,,,,,,,,,,,,
395.0,John T. Noonan,Bribes,,Anglų,Macmillan,,Istorija / teisė,,,,"Spinta C, 2 lentyna",,E31. Istorijos biblioteka,Šalių ir epochų istorijos,K00395,Lentynoje,,,,,,,,,,,,
396.0,Carl F. Christ (?),Econometric Models and Methods,,Anglų,Wiley,,Ekonometrija,,,,"Spinta C, 2 lentyna",Nr. 89. PATIKSLINTI autorių,F32. Ekonomika ir politinė ekonomija,,K00396,Lentynoje,,,,,,,,,,,,
397.0,Sud. Ruth Reichl,Remembrance of Things Paris: Sixty Years of Writing from Gourmet,,Anglų,,,Esė / kulinarija,,,,"Spinta C, 2 lentyna",Padėta gulsčiai,A3. Klasikos kanonas (pagal šalis),Kita klasika ir antologijos,K00397,Lentynoje,,,,,,,,,,,,
398.0,Martin Meredith,The State of Africa,,Anglų,,,Istorija,,,,"Spinta C, 2 lentyna",Padėta gulsčiai,E31. Istorijos biblioteka,Šalių ir epochų istorijos,K00398,Lentynoje,,,,,,,,,,,,
399.0,Orhan Pamuk,Istanbul,İstanbul: Hatıralar ve Şehir,Anglų,,,Memuarai / esė,,,,"Spinta C, 2 lentyna",Padėta gulsčiai,B9. Šiuolaikinė pasaulio proza,Nobelio laureatai,K00399,Lentynoje,,,,,,,,,,,,
400.0,Norman Davies,Dievo žaislas: Lenkijos istorija (I tomas),God's Playground,Lietuvių,ALK,,Istorija,,,,"Spinta C, 2 lentyna",Padėta gulsčiai,E31. Istorijos biblioteka,Šalių ir epochų istorijos,K00400,Lentynoje,,,,,,,,,,,,
401.0,Karl R. Popper (K. R. Popperis),Istoricizmo skurdas,The Poverty of Historicism,Lietuvių,,,Filosofija,,,,"Spinta C, 3 lentyna",Padėta gulsčiai,D20. XX a. ir lietuvių filosofija,,K00401,Lentynoje,,,,,,,,,,,,
402.0,Platonas,Dialogai / rinktinė,,Lietuvių,Pradai,,Filosofija,,,,"Spinta C, 3 lentyna",PATIKSLINTI tikslų pavadinimą,D19. Filosofijos klasika,Antika–Apšvieta,K00402,Lentynoje,,,,,,,,,,,,
403.0,Marcelijus Martinaitis,Maksvelis,,Lietuvių,,,Eseistika / poezija,,,,"Spinta C, 3 lentyna",,A50. Lietuvių XX–XXI a. literatūra,Poezija,K00403,Lentynoje,,,,,,,,,,,,
404.0,Stephen Little,…izmai: kaip suprasti meną,…isms: Understanding Art,Lietuvių,,,Menotyra,,,,"Spinta C, 3 lentyna",,"H48. Menas, kalbos, pomėgiai",Pasaulio dailės albumai,K00404,Lentynoje,,,,,,,,,,,,
405.0,Ričardas Kazlauskas,Rinktinė,,Lietuvių,,,Proza,,,,"Spinta C, 3 lentyna",PATIKSLINTI tikslų pavadinimą,A3. Klasikos kanonas (pagal šalis),Kita klasika ir antologijos,K00405,Lentynoje,,,,,,,,,,,,
406.0,,Lietuvos Respublikos Konstitucija,,Lietuvių,,,Teisė,,,,"Spinta C, 3 lentyna",,A50. Lietuvių XX–XXI a. literatūra,Šiuolaikinė proza,K00406,Lentynoje,,,,,,,,,,,,
407.0,Dale Carnegie,Kaip atsikratyti nerimo ir pradėti gyventi,How to Stop Worrying and Start Living,Lietuvių,,,Saviugda,,,,"Spinta C, 3 lentyna",,D23. Psichologija ir saviugda,Saviugda,K00407,Lentynoje,,,,,,,,,,,,
408.0,John Fowles,Kolekcionierius,The Collector,Lietuvių,,,Romanas,,,,"Spinta C, 3 lentyna",,B9. Šiuolaikinė pasaulio proza,Šiuolaikinis pasaulio romanas,K00408,Lentynoje,,,,,,,,,,,,
409.0,,Mažoji mokslo enciklopedija,,Lietuvių,Akteja,,Enciklopedija,,,,"Spinta C, 3 lentyna",,A50. Lietuvių XX–XXI a. literatūra,Šiuolaikinė proza,K00409,Lentynoje,,,,,,,,,,,,
410.0,Vytenis Almonaitis; Junona Almonaitienė,Gudaičių kaimas 1938–1948 metais,,Lietuvių,,,Kraštotyra / memuarai,,,,"Spinta C, 3 lentyna",PATIKSLINTI,E32. Biografijos ir memuarai,Asmenybės ir memuarai,K00410,Lentynoje,,,,,,,,,,,,
411.0,Vytenis Almonaitis,Vėl šniokščia rėvos (I–VII dalys),,Lietuvių,,,Kraštotyra,,,,"Spinta C, 3 lentyna",,E27. LDK ir Lietuvos istorija,Kraštotyra,K00411,Lentynoje,,,,,,,,,,,,
412.0,Lew Wallace,Kristaus istorija,,Lietuvių,,,Religinė proza,,,,"Spinta C, 3 lentyna",PATIKSLINTI (galimai „Ben Huras“ ar Kristaus vaikystė),A3. Klasikos kanonas (pagal šalis),Kita klasika ir antologijos,K00412,Lentynoje,,,,,,,,,,,,
413.0,,Šiaurės skalva,,Lietuvių,,,Proza / kraštotyra,,,,"Spinta C, 3 lentyna",PATIKSLINTI autorių,A3. Klasikos kanonas (pagal šalis),Kita klasika ir antologijos,K00413,Lentynoje,,,,,,,,,,,,
414.0,Immanuel Kant (I. Kantas),Rinktinė,,Lietuvių,,,Filosofija,,,,"Spinta C, 3 lentyna",PATIKSLINTI tikslų pavadinimą,D19. Filosofijos klasika,Vokiečių idealizmas ir XIX a.,K00414,Lentynoje,,,,,,,,,,,,
415.0,José Ortega y Gasset (Ch. Ortega i Gasetas),Rinktinė,,Lietuvių,,,Filosofija,,,,"Spinta C, 3 lentyna",PATIKSLINTI tikslų pavadinimą,D20. XX a. ir lietuvių filosofija,,K00415,Lentynoje,,,,,,,,,,,,
416.0,Erich Fromm (E. Fromas),Rinktinė,,Lietuvių,,,Filosofija / psichologija,,,,"Spinta C, 3 lentyna",PATIKSLINTI tikslų pavadinimą,D23. Psichologija ir saviugda,Šiuolaikinė psichologija,K00416,Lentynoje,,,,,,,,,,,,
417.0,Karl Jaspers (K. Jaspersas),Rinktinė,,Lietuvių,,,Filosofija,,,,"Spinta C, 3 lentyna",PATIKSLINTI tikslų pavadinimą,D20. XX a. ir lietuvių filosofija,,K00417,Lentynoje,,,,,,,,,,,,
418.0,Nagendra Singh,"International Maritime Law Conventions (British Shipping Laws), 4 tomai",,Anglų,Stevens,,Teisė,British Shipping Laws,,,"Spinta C, 3 lentyna",Volume 1–4 (odinis komplektas),"X. Ūkinė zona: žinynai, vadovėliai, periodika",,K00418,Lentynoje,,,,,,,,,,,,
419.0,,,,,,,,,,,"Spinta C, 3 lentyna","PATIKSLINTI: keli maži tomeliai kairėje (juodi, be aiškaus teksto) — reikia iš arčiau","X. Ūkinė zona: žinynai, vadovėliai, periodika",,K00419,Lentynoje,,,,,,,,,,,,
420.0,Dan Hill,Emotionomics,,Anglų,Kogan Page,,Verslas / marketingas,,,,"Spinta C, 4 lentyna",PATIKSLINTI,G38. Marketingas ir prekės ženklai,★ pora: originalas + vertimas,K00420,Lentynoje,,,,,,,,,2026-09-17 15:21:00,g@cool.lt,Paupio Rūtos,2.0
421.0,Gary Hamel,The Future of Management,,Anglų,Harvard Business Review Press,,Vadyba,,,,"Spinta C, 4 lentyna",,G37. Strategija ir vadyba,,K00421,Lentynoje,,,,,,,,,,,,
422.0,Sydney Finkelstein,Kodėl žlunga šaunūs vadovai,Why Smart Executives Fail,Lietuvių,VGA,,Vadyba,,,,"Spinta C, 4 lentyna",,G37. Strategija ir vadyba,,K00422,Lentynoje,,,,,,,,,,,,
423.0,Gary Hamel; Bill Breen,Vadybos ateitis,The Future of Management,Lietuvių,Baltos lankos / ALK,,Vadyba,,,,"Spinta C, 4 lentyna",Lietuviškas „The Future of Management“ leidimas,G37. Strategija ir vadyba,,K00423,Lentynoje,,,,,,,,,,,,
424.0,Marshall McLuhan,Kaip suprasti medijas,Understanding Media,Lietuvių,Baltos lankos,,Medijos / komunikacija,,,,"Spinta C, 4 lentyna",,"D25. Sociologija, semiotika, antropologija",,K00424,Lentynoje,,,,,,,,,,,,
425.0,Richard Branson,Business Stripped Bare,,Anglų,Virgin Books,,Verslas / memuarai,,,,"Spinta C, 4 lentyna",,E32. Biografijos ir memuarai,Asmenybės ir memuarai,K00425,Lentynoje,,,,,,,,,,,,
426.0,Chip Heath; Dan Heath,Made to Stick,,Anglų,Random House,,Verslas / komunikacija,,,,"Spinta C, 4 lentyna",,G40. Komunikacija ir rašymas,,K00426,Lentynoje,,,,,,,,,,,,
427.0,Leslie Gaines-Ross,CEO Capital,,Anglų,Wiley,,Vadyba / reputacija,,,,"Spinta C, 4 lentyna",,G37. Strategija ir vadyba,,K00427,Lentynoje,,,,,,,,,,,,
428.0,Michael Lewis,Moneyball,,Anglų,W. W. Norton,,Sportas / analitika,,,,"Spinta C, 4 lentyna",,G39. Analitika ir duomenys,,K00428,Lentynoje,,,,,,,,,,,,
429.0,Tom Peters,Re-imagine!,,Anglų,Dorling Kindersley,,Vadyba,,,,"Spinta C, 4 lentyna",,G37. Strategija ir vadyba,,K00429,Lentynoje,,,,,,,,,,,,
430.0,Sud. Rowan Gibson,Rethinking the Future,,Anglų,Nicholas Brealey,,Vadyba / ateitis,,,,"Spinta C, 4 lentyna",,G37. Strategija ir vadyba,,K00430,Lentynoje,,,,,,,,,,,,
431.0,Howard Schultz; Dori Jones Yang,Kava su meile: kaip Starbucks sukūrė kompaniją po puodelio,Pour Your Heart Into It,Lietuvių,,,Verslas / memuarai,,,,"Spinta C, 4 lentyna",,E32. Biografijos ir memuarai,Asmenybės ir memuarai,K00431,Lentynoje,,,,,,,,,,,,
432.0,Robert Spector,amazon.com: Sparti plėtra,amazon.com: Get Big Fast,Lietuvių,,,Verslas,,,,"Spinta C, 4 lentyna",,G37. Strategija ir vadyba,,K00432,Lentynoje,,,,,,,,,,,,
433.0,Seth Godin,Idėjų knyga,,Lietuvių,,,Verslas / marketingas,,,,"Spinta C, 4 lentyna",PATIKSLINTI originalo pavadinimą,G38. Marketingas ir prekės ženklai,,K00433,Lentynoje,,,,,,,,,,,,
434.0,Seth Godin,Ikaro apgaulė: kaip aukštai tu skrisi?,The Icarus Deception,Lietuvių,,,Verslas / marketingas,,,,"Spinta C, 4 lentyna",,G38. Marketingas ir prekės ženklai,,K00434,Lentynoje,,,,,,,,,,,,
435.0,Larry Farrell (?),The Entrepreneurial Attitude,,Anglų,McGraw-Hill,,Verslumas,,,,"Spinta C, 4 lentyna",PATIKSLINTI autorių,G37. Strategija ir vadyba,,K00435,Lentynoje,,,,,,,,,,,,
436.0,,Insight Inside,,Anglų,,,Verslas / marketingas,,,,"Spinta C, 4 lentyna",PATIKSLINTI autorių,G38. Marketingas ir prekės ženklai,,K00436,Lentynoje,,,,,,,,,,,,
437.0,Al Ries; Jack Trout,Marketingo karai,Marketing Warfare,Lietuvių,McGraw-Hill,,Marketingas,,,,"Spinta C, 4 lentyna",,G38. Marketingas ir prekės ženklai,,K00437,Lentynoje,,,,,,,,,,,,
438.0,Steven D. Levitt; Stephen J. Dubner,Keistonomika,Freakonomics,Lietuvių,,,Ekonomika,,,,"Spinta C, 4 lentyna",,F32. Ekonomika ir politinė ekonomija,★ pora: originalas + vertimas,K00438,Lentynoje,,,,,,,,,,,,
439.0,Kjell A. Nordström; Jonas Ridderstråle,Karaoke Capitalism,,Anglų,,,Verslas / ekonomika,,,,"Spinta C, 4 lentyna",,F32. Ekonomika ir politinė ekonomija,,K00439,Lentynoje,,,,,,,,,,,,
440.0,David Ogilvy,Reklamos žmogaus išpažintis,Confessions of an Advertising Man,Lietuvių,Baltos lankos,,Reklama / marketingas,,,,"Spinta C, 4 lentyna",,G38. Marketingas ir prekės ženklai,,K00440,Lentynoje,,,,,,,,,,,,
441.0,Dan Hill,Body of Truth,,Anglų,Wiley,,Marketingas / psichologija,,,,"Spinta C, 4 lentyna",,D23. Psichologija ir saviugda,Šiuolaikinė psichologija,K00441,Lentynoje,,,,,,,,,,,,
442.0,Ignas Staškevičius,Lietuvos verslo legendos,,Lietuvių,Sofoklis,,Verslas,,,,"Spinta C, 4 lentyna",PATIKSLINTI tikslų pavadinimą,G37. Strategija ir vadyba,,K00442,Lentynoje,,,,,,,,,,,,
443.0,Shakti Gawain,Visualización Creativa,Creative Visualization,Ispanų,New World Library,,Saviugda / ezoterika,,,,"Spinta C, 4 lentyna",,D22. Rytų praktikos ir ezoterika,Ezoterika ir praktikos,K00443,Lentynoje,,,,,,,,,,,,
444.0,Jan M. Malecki,A History of Kraków for Everyone,,Anglų,,,Istorija,,,,"Spinta C, 4 lentyna",,E31. Istorijos biblioteka,Šalių ir epochų istorijos,K00444,Lentynoje,,,,,,,,,,,,
445.0,H. Kardel,Adolfas Hitleris – Izraelio įkūrėjas,,Lietuvių,,,Istorija / publicistika,,,,"Spinta C, 4 lentyna",,E29. XX a. totalitarizmai ir karai,,K00445,Lentynoje,,,,,,,,,,,,
446.0,Richard Rogers; Anne Power,Mažos valstybės miestai,Cities for a Small Country,Lietuvių,,,Urbanistika,,,,"Spinta C, 4 lentyna",,"H48. Menas, kalbos, pomėgiai",Architektūra ir miestai,K00446,Lentynoje,,,,,,,,,,,,
447.0,Sofija Tyzenhauzaitė,Rinktinė / atsiminimai,,Lietuvių,,,Memuarai / proza,,,,"Spinta C, 4 lentyna",PATIKSLINTI tikslų pavadinimą,A3. Klasikos kanonas (pagal šalis),Kita klasika ir antologijos,K00447,Lentynoje,,,,,,,,,,,,
448.0,,Senovės istorikai (?),,Lietuvių,,,Istorija,,,,"Spinta C, 4 lentyna","PATIKSLINTI: ruda knyga, nugarėlė iš dalies įskaitoma",E31. Istorijos biblioteka,Šalių ir epochų istorijos,K00448,Lentynoje,,,,,,,,,,,,
449.0,Heinz Guderian,Kareivio atsiminimai,Erinnerungen eines Soldaten,Lietuvių,Briedis,,Memuarai,,,,"Spinta C, 5 lentyna",,E32. Biografijos ir memuarai,Asmenybės ir memuarai,K00449,Lentynoje,,,,,,,,,,,,
450.0,Timothy Ferriss,The 4-Hour Body,,Anglų,,,Saviugda / sveikata,,,,"Spinta C, 5 lentyna",,D23. Psichologija ir saviugda,Saviugda ★ pora: originalas + vertimas,K00450,Lentynoje,,,,,,,,,,,,
451.0,Arturo Pérez-Reverte,Būgno oda,La piel del tambor,Lietuvių,Alma littera,,Romanas,,,,"Spinta C, 5 lentyna",,B9. Šiuolaikinė pasaulio proza,Šiuolaikinis pasaulio romanas,K00451,Lentynoje,,,,,,,,,,,,
452.0,David Mitchell,Juodųjų gulbių slėnis,Black Swan Green,Lietuvių,Alma littera,,Romanas,,,,"Spinta C, 5 lentyna",,B9. Šiuolaikinė pasaulio proza,Šiuolaikinis pasaulio romanas,K00452,Lentynoje,,,,,,,,,,,,
453.0,Yuval Noah Harari,Homo Deus,Homo Deus,Lietuvių,Kitos knygos,2015.0,Negrožinė / istorija,,,,"Spinta C, 5 lentyna",Pirmojo (hebrajiško) leidimo metai; angliškas vertimas 2016; konkretus leidimas nenustatytas.,E31. Istorijos biblioteka,Šalių ir epochų istorijos ★ pora: originalas + vertimas,K00453,Lentynoje,,,,,,,,,2026-09-17 15:21:00,g@cool.lt,Paupio 2 aukštas,18.0
454.0,Yuval Noah Harari,21 pamoka XXI amžiui,21 Lessons for the 21st Century,Lietuvių,Kitos knygos,,Negrožinė,,,,"Spinta C, 5 lentyna",,A50. Lietuvių XX–XXI a. literatūra,Šiuolaikinė proza,K00454,Lentynoje,,,,,,,,,,,,
455.0,Steven Bartlett,The Diary of a CEO,,Anglų,,,Verslas / saviugda,,,,"Spinta C, 5 lentyna",,D23. Psichologija ir saviugda,Saviugda,K00455,Lentynoje,,,,,,,,,,,,
456.0,Douglas Adams,The Hitchhiker's Guide to the Galaxy,,Anglų,,,Mokslinė fantastika,,,,"Spinta C, 5 lentyna",,B11. SF aukso amžius,★ pora: originalas + vertimas,K00456,Lentynoje,,,,,,,,,,,,
457.0,James Joyce,Ulisas (I tomas),Ulysses,Lietuvių,,,Romanas,,,,"Spinta C, 5 lentyna",,A6. XX a. modernizmas,,K00457,Lentynoje,,,,,,,,,,,,
458.0,James Joyce,Ulisas (II tomas),Ulysses,Lietuvių,,,Romanas,,,,"Spinta C, 5 lentyna",,A6. XX a. modernizmas,,K00458,Lentynoje,,,,,,,,,,,,
459.0,René Descartes,Meditations on First Philosophy,Meditationes de prima philosophia,Anglų,,,Filosofija,,,,"Spinta C, 5 lentyna",,D19. Filosofijos klasika,Antika–Apšvieta,K00459,Lentynoje,,,,,,,,,,,,
460.0,Jonathan Haidt,The Happiness Hypothesis,,Anglų,,,Psichologija,,,,"Spinta C, 5 lentyna",,D23. Psichologija ir saviugda,Šiuolaikinė psichologija,K00460,Lentynoje,,,,,,,,,,,,
461.0,,History of Estonia,,Anglų,,,Istorija,,,,"Spinta C, 6 lentyna",PATIKSLINTI autorių,E31. Istorijos biblioteka,Šalių ir epochų istorijos,K00461,Lentynoje,,,,,,,,,,,,
462.0,William A. McClenaghan,Magruder's American Government,,Anglų,Allyn and Bacon,1954.0,Politologija,,,,"Spinta C, 6 lentyna",,F33. Geopolitika ir publicistika,,K00462,Lentynoje,,,,,,,,,,,,
463.0,Richard D. Heffner,A Documentary History of the United States,,Anglų,,,Istorija,,,,"Spinta C, 6 lentyna",,E31. Istorijos biblioteka,Šalių ir epochų istorijos,K00463,Lentynoje,,,,,,,,,,,,
464.0,,,,,,,,,,,"Spinta C, 6 lentyna",PATIKSLINTI: rudas senas tomas (nugarėlė neįskaitoma),"X. Ūkinė zona: žinynai, vadovėliai, periodika",,K00464,Lentynoje,,,,,,,,,,,,
465.0,,Lietuva / Lithuania: Aerodromų informacinis rinkinys (Airfield Guide),,Lietuvių / anglų,,,Aviacija / žinynas,,,,"Spinta C, 6 lentyna",Padėta gulsčiai,A50. Lietuvių XX–XXI a. literatūra,Šiuolaikinė proza,K00465,Lentynoje,,,,,,,,,,,,
466.0,,Aerodinamika ir skrydžių dinamika,,Lietuvių,,,Aviacija,,,,"Spinta C, 6 lentyna",Padėta gulsčiai,A50. Lietuvių XX–XXI a. literatūra,Šiuolaikinė proza,K00466,Lentynoje,,,,,,,,,,,,
467.0,,Private Pilot Handbook,,Anglų,Jeppesen (Guided Flight Discoveries),,Aviacija,,,,"Spinta C, 6 lentyna",Padėta gulsčiai,"X. Ūkinė zona: žinynai, vadovėliai, periodika",,K00467,Lentynoje,,,,,,,,,,,,
468.0,Akira Toriyama,Drakonų kovos (Dragon Ball) — serija,Dragon Ball,Lietuvių,,,Manga / komiksai,Drakonų kovos,,,"Spinta C, 7 lentyna (apatinė)","Daug tomų (matomi Nr. 2, 5, 6, 8, 9, 10, 11, 13, 21, 22, 23, 24 ...). Tikslų komplektą patikslinti",C17. Manga ir komiksai,,K00468,Lentynoje,,,,,,,,,,,,
469.0,Masashi Kishimoto (Masašis Kišimotas),Naruto — serija,Naruto,Lietuvių,,,Manga / komiksai,Naruto,,,"Spinta C, 7 lentyna (apatinė)","Matomi tomai Nr. 2, 3, 5, 6",C17. Manga ir komiksai,,K00469,Lentynoje,,,,,,,,,,,,
470.0,Arnoldas Tannenbaumas,Kelionės į šiuolaikinę matematiką,,Lietuvių,TEV,,Matematika,,,,"Spinta C, 7 lentyna (apatinė)",PATIKSLINTI autorių,"F34. Kosmosas, fizika, matematika",,K00470,Lentynoje,,,,,,,,,,,,
471.0,Thomas L. Friedman,The World Is Flat,,Anglų,,,Ekonomika / globalizacija,,,,"Spinta C, 7 lentyna (apatinė)",,F32. Ekonomika ir politinė ekonomija,,K00471,Lentynoje,,,,,,,,,,,,
472.0,,Lietuvos karininko fotoalbumas,,Lietuvių,,,Istorija / albumas,,,,"Spinta C, 7 lentyna (apatinė)",PATIKSLINTI,E27. LDK ir Lietuvos istorija,Sintezės ir monografijos,K00472,Lentynoje,,,,,,,,,,,,
473.0,Hans-Georg Gadamer,Tiesa ir metodas (2 tomas),Wahrheit und Methode,Lietuvių,,,Filosofija,,,,"Spinta C, 7 lentyna (apatinė)",,D20. XX a. ir lietuvių filosofija,,K00473,Lentynoje,,,,,,,,,,,,
474.0,Eliyahu M. Goldratt,Tikslas,The Goal,Lietuvių,,,Vadyba,,,,"Spinta C, 7 lentyna (apatinė)",,G37. Strategija ir vadyba,,K00474,Lentynoje,,,,,,,,,,,,
475.0,,Chemijos enciklopedija,,Lietuvių,,,Enciklopedija / chemija,,,,"Spinta C, 7 lentyna (apatinė)",,A50. Lietuvių XX–XXI a. literatūra,Šiuolaikinė proza,K00475,Lentynoje,,,,,,,,,,,,
476.0,,2014–2018,,Lietuvių,,,Albumas / ataskaita,,,,"Spinta C, 7 lentyna (apatinė)",PATIKSLINTI,"H48. Menas, kalbos, pomėgiai",Pasaulio dailės albumai,K00476,Lentynoje,,,,,,,,,,,,
477.0,,Didysis lietuvių–esperanto kalbų žodynas,La granda litova–esperanta vortaro,Lietuvių / esperanto,,,Žodynas,,,,"Spinta C, 7 lentyna (apatinė)",,"H48. Menas, kalbos, pomėgiai",Kalbos ir žodynai,K00477,Lentynoje,,,,,,,,,,,,
478.0,,Spalvotieji kineskopai,,Lietuvių,,,Technika,,,,"Spinta C, 7 lentyna (apatinė)",PATIKSLINTI: gali sutapti su Nr. 345,A50. Lietuvių XX–XXI a. literatūra,Šiuolaikinė proza,K00478,Lentynoje,,,,,,,,,,,,
479.0,Sun Tzu,Karo menas,The Art of War (孫子兵法),Lietuvių,,,Strategija,,,,"Spinta C, 7 lentyna (apatinė)",,G37. Strategija ir vadyba,,K00479,Lentynoje,,,,,,,,,,,,
480.0,Martin Åberg; Martin Peterson,Baltic Cities,,Anglų,,1998.0,Istorija / urbanistika,,,9789189116030.0,"Spinta C, 7 lentyna (apatinė)",leidykla nepatikslinta (OL nurodo platintoją),E27. LDK ir Lietuvos istorija,Sintezės ir monografijos ★ pora: originalas + vertimas,K00480,Lentynoje,,,,,,,,,2026-09-17 15:21:00,g@cool.lt,Paupio 2 aukštas,49.0
481.0,Mark McNeilly,Rinktinė,,Anglų,,,Verslas / strategija,,,,"Spinta C, 7 lentyna (apatinė)",PATIKSLINTI tikslų pavadinimą,G37. Strategija ir vadyba,,K00481,Lentynoje,,,,,,,,,,,,
482.0,,Iš lietuvių kultūros istorijos,,Lietuvių,,,Kultūros istorija,,,,"Spinta D, 1 lentyna (viršutinė)",PATIKSLINTI tomą/autorių,E27. LDK ir Lietuvos istorija,Sintezės ir monografijos,K00482,Lentynoje,,,,,,,,,,,,
483.0,,Tautinis mentalitetas,,Lietuvių,,,Kultūrologija,,,,"Spinta D, 1 lentyna (viršutinė)",,"D25. Sociologija, semiotika, antropologija",,K00483,Lentynoje,,,,,,,,,,,,
484.0,,Lietuviai IX–XII amžiais,,Lietuvių,,,Istorija,,,,"Spinta D, 1 lentyna (viršutinė)",,E27. LDK ir Lietuvos istorija,Sintezės ir monografijos,K00484,Lentynoje,,,,,,,,,,,,
485.0,Aldonas Pupkis,Kalbos kultūros pagrindai,,Lietuvių,,,Kalbotyra,,,,"Spinta D, 1 lentyna (viršutinė)",PATIKSLINTI autoriaus vardą,"H48. Menas, kalbos, pomėgiai",Kalbos ir žodynai,K00485,Lentynoje,,,,,,,,,,,,
486.0,,Baltų mitologijos ir ritualo tyrimai,,Lietuvių,Aidai,,Mitologija / religijotyra,,,,"Spinta D, 1 lentyna (viršutinė)",,D21. Religijotyra ir šventraščiai,Krikščionybė ir religijotyra,K00486,Lentynoje,,,,,,,,,,,,
487.0,Pilypas Ruigys (P. Ruigys),Rinktinė,,Lietuvių,,,Kalbotyra,,,,"Spinta D, 1 lentyna (viršutinė)",PATIKSLINTI tikslų pavadinimą,"H48. Menas, kalbos, pomėgiai",Kalbos ir žodynai,K00487,Lentynoje,,,,,,,,,,,,
488.0,,Mikalojaus Daukšos Postilės prakalbos,,Lietuvių,,,Kalbotyra / senoji raštija,,,,"Spinta D, 1 lentyna (viršutinė)",,"H48. Menas, kalbos, pomėgiai",Kalbos ir žodynai,K00488,Lentynoje,,,,,,,,,,,,
489.0,Algirdas Sabaliauskas,Mes baltai,,Lietuvių,,1986.0,Kalbotyra / istorija,,,,"Spinta D, 1 lentyna (viršutinė)",Nugarėlėje matomi galimai 2 egz.,E27. LDK ir Lietuvos istorija,Sintezės ir monografijos ★ pora: originalas + vertimas,K00489,Lentynoje,,,,,,,,,2026-09-17 15:21:00,g@cool.lt,Paupio 2 aukštas,62.0
490.0,Mykolas Lietuvis,"Apie totorių, lietuvių ir maskvėnų papročius",,Lietuvių,,,Istorija / etnografija,,,,"Spinta D, 1 lentyna (viršutinė)",PATIKSLINTI,E27. LDK ir Lietuvos istorija,Sintezės ir monografijos,K00490,Lentynoje,,,,,,,,,,,,
491.0,Leonas Karsavinas,Europos kultūros istorija,,Lietuvių,Vaga,,Kultūros istorija,,,,"Spinta D, 1 lentyna (viršutinė)","3 tomas · 5 tomų Vagos leidimas (1991–1998); kataloge tomas nenurodytas (bibliotekoje 3 egz. – Nr. 547, 550, 555)",E31. Istorijos biblioteka,Kultūros istorija,K00491,Lentynoje,,,,,,,,,2026-09-17 15:21:00,g@cool.lt,Paupio 2 aukštas,53.0
492.0,Marcelinas Ročka,Rinktinė,,Lietuvių,,,Literatūrologija,,,,"Spinta D, 1 lentyna (viršutinė)",PATIKSLINTI tikslų pavadinimą,A3. Klasikos kanonas (pagal šalis),Kita klasika ir antologijos,K00492,Lentynoje,,,,,,,,,,,,
493.0,,Lietuvių šeimos papročiai,,Lietuvių,,,Etnografija,,,,"Spinta D, 1 lentyna (viršutinė)",,E27. LDK ir Lietuvos istorija,Sintezės ir monografijos,K00493,Lentynoje,,,,,,,,,,,,
494.0,Paulius Galaunė,Lietuvių liaudies menas,,Lietuvių,,,Menotyra / etnografija,,,,"Spinta D, 1 lentyna (viršutinė)",,E27. LDK ir Lietuvos istorija,Sintezės ir monografijos,K00494,Lentynoje,,,,,,,,,,,,
495.0,Paparonis,Pasakų atošvaistos,,Lietuvių,,,Proza,,,,"Spinta D, 1 lentyna (viršutinė)",,A50. Lietuvių XX–XXI a. literatūra,Šiuolaikinė proza,K00495,Lentynoje,,,,,,,,,,,,
497.0,Algimantas Čekuolis,Šešios progos numirti,,Lietuvių,,,Proza / memuarai,,,,"Spinta D, 1 lentyna (viršutinė)",,A50. Lietuvių XX–XXI a. literatūra,Šiuolaikinė proza,K00497,Lentynoje,,,,,,,,,,,,
498.0,,Apie monsinjorą Kazimierą Vasiliauską,,Lietuvių,,,Biografija,,,,"Spinta D, 1 lentyna (viršutinė)",,E32. Biografijos ir memuarai,Asmenybės ir memuarai,K00498,Lentynoje,,,,,,,,,,,,
499.0,Viktorija Daujotytė,Žmogus ir jo kalnas,,Lietuvių,Alma littera,,Eseistika,,,,"Spinta D, 1 lentyna (viršutinė)",,A50. Lietuvių XX–XXI a. literatūra,Eseistika ir humoras,K00499,Lentynoje,,,,,,,,,,,,
500.0,Petras Repšys; Aurimas Švedas,Piešimas buvo tarsi durys,,Lietuvių,Aidai,,Pokalbiai / menas,,,,"Spinta D, 1 lentyna (viršutinė)",PATIKSLINTI tikslų pavadinimą,E32. Biografijos ir memuarai,Asmenybės ir memuarai,K00500,Lentynoje,,,,,,,,,,,,
501.0,,Vrubelis,,Lietuvių,,,Dailės monografija,,,,"Spinta D, 1 lentyna (viršutinė)",PATIKSLINTI autorių (apie M. Vrubelį),"H48. Menas, kalbos, pomėgiai",Pasaulio dailės albumai,K00501,Lentynoje,,,,,,,,,,,,
502.0,,Šekspyras,,Lietuvių,,,Monografija,,,,"Spinta D, 1 lentyna (viršutinė)",PATIKSLINTI autorių,A50. Lietuvių XX–XXI a. literatūra,Šiuolaikinė proza,K00502,Lentynoje,,,,,,,,,,,,
503.0,,Pasteris,,Lietuvių,,,Biografija,,,,"Spinta D, 1 lentyna (viršutinė)",PATIKSLINTI autorių (apie L. Pasteurą),E32. Biografijos ir memuarai,Asmenybės ir memuarai,K00503,Lentynoje,,,,,,,,,,,,
504.0,,Balzakas,,Lietuvių,,,Biografija,,,,"Spinta D, 1 lentyna (viršutinė)",PATIKSLINTI autorių (apie H. de Balzaką),E32. Biografijos ir memuarai,Asmenybės ir memuarai,K00504,Lentynoje,,,,,,,,,,,,
505.0,S. Kraniauskienė; S. Pocytė; R. Leiserowitz; I. Šutinienė,Klaipėdos kraštas 1945–1960 m.,,Lietuvių,,,Istorija,,,,"Spinta D, 1 lentyna (viršutinė)",,E27. LDK ir Lietuvos istorija,Sintezės ir monografijos,K00505,Lentynoje,,,,,,,,,,,,
506.0,Vanda Ibianska,Gyvenimas kaip senas vynas,,Lietuvių,,,Eseistika,,,,"Spinta D, 1 lentyna (viršutinė)",,A50. Lietuvių XX–XXI a. literatūra,Eseistika ir humoras,K00506,Lentynoje,,,,,,,,,,,,
507.0,Józef Mackiewicz,Kelias į niekur,Droga donikąd,Lietuvių,Aidai,,Romanas,,,,"Spinta D, 1 lentyna (viršutinė)",,A3. Klasikos kanonas (pagal šalis),Kita klasika ir antologijos,K00507,Lentynoje,,,,,,,,,,,,
508.0,Žibutė Gadliauskienė (?),"Laiškai, kurių tu niekada negausi",,Lietuvių,Alma littera,,Proza,,,,"Spinta D, 1 lentyna (viršutinė)",PATIKSLINTI autorę,A3. Klasikos kanonas (pagal šalis),Kita klasika ir antologijos,K00508,Lentynoje,,,,,,,,,,,,
509.0,Antonio Tabucchi,Dreams of Dreams,Sogni di sogni,Anglų,City Lights,,Proza,,,,"Spinta D, 1 lentyna (viršutinė)",Padėta gulsčiai,B9. Šiuolaikinė pasaulio proza,Šiuolaikinis pasaulio romanas,K00509,Lentynoje,,,,,,,,,,,,
510.0,Peter Kummer,Nieko nėra neįmanoma,,Lietuvių,,,Saviugda,,,,"Spinta D, 1 lentyna (viršutinė)",Padėta gulsčiai. PATIKSLINTI,D23. Psichologija ir saviugda,Saviugda,K00510,Lentynoje,,,,,,,,,,,,
511.0,,,,Lietuvių,,,,,,,"Spinta D, 1 lentyna (viršutinė)","PATIKSLINTI: „Lituanistinė biblioteka“ serija ir keli seni tomeliai (V. Pabsto, kt.) — nugarėlės iš dalies neįskaitomos","X. Ūkinė zona: žinynai, vadovėliai, periodika",,K00511,Lentynoje,,,,,,,,,,,,
512.0,,Pirmasis Lietuvos Statutas / Первый Литовский статут,,Lietuvių / rusų,,,Teisės istorija,,,,"Spinta D, 2 lentyna",Nr. 3,E27. LDK ir Lietuvos istorija,Šaltiniai ir kronikos,K00512,Lentynoje,,,,,,,,,,,,
513.0,,Lietuvos Respublikos Prezidentai,,Lietuvių,,,Istorija,,,,"Spinta D, 2 lentyna",,E27. LDK ir Lietuvos istorija,Sintezės ir monografijos,K00513,Lentynoje,,,,,,,,,,,,
514.0,,Penkeri Prezidento metai,,Lietuvių,Pradai,,Politika / istorija,,,,"Spinta D, 2 lentyna",,E31. Istorijos biblioteka,Šalių ir epochų istorijos,K00514,Lentynoje,,,,,,,,,,,,
515.0,Lauras Bielinis,Prezidentė,,Lietuvių,,,Politika,,,,"Spinta D, 2 lentyna",Apie D. Grybauskaitę,F33. Geopolitika ir publicistika,,K00515,Lentynoje,,,,,,,,,,,,
516.0,,Prezidentas Valdas Adamkus,,Lietuvių,Baltos lankos,,Biografija,,,,"Spinta D, 2 lentyna",,E32. Biografijos ir memuarai,Valstybininkų biografijos,K00516,Lentynoje,,,,,,,,,,,,
517.0,,Alma,,Lietuvių,Tyto alba,,Romanas (?),,,,"Spinta D, 2 lentyna",PATIKSLINTI autorių ir žanrą,A3. Klasikos kanonas (pagal šalis),Kita klasika ir antologijos,K00517,Lentynoje,,,,,,,,,,,,
518.0,Mykolas Römeris,Teisinės minties palikimas,,Lietuvių,,,Teisė,,,,"Spinta D, 2 lentyna",PATIKSLINTI tikslų pavadinimą,A50. Lietuvių XX–XXI a. literatūra,Šiuolaikinė proza,K00518,Lentynoje,,,,,,,,,,,,
519.0,Aleksandras Guobys,Trys dešimtmečiai emigracijoje,,Lietuvių,,,Memuarai,,,,"Spinta D, 2 lentyna",,E32. Biografijos ir memuarai,Asmenybės ir memuarai,K00519,Lentynoje,,,,,,,,,,,,
521.0,Algis Balaišis,Lietuvos valstybės sienos apsauga 1918–1940 m.: žmonės ir įvykiai,,Lietuvių,,,Istorija,,,,"Spinta D, 2 lentyna",,E27. LDK ir Lietuvos istorija,Sintezės ir monografijos,K00521,Lentynoje,,,,,,,,,,,,
522.0,,Lietuva 1991.01.13,,Lietuvių,,,Istorija,,,,"Spinta D, 2 lentyna",,E27. LDK ir Lietuvos istorija,Sintezės ir monografijos,K00522,Lentynoje,,,,,,,,,,,,
523.0,,Leiskit į tėvynę,,Lietuvių,,,Istorija / atsiminimai,,,,"Spinta D, 2 lentyna",,E32. Biografijos ir memuarai,Asmenybės ir memuarai,K00523,Lentynoje,,,,,,,,,,,,
524.0,,Amžino įšalo žemėje,,Lietuvių,Žaltvykslė,,Memuarai (tremtis),,,,"Spinta D, 2 lentyna",,E30. Tremtis ir rezistencija,,K00524,Lentynoje,,,,,,,,,,,,
525.0,,Vasario 16-oji – Lietuvos valstybės atkūrimo diena,,Lietuvių,,,Istorija,,,,"Spinta D, 2 lentyna",PATIKSLINTI,E27. LDK ir Lietuvos istorija,Sintezės ir monografijos,K00525,Lentynoje,,,,,,,,,,,,
526.0,Jonas Öhman,Donbasas (?),,Lietuvių,Alma littera,,Istorija / publicistika,,,,"Spinta D, 2 lentyna",PATIKSLINTI tikslų pavadinimą,E29. XX a. totalitarizmai ir karai,,K00526,Lentynoje,,,,,,,,,,,,
527.0,Petras Klimas,Ilgas kelias viršūnėn: iš mano atsiminimų,,Lietuvių,,,Memuarai,,,,"Spinta D, 2 lentyna",,E32. Biografijos ir memuarai,Asmenybės ir memuarai,K00527,Lentynoje,,,,,,,,,,,,
528.0,Motiejus Čepas,Rinktinė / atsiminimai,,Lietuvių,,,Memuarai,,,,"Spinta D, 2 lentyna",PATIKSLINTI (gali sutapti su Nr. 347),E32. Biografijos ir memuarai,Asmenybės ir memuarai,K00528,Lentynoje,,,,,,,,,,,,
529.0,Zenonas Ivinskis,Lietuvos istorija,,Lietuvių,,,Istorija,,,,"Spinta D, 3 lentyna","autoriaus ant nugarėlės nematyti · be autoriaus neaišku, kuris leidinys (Sruogienė, Ivinskis, Jučas ir kt.)",E27. LDK ir Lietuvos istorija,Sintezės ir monografijos,K00529,Lentynoje,,,,,,,,,2026-09-16 17:51:00,g@cool.lt,Paupio 2 aukštas,47.0
530.0,,Žalgirio mūšis,,Lietuvių,,,Istorija,,,,"Spinta D, 3 lentyna",PATIKSLINTI autorių,E27. LDK ir Lietuvos istorija,Sintezės ir monografijos,K00530,Lentynoje,,,,,,,,,,,,
531.0,Stanislovas Kryčinskis,Lietuvos totoriai,,Lietuvių,,,Istorija / etnografija,,,,"Spinta D, 3 lentyna",,E27. LDK ir Lietuvos istorija,Sintezės ir monografijos,K00531,Lentynoje,,,,,,,,,,,,
532.0,,Visa istorija yra gyvenimas,,Lietuvių,,,Istorija / pokalbiai,,,,"Spinta D, 3 lentyna",Apie E. Gudavičių. PATIKSLINTI,E32. Biografijos ir memuarai,Asmenybės ir memuarai,K00532,Lentynoje,,,,,,,,,,,,
533.0,Jonas Radvanas,Radviliada,,Lietuvių,,,Poema,Bibliotheca Baltica,,,"Spinta D, 3 lentyna",,A2. Viduramžių ir tautų epai,,K00533,Lentynoje,,,,,,,,,,,,
534.0,Vytenis Almonaitis,Žemaitijos politinė padėtis 1380–1410 metais,,Lietuvių,,,Istorija,,,,"Spinta D, 3 lentyna",,E27. LDK ir Lietuvos istorija,Sintezės ir monografijos,K00534,Lentynoje,,,,,,,,,,,,
535.0,A. J. Greimas; S. Žukas,Lietuva Pabaltijy,,Lietuvių,,,Istorija / kultūra,,,,"Spinta D, 3 lentyna",,E27. LDK ir Lietuvos istorija,Sintezės ir monografijos,K00535,Lentynoje,,,,,,,,,,,,
536.0,Petras Dusburgietis,Prūsijos žemės kronika,,Lietuvių,,,Istorijos šaltinis,,,,"Spinta D, 3 lentyna",Nugarėlėje matomi galimai 2 egz.,E27. LDK ir Lietuvos istorija,Šaltiniai ir kronikos,K00536,Lentynoje,,,,,,,,,,,,
537.0,,Lietuvos kronikos,,Lietuvių,,,Istorijos šaltinis,,,,"Spinta D, 3 lentyna",,E27. LDK ir Lietuvos istorija,Šaltiniai ir kronikos,K00537,Lentynoje,,,,,,,,,,,,
538.0,Albertas Vijūkas-Kojelavičius,Lietuvos istorija,,Lietuvių,,,Istorija,,,,"Spinta D, 3 lentyna",,E27. LDK ir Lietuvos istorija,Sintezės ir monografijos,K00538,Lentynoje,,,,,,,,,,,,
539.0,,Lietuvos miestų istorijos šaltiniai,,Lietuvių,,,Istorijos šaltiniai,,,,"Spinta D, 3 lentyna",,E27. LDK ir Lietuvos istorija,Šaltiniai ir kronikos,K00539,Lentynoje,,,,,,,,,,,,
540.0,Jadvyga Tarasonienė,Esate ištremta pagrįstai,,Lietuvių,,2004.0,Memuarai (tremtis),,,,"Spinta D, 3 lentyna","OpenLibrary: 2004 m., vienas leidimas; leidykla ir ISBN nepatikslinti",E30. Tremtis ir rezistencija,★ pora: originalas + vertimas,K00540,Lentynoje,,,,,,,,,2026-09-17 15:21:00,g@cool.lt,Paupio 2 aukštas,63.0
541.0,Edvardas Gudavičius,Miestų atsiradimas Lietuvoje,,Lietuvių,,,Istorija,,,,"Spinta D, 3 lentyna",PATIKSLINTI,E27. LDK ir Lietuvos istorija,Sintezės ir monografijos,K00541,Lentynoje,,,,,,,,,,,,
542.0,Alexander Giese,Laisvieji mūrininkai,Die Freimaurer,Lietuvių,,,Istorija,,,,"Spinta D, 3 lentyna",,E31. Istorijos biblioteka,Šalių ir epochų istorijos,K00542,Lentynoje,,,,,,,,,,,,
543.0,,Lietuvos valstybės konstitucijos,,Lietuvių,,,Teisė,,,,"Spinta D, 3 lentyna",PATIKSLINTI,A50. Lietuvių XX–XXI a. literatūra,Šiuolaikinė proza,K00543,Lentynoje,,,,,,,,,,,,
544.0,,,,Lietuvių,,,,,,,"Spinta D, 3 lentyna","PATIKSLINTI: „Lituanistinė biblioteka“ serija, „Vytautas Didysis“, V. Daugirdaitė-Sruogienė ir keli kiti tankiai sukrauti tomai — reikia iš arčiau","X. Ūkinė zona: žinynai, vadovėliai, periodika",,K00544,Lentynoje,,,,,,,,,,,,
545.0,,Kiklopų nelaisvėje,,Lietuvių,,,Memuarai (tremtis),,,,"Spinta D, 2 lentyna",PATIKSLINTI autorių,E30. Tremtis ir rezistencija,,K00545,Lentynoje,,,,,,,,,,,,
546.0,Olga Merkienė,"Aš – Olga, Juozo žmona",,Lietuvių,,,Memuarai,,,,"Spinta D, 2 lentyna",,E32. Biografijos ir memuarai,Asmenybės ir memuarai,K00546,Lentynoje,,,,,,,,,,,,
547.0,Izidorius Ignatavičius,Rinktinė,,Lietuvių,,,Memuarai / proza,,,,"Spinta D, 2 lentyna",PATIKSLINTI tikslų pavadinimą,A3. Klasikos kanonas (pagal šalis),Kita klasika ir antologijos,K00547,Lentynoje,,,,,,,,,,,,
548.0,Antanina Garmutė,"Motinėle, auginai",,Lietuvių,,,Memuarai (tremtis),,,,"Spinta D, 2 lentyna",,E30. Tremtis ir rezistencija,,K00548,Lentynoje,,,,,,,,,,,,
549.0,,Mano galerija,,Lietuvių,,,Memuarai / eseistika,,,,"Spinta D, 2 lentyna",PATIKSLINTI autorių,A3. Klasikos kanonas (pagal šalis),Kita klasika ir antologijos,K00549,Lentynoje,,,,,,,,,,,,
550.0,Kazimieras Skebėra,Reikėjo mūsų kančių,,Lietuvių,,,Memuarai,,,,"Spinta D, 2 lentyna",,E32. Biografijos ir memuarai,Asmenybės ir memuarai,K00550,Lentynoje,,,,,,,,,,,,
551.0,,Lietuva ir Sąjūdis,,Lietuvių,,,Istorija,,,,"Spinta D, 2 lentyna",,E27. LDK ir Lietuvos istorija,Sintezės ir monografijos,K00551,Lentynoje,,,,,,,,,,,,
552.0,Undinė Nasvytytė,Apie pulką ir mergelę,,Lietuvių,Alma littera,,Proza,,,,"Spinta D, 2 lentyna",PATIKSLINTI,A3. Klasikos kanonas (pagal šalis),Kita klasika ir antologijos,K00552,Lentynoje,,,,,,,,,,,,
553.0,,Darius ir Girėnas,,Lietuvių,,,Istorija / biografija,,,,"Spinta D, 2 lentyna",PATIKSLINTI autorių,E32. Biografijos ir memuarai,Asmenybės ir memuarai,K00553,Lentynoje,,,,,,,,,,,,
554.0,,Lietuvos valstybės kontrolės istorija,,Lietuvių,,,Istorija,,,,"Spinta D, 3 lentyna",,E27. LDK ir Lietuvos istorija,Sintezės ir monografijos,K00554,Lentynoje,,,,,,,,,,,,
555.0,Robert M. Pirsig,Dzenas ir motociklo priežiūros menas,Zen and the Art of Motorcycle Maintenance,Lietuvių,,,Filosofija / proza,,,,"Spinta D, 3 lentyna",,A3. Klasikos kanonas (pagal šalis),Kita klasika ir antologijos,K00555,Lentynoje,,,,,,,,,,,,
556.0,Deepak Chopra,"Galia, laisvė ir malonė","Power, Freedom, and Grace",Lietuvių,,,Saviugda / dvasingumas,,,,"Spinta D, 3 lentyna",,D22. Rytų praktikos ir ezoterika,Ezoterika ir praktikos,K00556,Lentynoje,,,,,,,,,,,,
557.0,Gabija Grušaitė,Stasys Šaltoka: vieneri metai,,Lietuvių,,,Romanas,,,,"Spinta D, 3 lentyna",,A50. Lietuvių XX–XXI a. literatūra,Šiuolaikinė proza,K00557,Lentynoje,,,,,,,,,,,,
558.0,Paulius Širvys,Neišsipildymas,,Lietuvių,,,Poezija,,,,"Spinta D, 3 lentyna",,A50. Lietuvių XX–XXI a. literatūra,Poezija,K00558,Lentynoje,,,,,,,,,,,,
559.0,Susanna Millar (Сюзанна Миллер),Психология игры,The Psychology of Play,Rusų,,,Psichologija,,,,"Spinta D, 3 lentyna",,D23. Psichologija ir saviugda,Psichoanalizės ir raidos klasika,K00559,Lentynoje,,,,,,,,,,,,
560.0,Sultan Kermally,Gurus on People Management,,Anglų,Thorogood,,Vadyba,,,,"Spinta D, 3 lentyna",,G37. Strategija ir vadyba,,K00560,Lentynoje,,,,,,,,,,,,
561.0,David H. Maister,Practice What You Preach,,Anglų,Free Press,,Vadyba,,,,"Spinta D, 3 lentyna",,G37. Strategija ir vadyba,,K00561,Lentynoje,,,,,,,,,,,,
562.0,Patrick J. McKenna; David H. Maister,First Among Equals,,Anglų,Free Press,,Vadyba,,,,"Spinta D, 3 lentyna",,G37. Strategija ir vadyba,,K00562,Lentynoje,,,,,,,,,,,,
563.0,Brian Tracy,Maximum Achievement,,Anglų,,,Saviugda,,,,"Spinta D, 3 lentyna",,D23. Psichologija ir saviugda,Saviugda,K00563,Lentynoje,,,,,,,,,,,,
564.0,Erik H. Erikson,Gandhi's Truth,,Anglų,W. W. Norton,,Psichologija / biografija,,,,"Spinta D, 3 lentyna",,D23. Psichologija ir saviugda,Šiuolaikinė psichologija,K00564,Lentynoje,,,,,,,,,,,,
565.0,Lina Žutautė,Kakė Makė (serija),,Lietuvių,,,Vaikų literatūra,,,,"Spinta D, 4 lentyna",PATIKSLINTI tikslų pavadinimą,C16. Vaikų literatūra ir pasakos,Vaikų knygos ir lavinimas,K00565,Lentynoje,,,,,,,,,,,,
566.0,,Vilniaus istorijos metraštis 2007/1,,Lietuvių,Academia,,Istorija,,,,"Spinta D, 4 lentyna",,E28. Vilniaus biblioteka,,K00566,Lentynoje,,,,,,,,,,,,
567.0,,Vilniaus architektūra,,Lietuvių,,,Architektūra,,,,"Spinta D, 4 lentyna",,E28. Vilniaus biblioteka,,K00567,Lentynoje,,,,,,,,,,,,
568.0,,Kauno architektūra,,Lietuvių,,,Architektūra,,,,"Spinta D, 4 lentyna",,"H48. Menas, kalbos, pomėgiai",Architektūra ir miestai,K00568,Lentynoje,,,,,,,,,,,,
569.0,Antanas Rimvydas Čaplinskas,"Vilniaus gatvių istorija: Šv. Jono, Dominikonų, Trakų gatvės",,Lietuvių,,,Istorija,,,,"Spinta D, 4 lentyna",,E28. Vilniaus biblioteka,,K00569,Lentynoje,,,,,,,,,,,,
570.0,,Bažnyčia Lietuvoje,,Lietuvių,,,Istorija / religija,,,,"Spinta D, 4 lentyna",PATIKSLINTI autorių,D21. Religijotyra ir šventraščiai,Krikščionybė ir religijotyra,K00570,Lentynoje,,,,,,,,,,,,
571.0,,Trakų miestas ir pilys,,Lietuvių,,,Istorija,,,,"Spinta D, 4 lentyna",,E27. LDK ir Lietuvos istorija,Sintezės ir monografijos,K00571,Lentynoje,,,,,,,,,,,,
572.0,,Lietuvos pilys,,Lietuvių,,,Istorija / architektūra,,,,"Spinta D, 4 lentyna",,E27. LDK ir Lietuvos istorija,Sintezės ir monografijos,K00572,Lentynoje,,,,,,,,,,,,
573.0,Algirdas Šidlauskas (?),Lietuvos architektūros istorija,,Lietuvių,,,Architektūra,,,,"Spinta D, 4 lentyna",PATIKSLINTI autorių,"H48. Menas, kalbos, pomėgiai",Architektūra ir miestai,K00573,Lentynoje,,,,,,,,,,,,
574.0,,Vilniaus universiteto istorija (1579–1803),,Lietuvių,,,Istorija,,,,"Spinta D, 4 lentyna",,E28. Vilniaus biblioteka,,K00574,Lentynoje,,,,,,,,,,,,
575.0,,Vilniaus universiteto istorija (1803–1940),,Lietuvių,,,Istorija,,,,"Spinta D, 4 lentyna",,E28. Vilniaus biblioteka,,K00575,Lentynoje,,,,,,,,,,,,
576.0,,Vilniaus universiteto istorija (1940–1994),,Lietuvių,,,Istorija,,,,"Spinta D, 4 lentyna",PATIKSLINTI metus,E28. Vilniaus biblioteka,,K00576,Lentynoje,,,,,,,,,,,,
577.0,Josephas Frankas,Vilnius XIX amžiuje: atsiminimai (Pirma knyga),,Lietuvių,Mintis,,Memuarai,,,,"Spinta D, 4 lentyna",,E28. Vilniaus biblioteka,,K00577,Lentynoje,,,,,,,,,,,,
578.0,Laimonas Briedis,Vilnius: savas ir svetimas,Vilnius: City of Strangers,Lietuvių,Baltos lankos,,Istorija / eseistika,,,,"Spinta D, 4 lentyna",,A3. Klasikos kanonas (pagal šalis),Kita klasika ir antologijos,K00578,Lentynoje,,,,,,,,,,,,
579.0,Giedrė Jankevičiūtė,Lithuania: Guide,,Anglų,,,Kelionių vadovas,,,,"Spinta D, 4 lentyna",,"H47. Kelionės, atlasai, geografija",Kelionių literatūra,K00579,Lentynoje,,,,,,,,,,,,
580.0,Og Mandino,Sėkmės universitetas,The University of Success,Lietuvių,Luccol,,Saviugda,,,,"Spinta D, 4 lentyna",,D23. Psichologija ir saviugda,Saviugda,K00580,Lentynoje,,,,,,,,,,,,
581.0,Eli Broad,The Art of Being Unreasonable,,Anglų,Wiley,,Verslas,,,,"Spinta D, 4 lentyna",,G37. Strategija ir vadyba,,K00581,Lentynoje,,,,,,,,,,,,
582.0,Vladas Drėma,Rinktinė,,Lietuvių,,,Dailėtyra / istorija,,,,"Spinta D, 4 lentyna",PATIKSLINTI tikslų pavadinimą (galimai „Dingęs Vilnius“),E31. Istorijos biblioteka,Šalių ir epochų istorijos,K00582,Lentynoje,,,,,,,,,,,,
583.0,,Pasivaikščiojimai po Vilnių,,Lietuvių,,,Istorija / vadovas,,,,"Spinta D, 4 lentyna",PATIKSLINTI autorių,E28. Vilniaus biblioteka,,K00583,Lentynoje,,,,,,,,,,,,
584.0,,Lazdynai,,Lietuvių,,,Albumas / kraštotyra,,,,"Spinta D, 4 lentyna",,E31. Istorijos biblioteka,Šalių ir epochų istorijos,K00584,Lentynoje,,,,,,,,,,,,
585.0,,Klaipėdos universitetas: senųjų pastatų istorijos,,Lietuvių,,,Istorija,,,,"Spinta D, 4 lentyna",PATIKSLINTI,E27. LDK ir Lietuvos istorija,Sintezės ir monografijos,K00585,Lentynoje,,,,,,,,,,,,
586.0,,"Lietuva: praeitis, kultūra, dabartis",,Lietuvių,Baltos lankos,,Kultūros istorija,,,,"Spinta D, 4 lentyna",,E27. LDK ir Lietuvos istorija,Sintezės ir monografijos,K00586,Lentynoje,,,,,,,,,,,,
587.0,Boris Akunin (Борис Акунин),Нефритовые чётки,,Rusų,,,Detektyvas / proza,,,,"Spinta D, 5 lentyna",Padėta gulsčiai,B15. Modernūs trileriai ir kriminalai,Kiti trileriai,K00587,Lentynoje,,,,,,,,,,,,
588.0,Aleksandras Genis (Александр Генис),"Собрание сочинений, т. 2: Расследования",,Rusų,,,Eseistika,,,,"Spinta D, 5 lentyna",Padėta gulsčiai,A4. Rusų lentyna (originalo k.),Posovietinė proza,K00588,Lentynoje,,,,,,,,,,,,
589.0,Aleksandras Genis (Александр Генис),"Собрание сочинений, т. 1: Культурология",,Rusų,,,Eseistika / kultūrologija,,,,"Spinta D, 5 lentyna",Padėta gulsčiai,A4. Rusų lentyna (originalo k.),Posovietinė proza,K00589,Lentynoje,,,,,,,,,,,,
590.0,Tomas Sakalauskas,Žiūrėjimas į ugnį,,Lietuvių,Alka,,Eseistika,,,,"Spinta D, 5 lentyna",,A50. Lietuvių XX–XXI a. literatūra,Eseistika ir humoras,K00590,Lentynoje,,,,,,,,,,,,
591.0,,Poezijos pavasaris 2001,,Lietuvių,,,Poezija / almanachas,,,,"Spinta D, 5 lentyna",,A3. Klasikos kanonas (pagal šalis),Kita klasika ir antologijos,K00591,Lentynoje,,,,,,,,,,,,
592.0,Vytautas Mačernis,Vėl žemės ilgesy,,Lietuvių,,,Poezija,,,,"Spinta D, 5 lentyna",,A50. Lietuvių XX–XXI a. literatūra,Poezija,K00592,Lentynoje,,,,,,,,,,,,
593.0,Marcelijus Martinaitis,Rinktinė,,Lietuvių,,,Poezija,,,,"Spinta D, 5 lentyna",PATIKSLINTI tikslų pavadinimą,A50. Lietuvių XX–XXI a. literatūra,Poezija,K00593,Lentynoje,,,,,,,,,,,,
594.0,Alfonsas Maldonis,Rinktinė,,Lietuvių,,,Poezija,,,,"Spinta D, 5 lentyna",PATIKSLINTI tikslų pavadinimą,A50. Lietuvių XX–XXI a. literatūra,Poezija,K00594,Lentynoje,,,,,,,,,,,,
595.0,,Dvidešimtojo amžiaus lietuvių poezija (1 tomas),,Lietuvių,,,Poezija / antologija,,,,"Spinta D, 5 lentyna",,A3. Klasikos kanonas (pagal šalis),Kita klasika ir antologijos,K00595,Lentynoje,,,,,,,,,,,,
596.0,John L. Stephens,Incidents of Travel in Yucatan (Vol. 1),,Anglų,Dover,,Kelionių proza,,,,"Spinta D, 5 lentyna",,A3. Klasikos kanonas (pagal šalis),Kita klasika ir antologijos,K00596,Lentynoje,,,,,,,,,,,,
597.0,John L. Stephens,Incidents of Travel in Yucatan (Vol. 2),,Anglų,Dover,,Kelionių proza,,,,"Spinta D, 5 lentyna",,A3. Klasikos kanonas (pagal šalis),Kita klasika ir antologijos,K00597,Lentynoje,,,,,,,,,,,,
598.0,Fawn M. Brodie,Thomas Jefferson: An Intimate History,,Anglų,W. W. Norton,,Biografija,,,,"Spinta D, 5 lentyna",,E32. Biografijos ir memuarai,Valstybininkų biografijos,K00598,Lentynoje,,,,,,,,,,,,
599.0,Justinas Marcinkevičius,Rinktinė,,Lietuvių,,,Poezija,,,,"Spinta D, 5 lentyna",PATIKSLINTI tikslų pavadinimą,A50. Lietuvių XX–XXI a. literatūra,Poezija,K00599,Lentynoje,,,,,,,,,,,,
600.0,Nerija Putinaitė,Skambantis molis: dainų šventės ir Justino Marcinkevičiaus trilogija kaip sovietinio lietuviškumo ramsčiai,,Lietuvių,,,Kultūros studija,,,,"Spinta D, 5 lentyna",,"D25. Sociologija, semiotika, antropologija",,K00600,Lentynoje,,,,,,,,,,,,
601.0,Justinas Marcinkevičius,Dienoraštis be datų,,Lietuvių,,,Eseistika,,,,"Spinta D, 5 lentyna",,A50. Lietuvių XX–XXI a. literatūra,Sovietmečio karta,K00601,Lentynoje,,,,,,,,,,,,
602.0,Justinas Marcinkevičius,Sena abėcėlė,,Lietuvių,,,Poezija,,,,"Spinta D, 6 lentyna",Padėta gulsčiai,A50. Lietuvių XX–XXI a. literatūra,Poezija,K00602,Lentynoje,,,,,,,,,,,,
603.0,Richard Bach,Palikę užuovėją,,Lietuvių,,,Proza,,,,"Spinta D, 6 lentyna",Padėta gulsčiai. PATIKSLINTI originalą,A3. Klasikos kanonas (pagal šalis),Kita klasika ir antologijos,K00603,Lentynoje,,,,,,,,,,,,
604.0,Sarah Ban Breathnach,Paprasta pilnatvė: pašnekesiai apie dvasinę ramybę,Simple Abundance,Lietuvių,,,Saviugda,,,,"Spinta D, 6 lentyna",Padėta gulsčiai,D23. Psichologija ir saviugda,Saviugda,K00604,Lentynoje,,,,,,,,,,,,
605.0,Vanda Zaborskaitė,Maironis,,Lietuvių,,,Monografija / literatūrologija,,,,"Spinta D, 6 lentyna",,A3. Klasikos kanonas (pagal šalis),Kita klasika ir antologijos,K00605,Lentynoje,,,,,,,,,,,,
606.0,Justinas Marcinkevičius,Raštai (1 tomas),,Lietuvių,,,Raštai / poezija,,,,"Spinta D, 6 lentyna",,A50. Lietuvių XX–XXI a. literatūra,Poezija,K00606,Lentynoje,,,,,,,,,,,,
607.0,Justinas Marcinkevičius,Raštai (2 tomas),,Lietuvių,,,Raštai / poezija,,,,"Spinta D, 6 lentyna",,A50. Lietuvių XX–XXI a. literatūra,Poezija,K00607,Lentynoje,,,,,,,,,,,,
608.0,Justinas Marcinkevičius,Raštai (3 tomas),,Lietuvių,,,Raštai / poezija,,,,"Spinta D, 6 lentyna",,A50. Lietuvių XX–XXI a. literatūra,Poezija,K00608,Lentynoje,,,,,,,,,,,,
609.0,Justinas Marcinkevičius,Raštai (4 tomas),,Lietuvių,,,Raštai / poezija,,,,"Spinta D, 6 lentyna",,A50. Lietuvių XX–XXI a. literatūra,Poezija,K00609,Lentynoje,,,,,,,,,,,,
610.0,Adomas Mickevičius,Ponas Tadas,Pan Tadeusz,Lietuvių,,,Poema,,,,"Spinta D, 6 lentyna",,A3. Klasikos kanonas (pagal šalis),Šiaurės ir Vidurio Europos klasika,K00610,Lentynoje,,,,,,,,,,,,
611.0,Bernardas Brazdžionis,Poezijos pilnatis / Raštai,,Lietuvių,,,Poezija,,,,"Spinta D, 6 lentyna",PATIKSLINTI tikslų pavadinimą (odinis leidimas),A50. Lietuvių XX–XXI a. literatūra,Poezija,K00611,Lentynoje,,,,,,,,,,,,
612.0,Justinas Marcinkevičius,Trilogija (Mindaugas; Mažvydas; Katedra),,Lietuvių,,,Dramaturgija,,,,"Spinta D, 6 lentyna",PATIKSLINTI (galimai atskiri tomeliai),A50. Lietuvių XX–XXI a. literatūra,Sovietmečio karta,K00612,Lentynoje,,,,,,,,,,,,
613.0,Alma Čepienė,Moterų vergas,,Lietuvių,Tyto alba,,Romanas,,,,"Spinta D, 7 lentyna",,A50. Lietuvių XX–XXI a. literatūra,Šiuolaikinė proza,K00613,Lentynoje,,,,,,,,,,,,
614.0,Alma Čepienė,"Taip, madam... Ne, madam",,Lietuvių,Tyto alba,,Proza,,,,"Spinta D, 7 lentyna",,A50. Lietuvių XX–XXI a. literatūra,Šiuolaikinė proza,K00614,Lentynoje,,,,,,,,,,,,
615.0,,Apie muzikos būtį,,Lietuvių,,,Muzikologija,,,,"Spinta D, 7 lentyna",PATIKSLINTI autorių,A50. Lietuvių XX–XXI a. literatūra,Šiuolaikinė proza,K00615,Lentynoje,,,,,,,,,,,,
616.0,Donatas Katkus,Rinktinė,,Lietuvių,,,Muzikologija / eseistika,,,,"Spinta D, 7 lentyna",PATIKSLINTI tikslų pavadinimą,A3. Klasikos kanonas (pagal šalis),Kita klasika ir antologijos,K00616,Lentynoje,,,,,,,,,,,,
617.0,,Varpai 2010,,Lietuvių,,,Almanachas,,,,"Spinta D, 7 lentyna",,A50. Lietuvių XX–XXI a. literatūra,Šiuolaikinė proza,K00617,Lentynoje,,,,,,,,,,,,
618.0,Vladas Rožėnas,"Viskas gerai, aš dar jaunas",,Lietuvių,,,Memuarai / proza,,,,"Spinta D, 7 lentyna",,A50. Lietuvių XX–XXI a. literatūra,Šiuolaikinė proza,K00618,Lentynoje,,,,,,,,,,,,
619.0,Algimantas Čekuolis,Staigmenos ir kiti žinomi dalykai,,Lietuvių,Alma littera,,Eseistika,,,,"Spinta D, 7 lentyna",,A50. Lietuvių XX–XXI a. literatūra,Eseistika ir humoras,K00619,Lentynoje,,,,,,,,,,,,
620.0,Juozas Erlickas,Aš moku augti,,Lietuvių,Tyto alba,,Humoras / satyra,,,,"Spinta D, 7 lentyna",,A50. Lietuvių XX–XXI a. literatūra,Eseistika ir humoras,K00620,Lentynoje,,,,,,,,,,,,
621.0,,History of Lithuania,,Anglų,Tyto alba,,Istorija,,,,"Spinta D, 7 lentyna",,E31. Istorijos biblioteka,Šalių ir epochų istorijos,K00621,Lentynoje,,,,,,,,,,,,
622.0,Juozas Erlickas,Prisiminimai,,Lietuvių,,,Humoras / satyra,,,,"Spinta D, 7 lentyna",,A50. Lietuvių XX–XXI a. literatūra,Eseistika ir humoras,K00622,Lentynoje,,,,,,,,,,,,
623.0,Juozas Erlickas (?),Kitas pasaulis,,Lietuvių,RoRa,,Humoras / proza,,,,"Spinta D, 7 lentyna",PATIKSLINTI autorių,A50. Lietuvių XX–XXI a. literatūra,Eseistika ir humoras,K00623,Lentynoje,,,,,,,,,,,,
624.0,Teofilis Tilvytis,Rinktinė,,Lietuvių,,,Poezija,,,,"Spinta D, 8 lentyna",PATIKSLINTI tikslų pavadinimą,A49. Lietuvių klasika ir raštai,,K00624,Lentynoje,,,,,,,,,,,,
625.0,Vytautas Petkevičius,Grupė draugų,,Lietuvių,,,Romanas,,,,"Spinta D, 8 lentyna",,A50. Lietuvių XX–XXI a. literatūra,Sovietmečio karta,K00625,Lentynoje,,,,,,,,,,,,
626.0,Vytautas Petkevičius,Didelis ir mažas,,Lietuvių,,,Proza,,,,"Spinta D, 8 lentyna",,A50. Lietuvių XX–XXI a. literatūra,Sovietmečio karta,K00626,Lentynoje,,,,,,,,,,,,
627.0,Vytautas Petkevičius,Paskutinis atgailos amžius,,Lietuvių,,,Romanas,,,,"Spinta D, 8 lentyna",,A50. Lietuvių XX–XXI a. literatūra,Sovietmečio karta,K00627,Lentynoje,,,,,,,,,,,,
628.0,Juozas Baltušis,Sakmė apie Juzą,,Lietuvių,,,Romanas,,,,"Spinta D, 8 lentyna",,A49. Lietuvių klasika ir raštai,,K00628,Lentynoje,,,,,,,,,,,,
629.0,Henrikas Algis Čigriejus,Savi ir pažįstami,,Lietuvių,,,Proza,,,,"Spinta D, 8 lentyna",,A50. Lietuvių XX–XXI a. literatūra,Šiuolaikinė proza,K00629,Lentynoje,,,,,,,,,,,,
630.0,Vytautas Petkevičius,Yra šalis,,Lietuvių,,,Proza,,,,"Spinta D, 8 lentyna",,A50. Lietuvių XX–XXI a. literatūra,Sovietmečio karta,K00630,Lentynoje,,,,,,,,,,,,
631.0,Vytautas Omaitis (?),Sugrąžinti save,,Lietuvių,,,Proza,,,,"Spinta D, 8 lentyna",PATIKSLINTI autorių,A3. Klasikos kanonas (pagal šalis),Kita klasika ir antologijos,K00631,Lentynoje,,,,,,,,,,,,
632.0,Petras Tarasenka,Šešioliktmečiai,,Lietuvių,,,Proza,,,,"Spinta D, 8 lentyna",,A50. Lietuvių XX–XXI a. literatūra,Šiuolaikinė proza,K00632,Lentynoje,,,,,,,,,,,,
633.0,Kazys Almenas,Rinktinė,,Lietuvių,,,Proza,,,,"Spinta D, 8 lentyna",PATIKSLINTI tikslų pavadinimą,A50. Lietuvių XX–XXI a. literatūra,Išeivija,K00633,Lentynoje,,,,,,,,,,,,
634.0,,,,Lietuvių,,,,,,,"Spinta D, 8 lentyna",PATIKSLINTI: dar keli V. Petkevičiaus ir seni apiplyšę tomeliai kairėje — nugarėlės iš dalies neįskaitomos,"X. Ūkinė zona: žinynai, vadovėliai, periodika",,K00634,Lentynoje,,,,,,,,,,,,
635.0,Leonardo Benevolo,Die Geschichte der Stadt,,Vokiečių,Campus,,Urbanistikos istorija,,,,"Spinta D, 9 lentyna (apatinė)",,E31. Istorijos biblioteka,Šalių ir epochų istorijos,K00635,Lentynoje,,,,,,,,,,,,
636.0,,"Malarstwo polskie: Manieryzm, Barok",,Lenkų,Auriga,,Dailės istorija,,,,"Spinta D, 9 lentyna (apatinė)",,E31. Istorijos biblioteka,Šalių ir epochų istorijos,K00636,Lentynoje,,,,,,,,,,,,
637.0,Alfonsas Maldonis,50 eilėraščių,,Lietuvių,,,Poezija,,,,"Spinta D, 9 lentyna (apatinė)",,A50. Lietuvių XX–XXI a. literatūra,Poezija,K00637,Lentynoje,,,,,,,,,,,,
638.0,Silvija Laurenčikaitė,Mano laiko spalvos,,Lietuvių,,,Proza / poezija,,,,"Spinta D, 9 lentyna (apatinė)",,A3. Klasikos kanonas (pagal šalis),Kita klasika ir antologijos,K00638,Lentynoje,,,,,,,,,,,,
639.0,,Vyrai išplaukia į jūrą,,Lietuvių,,,Proza,,,,"Spinta D, 9 lentyna (apatinė)",PATIKSLINTI autorių,A3. Klasikos kanonas (pagal šalis),Kita klasika ir antologijos,K00639,Lentynoje,,,,,,,,,,,,
640.0,Aleksandras Guobys,Ugnies dainos (?),,Lietuvių,,,Poezija / proza,,,,"Spinta D, 9 lentyna (apatinė)",PATIKSLINTI tikslų pavadinimą,A3. Klasikos kanonas (pagal šalis),Prancūzų klasika,K00640,Lentynoje,,,,,,,,,,,,
641.0,,,,Lietuvių,,,,,,,"Spinta D, 9 lentyna (apatinė)",PATIKSLINTI: keli labai apiplyšę seni tomeliai — nugarėlės neįskaitomos,"X. Ūkinė zona: žinynai, vadovėliai, periodika",,K00641,Lentynoje,,,,,,,,,,,,
642.0,V. Pranulis; A. Pajuodis; S. Urbonavičius; R. Virvilaitė,Marketingas,,Lietuvių,Garnelis,,Vadovėlis (marketingas),,,,"Spinta E (P.L. Biblioteka), 1 lentyna",,G38. Marketingas ir prekės ženklai,,K00642,Lentynoje,,,,,,,,,,,,
643.0,Peter Fisk,Rinkodaros genijus,Marketing Genius,Lietuvių,,,Marketingas,,,,"Spinta E (P.L. Biblioteka), 1 lentyna",,G38. Marketingas ir prekės ženklai,,K00643,Lentynoje,,,,,,,,,,,,
644.0,Česlovas Kudaba,Rinktinė,,Lietuvių,,,Kraštotyra,,,,"Spinta E (P.L. Biblioteka), 1 lentyna",PATIKSLINTI tikslų pavadinimą,E31. Istorijos biblioteka,Šalių ir epochų istorijos,K00644,Lentynoje,,,,,,,,,,,,
645.0,,Lietuvos laukinės gamtos fotografija 2011,,Lietuvių,,,Fotografija / gamta,,,,"Spinta E (P.L. Biblioteka), 1 lentyna",,H46. Gamta ir gyvūnija,,K00645,Lentynoje,,,,,,,,,,,,
646.0,,Jūros knyga: Baltijos jūros pasauliai,,Lietuvių,,,Gamta,,,,"Spinta E (P.L. Biblioteka), 1 lentyna",PATIKSLINTI,H46. Gamta ir gyvūnija,,K00646,Lentynoje,,,,,,,,,,,,
647.0,Algimantas Šimaška,Pasižvalgymai po Lietuvą,,Lietuvių,,,Kraštotyra,,,,"Spinta E (P.L. Biblioteka), 1 lentyna",,E27. LDK ir Lietuvos istorija,Kraštotyra,K00647,Lentynoje,,,,,,,,,,,,
648.0,,XX a. lietuvių dailės istorija,,Lietuvių,,,Dailės istorija,,,,"Spinta E (P.L. Biblioteka), 1 lentyna",,E27. LDK ir Lietuvos istorija,Sintezės ir monografijos,K00648,Lentynoje,,,,,,,,,,,,
649.0,Jurgis Bučas,Kuršių nerijos nacionalinis parkas,,Lietuvių,,,Gamta / kraštotyra,,,,"Spinta E (P.L. Biblioteka), 1 lentyna",,E31. Istorijos biblioteka,Šalių ir epochų istorijos,K00649,Lentynoje,,,,,,,,,,,,
650.0,,Lietuva: 101 įdomybė,,Lietuvių,,,Kraštotyra,,,,"Spinta E (P.L. Biblioteka), 1 lentyna",PATIKSLINTI,E27. LDK ir Lietuvos istorija,Kraštotyra,K00650,Lentynoje,,,,,,,,,,,,
651.0,Marius Jovaiša,Neregėta Lietuva,Unseen Lithuania,Lietuvių,,,Fotografija,,,,"Spinta E (P.L. Biblioteka), 1 lentyna",,"H48. Menas, kalbos, pomėgiai",Fotografija,K00651,Lentynoje,,,,,,,,,,,,
652.0,,Lietuva,,Lietuvių,Reader's Digest,,Kraštotyra / albumas,,,,"Spinta E (P.L. Biblioteka), 1 lentyna",Reader's Digest leidimas (~2009),E27. LDK ir Lietuvos istorija,Kraštotyra,K00652,Lentynoje,,,,,,,,,,,,
653.0,,Didysis kelių atlasas,,Lietuvių,,,Atlasas,,,,"Spinta E (P.L. Biblioteka), 1 lentyna",,"H47. Kelionės, atlasai, geografija",Gidai ir atlasai,K00653,Lentynoje,,,,,,,,,,,,
654.0,,Šalčininkų kraštas,,Lietuvių,,,Kraštotyra,,,,"Spinta E (P.L. Biblioteka), 1 lentyna",,E31. Istorijos biblioteka,Šalių ir epochų istorijos,K00654,Lentynoje,,,,,,,,,,,,
655.0,,Gamta,,Lietuvių,,,Gamta,,,,"Spinta E (P.L. Biblioteka), 1 lentyna",PATIKSLINTI autorių,H46. Gamta ir gyvūnija,,K00655,Lentynoje,,,,,,,,,,,,
656.0,,Kretinga,,Lietuvių,,,Kraštotyra,,,,"Spinta E (P.L. Biblioteka), 1 lentyna",PATIKSLINTI,E31. Istorijos biblioteka,Šalių ir epochų istorijos,K00656,Lentynoje,,,,,,,,,,,,
657.0,,,,,,,,,,,"Spinta E (P.L. Biblioteka), 1 lentyna","PATIKSLINTI: dar keli tomai („Vingiuose“, „Минск за один день“ ir kt.) — nugarėlės iš dalies neįskaitomos","X. Ūkinė zona: žinynai, vadovėliai, periodika",,K00657,Lentynoje,,,,,,,,,,,,
658.0,Edward C. Smith,Svajonių daržas,The Vegetable Gardener's Bible,Lietuvių,,,Sodininkystė,,,,"Spinta E (P.L. Biblioteka), 2 lentyna",,H45. Sodininkystė ir augalai,,K00658,Lentynoje,,,,,,,,,,,,
659.0,,Sodo gėlės,,Lietuvių,Reader's Digest,,Sodininkystė,,,,"Spinta E (P.L. Biblioteka), 2 lentyna",,H45. Sodininkystė ir augalai,,K00659,Lentynoje,,,,,,,,,,,,
660.0,,Lietuvos paukščiai: pažinimo vadovas,,Lietuvių,Alma littera,,Gamta / vadovas,,,,"Spinta E (P.L. Biblioteka), 2 lentyna",PATIKSLINTI autorius,H46. Gamta ir gyvūnija,,K00660,Lentynoje,,,,,,,,,,,,
661.0,,Sveikos mitybos vadovas,,Lietuvių,Alma littera,,Sveikata / mityba,,,,"Spinta E (P.L. Biblioteka), 2 lentyna",,H43. Sveikata ir mityba,,K00661,Lentynoje,,,,,,,,,,,,
662.0,Sun Zi,Karo menas,The Art of War,Lietuvių,,,Strategija,,,,"Spinta E (P.L. Biblioteka), 2 lentyna",PATIKSLINTI: gali sutapti su Nr. 479,G37. Strategija ir vadyba,,K00662,Lentynoje,,,,,,,,,,,,
663.0,,Sodo augalai: žinynas,,Lietuvių,,,Sodininkystė,,,,"Spinta E (P.L. Biblioteka), 2 lentyna",,H45. Sodininkystė ir augalai,,K00663,Lentynoje,,,,,,,,,,,,
664.0,,Всё об альпинарии и водоёме в саду,,Rusų,,,Sodininkystė,,,,"Spinta E (P.L. Biblioteka), 2 lentyna",,H45. Sodininkystė ir augalai,,K00664,Lentynoje,,,,,,,,,,,,
665.0,Mindaugas Navasaitis,Dendrologija,,Lietuvių,,,Botanika,,,,"Spinta E (P.L. Biblioteka), 2 lentyna",,H45. Sodininkystė ir augalai,,K00665,Lentynoje,,,,,,,,,,,,
666.0,Ursula Braun-Bernhart,Mažasis sodas,,Lietuvių,Aktėja,2008.0,Sodininkystė,,,,"Spinta E (P.L. Biblioteka), 2 lentyna",,H45. Sodininkystė ir augalai,,K00666,Lentynoje,,,,,,,,,2026-09-16 17:51:00,g@cool.lt,Paupio 2 aukštas,54.0
667.0,,Sodo knyga,,Lietuvių,,,Sodininkystė,,,,"Spinta E (P.L. Biblioteka), 2 lentyna",,H45. Sodininkystė ir augalai,,K00667,Lentynoje,,,,,,,,,,,,
668.0,Ehrenfried Kluckert,European Garden Design: From Classical Antiquity to the Present Day,,Anglų,Könemann,,Sodų dizainas,,,,"Spinta E (P.L. Biblioteka), 2 lentyna",,H45. Sodininkystė ir augalai,,K00668,Lentynoje,,,,,,,,,,,,
669.0,Diarmuid Gavin; Terence Conran,Outdoors,,Anglų,,,Sodų dizainas,,,,"Spinta E (P.L. Biblioteka), 2 lentyna",,H45. Sodininkystė ir augalai,,K00669,Lentynoje,,,,,,,,,,,,
670.0,Günter Nitschke,Japanese Gardens,,Anglų,Taschen,,Sodų dizainas,,,,"Spinta E (P.L. Biblioteka), 2 lentyna",,H45. Sodininkystė ir augalai,,K00670,Lentynoje,,,,,,,,,,,,
671.0,,Немецкая овчарка,,Rusų,Royal Canin,,Gyvūnai / kinologija,,,,"Spinta E (P.L. Biblioteka), 2 lentyna",,H44. Alternatyvi ir Rytų medicina,,K00671,Lentynoje,,,,,,,,,,,,
672.0,Mindaugas Navasaitis ir kt.,Lietuvos dendroflora,,Lietuvių,Lututė,,Botanika,,,,"Spinta E (P.L. Biblioteka), 2 lentyna",,H45. Sodininkystė ir augalai,,K00672,Lentynoje,,,,,,,,,,,,
673.0,Justas Vincas Paleckis,Rinktinė,,Lietuvių,,,Publicistika / memuarai,,,,"Spinta E (P.L. Biblioteka), 3 lentyna",PATIKSLINTI tikslų pavadinimą,E32. Biografijos ir memuarai,Asmenybės ir memuarai,K00673,Lentynoje,,,,,,,,,,,,
674.0,,The Golden Book of the Châteaux of the Loire,,Anglų,Bonechi,,Kelionių / albumas,,,,"Spinta E (P.L. Biblioteka), 3 lentyna",,"H47. Kelionės, atlasai, geografija",Kelionių literatūra ★ pora: originalas + vertimas,K00674,Lentynoje,,,,,,,,,,,,
675.0,Aleksandras Guobys; Antanas Saulaitis,Lietuvių misijos Amazonėje,,Lietuvių,,,Religija / kelionės,,,,"Spinta E (P.L. Biblioteka), 3 lentyna",PATIKSLINTI,D21. Religijotyra ir šventraščiai,Krikščionybė ir religijotyra,K00675,Lentynoje,,,,,,,,,,,,
676.0,,Nestoro maistas (?),,Lietuvių,,,Kulinarija (?),,,,"Spinta E (P.L. Biblioteka), 3 lentyna",PATIKSLINTI,H42. Kulinarija ir gėrimai,Lietuviška ir dvaro virtuvė,K00676,Lentynoje,,,,,,,,,,,,
677.0,,"One Nation: America Remembers September 11, 2001",,Anglų,,,Fotografija / istorija,,,,"Spinta E (P.L. Biblioteka), 3 lentyna",,E31. Istorijos biblioteka,Šalių ir epochų istorijos,K00677,Lentynoje,,,,,,,,,,,,
678.0,,Золото Колумбии,,Rusų,,,Menas / albumas,,,,"Spinta E (P.L. Biblioteka), 3 lentyna",PATIKSLINTI,"H48. Menas, kalbos, pomėgiai",Pasaulio dailės albumai,K00678,Lentynoje,,,,,,,,,,,,
679.0,,Vietnam,,Anglų,Lonely Planet,,Kelionių vadovas,,,,"Spinta E (P.L. Biblioteka), 3 lentyna",,"H47. Kelionės, atlasai, geografija",Kelionių literatūra,K00679,Lentynoje,,,,,,,,,,,,
680.0,John Noble Wilford,The Mapmakers,,Anglų,,,Istorija / mokslas,,,,"Spinta E (P.L. Biblioteka), 3 lentyna",,E31. Istorijos biblioteka,Šalių ir epochų istorijos,K00680,Lentynoje,,,,,,,,,,,,
681.0,Sorj Chalandon (?),Pažadas,,Lietuvių,,,Romanas,,,,"Spinta E (P.L. Biblioteka), 3 lentyna",PATIKSLINTI autorių,A3. Klasikos kanonas (pagal šalis),Kita klasika ir antologijos,K00681,Lentynoje,,,,,,,,,,,,
682.0,Antoine de Saint-Exupéry,Citadelė,Citadelle,Lietuvių,,,Proza / filosofija,,,,"Spinta E (P.L. Biblioteka), 3 lentyna",OpenLibrary lietuviško leidimo nerado; patikimo aprašo rasti nepavyko,A3. Klasikos kanonas (pagal šalis),Kita klasika ir antologijos,K00682,Lentynoje,,,,,,,,,2026-09-16 17:51:00,g@cool.lt,Paupio Žydriaus,1.0
683.0,F. Batmanghelidj,Jūsų kūnas šaukiasi vandens,Your Body's Many Cries for Water,Lietuvių,,,Sveikata,,,,"Spinta E (P.L. Biblioteka), 3 lentyna",,H43. Sveikata ir mityba,,K00683,Lentynoje,,,,,,,,,,,,
684.0,,Fairy Tales of Ireland,,Anglų,,,Pasakos,,,,"Spinta E (P.L. Biblioteka), 3 lentyna","PATIKSLINTI (galimai W. B. Yeats, iliustr. Judy Allen)",C16. Vaikų literatūra ir pasakos,Vaikų knygos ir lavinimas,K00684,Lentynoje,,,,,,,,,,,,
685.0,,Didžiosios praeities paslaptys,,Lietuvių,,,Populiarioji istorija,,,,"Spinta E (P.L. Biblioteka), 3 lentyna",PATIKSLINTI,E31. Istorijos biblioteka,Šalių ir epochų istorijos,K00685,Lentynoje,,,,,,,,,,,,
686.0,,Tora (תורה / Тора),,Hebrajų / rusų,,,Religija,,,,"Spinta E (P.L. Biblioteka), 3 lentyna",PATIKSLINTI leidimą,D21. Religijotyra ir šventraščiai,Šventraščiai,K00686,Lentynoje,,,,,,,,,,,,
687.0,,Išsamus augalų ir gyvūnų žinynas,,Lietuvių,,,Gamta / žinynas,,,,"Spinta E (P.L. Biblioteka), 3 lentyna",,H46. Gamta ir gyvūnija,,K00687,Lentynoje,,,,,,,,,,,,
688.0,,Tūkstantmečio pranašystės,,Lietuvių,,,Ezoterika,,,,"Spinta E (P.L. Biblioteka), 3 lentyna",PATIKSLINTI,D22. Rytų praktikos ir ezoterika,Ezoterika ir praktikos,K00688,Lentynoje,,,,,,,,,,,,
689.0,Petras Repšys,Monografija / albumas,,Lietuvių,,,Dailė,,,,"Spinta E (P.L. Biblioteka), 4 lentyna",PATIKSLINTI tikslų pavadinimą,"H48. Menas, kalbos, pomėgiai",Lietuvių dailė,K00689,Lentynoje,,,,,,,,,,,,
690.0,Augustinas Savickas (Аугустинас Савицкас),Monografija (keli tomai),,Lietuvių / rusų,,,Dailė,,,,"Spinta E (P.L. Biblioteka), 4 lentyna",PATIKSLINTI (matomi 3 tomai),"H48. Menas, kalbos, pomėgiai",Lietuvių dailė,K00690,Lentynoje,,,,,,,,,,,,
691.0,,Lietuvos sakralinė dailė / Sacred Art of Lithuania,,Lietuvių / anglų,,,Dailės istorija,,,,"Spinta E (P.L. Biblioteka), 4 lentyna",,E27. LDK ir Lietuvos istorija,Sintezės ir monografijos ★ pora: originalas + vertimas,K00691,Lentynoje,,,,,,,,,,,,
692.0,Antanas Gedminas,Monografija / albumas,,Lietuvių,,,Dailė / fotografija,,,,"Spinta E (P.L. Biblioteka), 4 lentyna",PATIKSLINTI tikslų pavadinimą,"H48. Menas, kalbos, pomėgiai",Lietuvių dailė,K00692,Lentynoje,,,,,,,,,,,,
693.0,Walter Isaacson,Einstein: His Life and Universe,,Anglų,Simon & Schuster,,Biografija,,,,"Spinta E (P.L. Biblioteka), 4 lentyna",,E32. Biografijos ir memuarai,Mokslininkų biografijos,K00693,Lentynoje,,,,,,,,,,,,
694.0,,Pocket World in Figures (2013 Edition),,Anglų,The Economist,,Statistika / žinynas,,,,"Spinta E (P.L. Biblioteka), 4 lentyna",,G39. Analitika ir duomenys,,K00694,Lentynoje,,,,,,,,,,,,
695.0,Tom Stevenson,The New Sotheby's Wine Encyclopedia,,Anglų,,,Vynas / enciklopedija,,,,"Spinta E (P.L. Biblioteka), 4 lentyna",,H42. Kulinarija ir gėrimai,Gėrimai ir vynas,K00695,Lentynoje,,,,,,,,,,,,
696.0,Franz Böhmig,Sodo tvarkymas ir priežiūra,,Lietuvių,,,Sodininkystė,,,,"Spinta E (P.L. Biblioteka), 4 lentyna",PATIKSLINTI,H45. Sodininkystė ir augalai,,K00696,Lentynoje,,,,,,,,,,,,
697.0,,Medžiai ir krūmai parkams bei sodyboms,,Lietuvių,,,Sodininkystė / botanika,,,,"Spinta E (P.L. Biblioteka), 4 lentyna",,H45. Sodininkystė ir augalai,,K00697,Lentynoje,,,,,,,,,,,,
698.0,,,,,,,,,,,"Spinta E (P.L. Biblioteka), 4 lentyna","PATIKSLINTI: šioje lentynoje dar Gaudí (Taschen), japonų dailės albumas, „Lietuvių grafika“, kai kurie sodininkystės tomai kartojasi su 2 lentyna — reikia atskiros nuotraukos","X. Ūkinė zona: žinynai, vadovėliai, periodika",,K00698,Lentynoje,,,,,,,,,,,,
699.0,,MyGrammarLab (Book + Online + Mobile),,Anglų,Pearson,,Vadovėlis (anglų k.),,,,"Spinta F, 1 lentyna",,"X. Ūkinė zona: žinynai, vadovėliai, periodika",,K00699,Lentynoje,,,,,,,,,,,,
700.0,Lawrence Maisel; Gary Cokins,Predictive Business Analytics,,Anglų,Wiley,,Verslo analitika,,,,"Spinta F, 1 lentyna",,G39. Analitika ir duomenys,,K00700,Lentynoje,,,,,,,,,,,,
701.0,Frank Land,The Language of Mathematics,,Anglų,Doubleday,,Matematika,,,,"Spinta F, 1 lentyna",,"F34. Kosmosas, fizika, matematika",,K00701,Lentynoje,,,,,,,,,,,,
702.0,Martin S. Silberberg,Chemistry: The Molecular Nature of Matter and Change (5th ed.),,Anglų,McGraw-Hill,,Vadovėlis (chemija),,,,"Spinta F, 1 lentyna",,"X. Ūkinė zona: žinynai, vadovėliai, periodika",,K00702,Lentynoje,,,,,,,,,,,,
703.0,William D. Callister; David G. Rethwisch,"Materials Science and Engineering (9th ed., SI Version)",,Anglų,Wiley,,Vadovėlis (medžiagotyra),,,,"Spinta F, 1 lentyna",,"X. Ūkinė zona: žinynai, vadovėliai, periodika",,K00703,Lentynoje,,,,,,,,,,,,
704.0,,Bėgimas: universalus gidas,,Lietuvių,,,Sportas / sveikata,,,,"Spinta F, 1 lentyna",PATIKSLINTI autorių,H43. Sveikata ir mityba,,K00704,Lentynoje,,,,,,,,,,,,
705.0,,Sutelktinio finansavimo vadovas,,Lietuvių,,,Finansai,,,,"Spinta F, 1 lentyna",PATIKSLINTI autorių,F32. Ekonomika ir politinė ekonomija,,K00705,Lentynoje,,,,,,,,,,,,
706.0,,Lietuvių kalbos žinynas,,Lietuvių,,,Kalbos žinynas,,,,"Spinta F, 1 lentyna",,"H48. Menas, kalbos, pomėgiai",Kalbos ir žodynai,K00706,Lentynoje,,,,,,,,,,,,
707.0,Niall Ferguson,Rinktinė,,Anglų,,,Istorija,,,,"Spinta F, 1 lentyna",PATIKSLINTI tikslų pavadinimą,E31. Istorijos biblioteka,Šalių ir epochų istorijos,K00707,Lentynoje,,,,,,,,,,,,
708.0,Richard P. Feynman,"Surely You're Joking, Mr. Feynman!",,Anglų,W. W. Norton,,Memuarai / mokslas,,,,"Spinta F, 1 lentyna",,E32. Biografijos ir memuarai,Mokslininkų biografijos,K00708,Lentynoje,,,,,,,,,,,,
709.0,Agatha Christie,Hercule Poirot: The Complete Short Stories,,Anglų,,,Detektyvai,,,,"Spinta F, 1 lentyna",,B14. Auksinio amžiaus detektyvas,Agatha Christie kolekcija,K00709,Lentynoje,,,,,,,,,,,,
710.0,,Grybo sapnas,,Lietuvių,,,Proza,,,,"Spinta F, 1 lentyna",PATIKSLINTI autorių,A3. Klasikos kanonas (pagal šalis),Kita klasika ir antologijos,K00710,Lentynoje,,,,,,,,,,,,
711.0,,,,,,,,,,,"Spinta F, 1 lentyna","PATIKSLINTI: dar keli įrašai (Torajama manga, „RoY“, vertikaliai padėtas H. Hesė, ispaniškas tomas) — nugarėlės iš dalies neįskaitomos","X. Ūkinė zona: žinynai, vadovėliai, periodika",,K00711,Lentynoje,,,,,,,,,,,,
712.0,,Visata,,Lietuvių,,,Vaikų / mokslo populiarinimas,,,,"Spinta F, 2 lentyna",PATIKSLINTI,C16. Vaikų literatūra ir pasakos,Vaikų knygos ir lavinimas,K00712,Lentynoje,,,,,,,,,,,,
713.0,A. Utz; J. Martin,Julija mokosi anglų kalbos,,Lietuvių,,,Vaikų / kalbos,,,,"Spinta F, 2 lentyna",,C16. Vaikų literatūra ir pasakos,Vaikų knygos ir lavinimas,K00713,Lentynoje,,,,,,,,,,,,
714.0,,Įdomieji bandymai,,Lietuvių,,,Vaikų / mokslas,,,,"Spinta F, 2 lentyna",,C16. Vaikų literatūra ir pasakos,Vaikų knygos ir lavinimas,K00714,Lentynoje,,,,,,,,,,,,
715.0,,Žaisdami mokomės: Matai – darai,,Lietuvių,Alma littera,,Vaikų / lavinimas,,,,"Spinta F, 2 lentyna",,C16. Vaikų literatūra ir pasakos,Vaikų knygos ir lavinimas,K00715,Lentynoje,,,,,,,,,,,,
716.0,,Smuiko Smaukšto stalo akademija: žinynas,,Lietuvių,,,Vaikų,,,,"Spinta F, 2 lentyna",PATIKSLINTI,C16. Vaikų literatūra ir pasakos,Vaikų knygos ir lavinimas,K00716,Lentynoje,,,,,,,,,,,,
717.0,,Iliustruotas enciklopedinis žinynas,,Lietuvių,,,Enciklopedija / vaikų,,,,"Spinta F, 2 lentyna",PATIKSLINTI,C16. Vaikų literatūra ir pasakos,Vaikų knygos ir lavinimas,K00717,Lentynoje,,,,,,,,,,,,
718.0,,,,Lietuvių,,,,,,,"Spinta F, 2 lentyna",PATIKSLINTI: dar keli vaikų leidiniai („Didžioji spalvota žaidimų knyga“ ir kt.) — nuotrauka neryški,"X. Ūkinė zona: žinynai, vadovėliai, periodika",,K00718,Lentynoje,,,,,,,,,,,,
719.0,Michael Scott,"The Enchantress (Nicholas Flamel, 6)",,Anglų,,,Fantastika (YA),The Secrets of the Immortal Nicholas Flamel,,,"Spinta F, 3 lentyna",,B13. YA fantastika,Flamelio serija,K00719,Lentynoje,,,,,,,,,,,,
720.0,Nancy Farmer,Skorpiono rūmai,The House of the Scorpion,Lietuvių,Alma littera,,Fantastika (YA),,,,"Spinta F, 3 lentyna",,B13. YA fantastika,Kitos YA serijos,K00720,Lentynoje,,,,,,,,,,,,
721.0,Romualdas Drakšas,Žmonija: maištas,,Lietuvių,Alma littera,,Fantastika,,,,"Spinta F, 3 lentyna",,B12. Šiuolaikinė SF ir fantasy,Fantasy ir SF įvairenybės,K00721,Lentynoje,,,,,,,,,,,,
722.0,Jasper Fforde,The Last Dragonslayer,,Anglų,,,Fantastika (YA),,,,"Spinta F, 3 lentyna",,B13. YA fantastika,Kitos YA serijos,K00722,Lentynoje,,,,,,,,,,,,
723.0,Anne Rice,The Wolf Gift,,Anglų,Anchor Books,,Siaubo / fantastika,,,,"Spinta F, 3 lentyna",,B15. Modernūs trileriai ir kriminalai,Kiti trileriai,K00723,Lentynoje,,,,,,,,,,,,
724.0,Dorothy Hearst,Promise of the Wolves,,Anglų,,,Fantastika,,,,"Spinta F, 3 lentyna",,B12. Šiuolaikinė SF ir fantasy,Fantasy ir SF įvairenybės,K00724,Lentynoje,,,,,,,,,,,,
725.0,Michael Scott,"The Warlock (Nicholas Flamel, 5)",,Anglų,,,Fantastika (YA),The Secrets of the Immortal Nicholas Flamel,,,"Spinta F, 3 lentyna",,B13. YA fantastika,Flamelio serija,K00725,Lentynoje,,,,,,,,,,,,
726.0,Anne Rice,The Wolves of Midwinter,,Anglų,Knopf,,Siaubo / fantastika,,,,"Spinta F, 3 lentyna",,B15. Modernūs trileriai ir kriminalai,Kiti trileriai,K00726,Lentynoje,,,,,,,,,,,,
727.0,Erik L'Homme (Erikas l'Omas),Blogio imperijos išskilimas (Žvaigždžių knyga III),,Lietuvių,Alma littera,,Fantastika (YA),Žvaigždžių knyga,,,"Spinta F, 3 lentyna",,B13. YA fantastika,Kitos YA serijos,K00727,Lentynoje,,,,,,,,,,,,
728.0,Sud. Neil Gaiman,Unnatural Creatures,,Anglų,,,Fantastika / antologija,,,,"Spinta F, 3 lentyna",,B12. Šiuolaikinė SF ir fantasy,Fantasy ir SF įvairenybės,K00728,Lentynoje,,,,,,,,,,,,
729.0,Stanisław Lem (S. Lemas),Solaris,,Lietuvių,,,Mokslinė fantastika,,,,"Spinta F, 4 lentyna",,B11. SF aukso amžius,,K00729,Lentynoje,,,,,,,,,,,,
730.0,Jay Kristoff,Stormdancer,,Anglų,Thomas Dunne Books,,Fantastika,,,,"Spinta F, 4 lentyna",,B12. Šiuolaikinė SF ir fantasy,Fantasy ir SF įvairenybės,K00730,Lentynoje,,,,,,,,,,,,
731.0,Veronica Roth,Divergentė,Divergent,Lietuvių,Alma littera,,Fantastika (YA),,,,"Spinta F, 4 lentyna",,B13. YA fantastika,Kitos YA serijos,K00731,Lentynoje,,,,,,,,,,,,
732.0,Veronica Roth,Insurgentė,Insurgent,Lietuvių,Alma littera,,Fantastika (YA),,,,"Spinta F, 4 lentyna",,B13. YA fantastika,Kitos YA serijos,K00732,Lentynoje,,,,,,,,,,,,
733.0,Jonathan Stroud,Ptolemajo vartai (Bartimėjaus trilogija III),Ptolemy's Gate,Lietuvių,Alma littera,,Fantastika (YA),Bartimėjaus trilogija,,,"Spinta F, 4 lentyna",,B13. YA fantastika,Kitos YA serijos,K00733,Lentynoje,,,,,,,,,,,,
734.0,Jonathan Stroud,Golemo akis (Bartimėjaus trilogija II),The Golem's Eye,Lietuvių,Alma littera,,Fantastika (YA),Bartimėjaus trilogija,,,"Spinta F, 4 lentyna",,B13. YA fantastika,Kitos YA serijos,K00734,Lentynoje,,,,,,,,,,,,
735.0,Karen Marie Moning,Iced,,Anglų,Delacorte Press,,Fantastika,,,,"Spinta F, 4 lentyna",,B12. Šiuolaikinė SF ir fantasy,Fantasy ir SF įvairenybės,K00735,Lentynoje,,,,,,,,,,,,
736.0,Richard A. Knaak; Jae-Hwan Kim,WarCraft: Drakono medžiotojė,,Lietuvių,Alma littera,,Manga / fantastika,,,,"Spinta F, 4 lentyna",Padėta gulsčiai,C17. Manga ir komiksai,,K00736,Lentynoje,,,,,,,,,,,,
737.0,,,,Lietuvių,,,Mokslinė fantastika,,,,"Spinta F, 4 lentyna","PATIKSLINTI: SF serijos tomeliai („Nosferatu“, „Bėgimas į chaoso ištakas“, „Avalono ginklai“, „Vyresni už mus“, „Chaoso žiedas“) — autorius/pavadinimus patikslinti",B12. Šiuolaikinė SF ir fantasy,Fantasy ir SF įvairenybės,K00737,Lentynoje,,,,,,,,,,,,
738.0,Anne Bishop,Daughter of the Blood (Black Jewels Trilogy 1),,Anglų,ROC Fantasy,,Fantastika,,,,"Spinta F, 5 lentyna",,B12. Šiuolaikinė SF ir fantasy,Fantasy ir SF įvairenybės,K00738,Lentynoje,,,,,,,,,,,,
739.0,Mary Higgins Clark,Where Are You Now?,,Anglų,Pocket Books,,Detektyvas,,,,"Spinta F, 5 lentyna",,B15. Modernūs trileriai ir kriminalai,Kiti trileriai,K00739,Lentynoje,,,,,,,,,,,,
740.0,Patricia Wentworth,Pilgrim's Rest,,Anglų,Hodder,,Detektyvas,,,,"Spinta F, 5 lentyna",,B14. Auksinio amžiaus detektyvas,Kiti aukso amžiaus autoriai,K00740,Lentynoje,,,,,,,,,,,,
741.0,James Runcie,Sidney Chambers and The Shadow of Death,,Anglų,Bloomsbury,,Detektyvas,The Grantchester Mysteries,,,"Spinta F, 5 lentyna",,B15. Modernūs trileriai ir kriminalai,Kiti trileriai,K00741,Lentynoje,,,,,,,,,,,,
742.0,Thomas Mayne Reid,Raitelis be galvos,The Headless Horseman,Lietuvių,Šviesa,,Nuotykių romanas,,,,"Spinta F, 5 lentyna",,A3. Klasikos kanonas (pagal šalis),Kita klasika ir antologijos,K00742,Lentynoje,,,,,,,,,,,,
743.0,Stephen King,Rinktinė,,Lietuvių,,,Siaubo / trileris,,,,"Spinta F, 5 lentyna",PATIKSLINTI tikslų pavadinimą,B15. Modernūs trileriai ir kriminalai,Siaubo klasika,K00743,Lentynoje,,,,,,,,,,,,
744.0,N. A. Kun (N. Kunas),Senovės Graikijos legendos ir mitai,,Lietuvių,,,Mitologija,,,,"Spinta F, 5 lentyna",,D24. Mitologija ir tautosaka,,K00744,Lentynoje,,,,,,,,,,,,
745.0,Gustav Schwab (Gustavas Švabas),Sakmės (3 tomas),,Lietuvių,,,Mitologija,,,,"Spinta F, 5 lentyna",PATIKSLINTI tikslų pavadinimą,D24. Mitologija ir tautosaka,,K00745,Lentynoje,,,,,,,,,,,,
746.0,Gustav Schwab (Gustavas Švabas),Sakmės (2 tomas),,Lietuvių,,,Mitologija,,,,"Spinta F, 5 lentyna",PATIKSLINTI tikslų pavadinimą,D24. Mitologija ir tautosaka,,K00746,Lentynoje,,,,,,,,,,,,
747.0,Gustav Schwab (Gustavas Švabas),Sakmės (1 tomas),,Lietuvių,,,Mitologija,,,,"Spinta F, 5 lentyna",PATIKSLINTI tikslų pavadinimą,D24. Mitologija ir tautosaka,,K00747,Lentynoje,,,,,,,,,,,,
748.0,Homeras,Odisėja,Ὀδύσσεια,Lietuvių,,,Epinė poema,,,,"Spinta F, 5 lentyna",,A1. Antikos literatūra ir istorikai,,K00748,Lentynoje,,,,,,,,,,,,
749.0,Antanas Baranauskas,Kelionė Peterburkan,,Lietuvių,,,Poezija,,,,"Spinta F, 5 lentyna",PATIKSLINTI,A49. Lietuvių klasika ir raštai,,K00749,Lentynoje,,,,,,,,,,,,
750.0,Jules Verne (Žiulis Vernas),Vilhelmo Storico paslaptis,,Lietuvių,,,Nuotykių romanas,,,,"Spinta F, 5 lentyna",PATIKSLINTI tikslų pavadinimą,B11. SF aukso amžius,,K00750,Lentynoje,,,,,,,,,,,,
751.0,Jules Verne (Žiulis Vernas),Pietų žvaigždė,L'Étoile du sud,Lietuvių,,,Nuotykių romanas,,,,"Spinta F, 6 lentyna",,B11. SF aukso amžius,,K00751,Lentynoje,,,,,,,,,,,,
752.0,Jules Verne (Žiulis Vernas),Klaidžiojantis Bombarnakas,Claudius Bombarnac,Lietuvių,,,Nuotykių romanas,,,,"Spinta F, 6 lentyna",,B11. SF aukso amžius,,K00752,Lentynoje,,,,,,,,,,,,
753.0,Jules Verne (Žiulis Vernas),Penkios savaitės oro balionu,Cinq semaines en ballon,Lietuvių,,,Nuotykių romanas,,,,"Spinta F, 6 lentyna",,B11. SF aukso amžius,,K00753,Lentynoje,,,,,,,,,,,,
754.0,Mark Twain (Markas Tvenas),Tomo Sojerio nuotykiai; Heklberio Fino nuotykiai,,Lietuvių,,,Nuotykių romanas,,,,"Spinta F, 6 lentyna",,A3. Klasikos kanonas (pagal šalis),Amerikos klasika,K00754,Lentynoje,,,,,,,,,,,,
755.0,Gustav Schwab,Gražiausios antikos sakmės,,Lietuvių,Tyto alba,,Mitologija,,,,"Spinta F, 6 lentyna",,D24. Mitologija ir tautosaka,,K00755,Lentynoje,,,,,,,,,,,,
756.0,Simon Beckett,Mirties chemija,The Chemistry of Death,Lietuvių,,,Trileris,,,,"Spinta F, 6 lentyna",,B15. Modernūs trileriai ir kriminalai,Kiti trileriai,K00756,Lentynoje,,,,,,,,,,,,
757.0,,Ar turi alibi?,,Lietuvių,,,Detektyvas,,,,"Spinta F, 6 lentyna",PATIKSLINTI autorių,B15. Modernūs trileriai ir kriminalai,Kiti trileriai,K00757,Lentynoje,,,,,,,,,,,,
758.0,Stephen King (Silvenas Kingas),Tylos zona,The Dead Zone,Lietuvių,,,Siaubo / trileris,,,,"Spinta F, 6 lentyna",,B15. Modernūs trileriai ir kriminalai,Siaubo klasika,K00758,Lentynoje,,,,,,,,,,,,
759.0,,,,,,,,,,,"Spinta F, 6 lentyna","PATIKSLINTI: keli apiplyšę tomeliai (Nostradamas, Kingo „Firmoji migla“?) — nugarėlės neįskaitomos","X. Ūkinė zona: žinynai, vadovėliai, periodika",,K00759,Lentynoje,,,,,,,,,,,,
760.0,,Pirates of the Caribbean: At World's End — The Book of the Film,,Anglų,Disney,,Vaikų / filmo knyga,,,,"Spinta F, 7 lentyna",,C16. Vaikų literatūra ir pasakos,Vaikų knygos ir lavinimas,K00760,Lentynoje,,,,,,,,,,,,
761.0,Jude Watson,Star Wars: Džedajaus mokinys II — Tamsusis Vėtrovas,,Lietuvių,Egmont,,Fantastika (YA),Star Wars,,,"Spinta F, 7 lentyna",,B13. YA fantastika,Kitos YA serijos,K00761,Lentynoje,,,,,,,,,,,,
762.0,Helen Fielding,Bridget Jones: The Edge of Reason,,Anglų,Picador,,Romanas,,,,"Spinta F, 7 lentyna",,A3. Klasikos kanonas (pagal šalis),Anglų klasika,K00762,Lentynoje,,,,,,,,,,,,
763.0,Dan Brown,The Da Vinci Code,,Anglų,Corgi,,Trileris,,,,"Spinta F, 7 lentyna",,B15. Modernūs trileriai ir kriminalai,Kiti trileriai,K00763,Lentynoje,,,,,,,,,,,,
764.0,Aaron Allston,Star Wars: Legacy of the Force — Exile,,Anglų,,,Fantastika,Star Wars,,,"Spinta F, 7 lentyna",,B13. YA fantastika,Kitos YA serijos,K00764,Lentynoje,,,,,,,,,,,,
765.0,Jane Austen,Pride and Prejudice,,Anglų,,,Romanas,,,,"Spinta F, 7 lentyna",,A3. Klasikos kanonas (pagal šalis),Anglų klasika,K00765,Lentynoje,,,,,,,,,,,,
766.0,Suzanne Collins,Bado žaidynės,The Hunger Games,Lietuvių,Alma littera,,Fantastika (YA),,,,"Spinta F, 7 lentyna",,B13. YA fantastika,Kitos YA serijos,K00766,Lentynoje,,,,,,,,,,,,
767.0,Eric Van Lustbader,Robert Ludlum's The Bourne Objective,,Anglų,,,Trileris,,,,"Spinta F, 7 lentyna",,B15. Modernūs trileriai ir kriminalai,Kiti trileriai,K00767,Lentynoje,,,,,,,,,,,,
768.0,Ian Fleming,Rinktinė (James Bond),,Lietuvių,,,Trileris,,,,"Spinta F, 7 lentyna",PATIKSLINTI tikslų pavadinimą,B15. Modernūs trileriai ir kriminalai,Kiti trileriai,K00768,Lentynoje,,,,,,,,,,,,
769.0,,Septynioliktoji (?),,Lietuvių,,,Proza,,,,"Spinta F, 7 lentyna",PATIKSLINTI autorių ir pavadinimą,A3. Klasikos kanonas (pagal šalis),Kita klasika ir antologijos,K00769,Lentynoje,,,,,,,,,,,,
770.0,,National Geographic (žurnalų kolekcija),,Lietuvių / rusų / anglų,National Geographic,,Periodika,,,,"Spinta F, 8 lentyna (apatinė, žurnalai)","~40+ numerių (lietuvių, rusų, anglų k.)",A50. Lietuvių XX–XXI a. literatūra,Šiuolaikinė proza,K00770,Lentynoje,,,,,,,,,,,,
771.0,,GEO (žurnalai),,Lietuvių / rusų,GEO,,Periodika,,,,"Spinta F, 8 lentyna (apatinė, žurnalai)",Keli numeriai,A50. Lietuvių XX–XXI a. literatūra,Šiuolaikinė proza,K00771,Lentynoje,,,,,,,,,,,,
772.0,,Бани и сауны (žurnalai),,Rusų,,,Periodika,,,,"Spinta F, 8 lentyna (apatinė, žurnalai)",Keli numeriai,A4. Rusų lentyna (originalo k.),XIX a. klasika (Gogolis–Čechovas),K00772,Lentynoje,,,,,,,,,,,,
773.0,Patrick Rothfuss,The Wise Man's Fear,,Anglų,DAW,,Fantastika,The Kingkiller Chronicle,,,"Spinta G, 1 lentyna",,B12. Šiuolaikinė SF ir fantasy,Epinė fantasy,K00773,Lentynoje,,,,,,,,,,,,
775.0,J. R. R. Tolkien,Žiedų valdovas (Antra dalis),The Lord of the Rings,Lietuvių,Alma littera,,Fantastika,,,,"Spinta G, 1 lentyna",,B12. Šiuolaikinė SF ir fantasy,Epinė fantasy,K00775,Lentynoje,,,,,,,,,,,,
776.0,Alan Baker,Burtininkas,,Lietuvių,,,Istorija / ezoterika,,,,"Spinta G, 1 lentyna",PATIKSLINTI tikslų pavadinimą,D22. Rytų praktikos ir ezoterika,Ezoterika ir praktikos,K00776,Lentynoje,,,,,,,,,,,,
777.0,Michael Scott,Kerėtoja,The Enchantress,Lietuvių,Obuolys,,Fantastika (YA),Nemirtingojo Nikolo Flamelio paslaptys,,,"Spinta G, 1 lentyna",,B13. YA fantastika,Flamelio serija,K00777,Lentynoje,,,,,,,,,,,,
778.0,G. P. Taylor,Šešėlių kerėtojas,,Lietuvių,Alma littera,,Fantastika (YA),,,,"Spinta G, 1 lentyna",,B13. YA fantastika,Kitos YA serijos,K00778,Lentynoje,,,,,,,,,,,,
779.0,Garth Nix,Sabrielė,Sabriel,Lietuvių,,,Fantastika (YA),,,,"Spinta G, 1 lentyna",,B13. YA fantastika,Kitos YA serijos,K00779,Lentynoje,,,,,,,,,,,,
780.0,Angie Sage,"Physik (Septimus Heap, Book Three)",,Anglų,Bloomsbury,,Fantastika (YA),Septimus Heap,,,"Spinta G, 1 lentyna",,B13. YA fantastika,Kitos YA serijos,K00780,Lentynoje,,,,,,,,,,,,
781.0,James Patterson,Witch & Wizard,,Anglų,"Little, Brown",,Fantastika (YA),,,,"Spinta G, 1 lentyna",,B13. YA fantastika,Kitos YA serijos,K00781,Lentynoje,,,,,,,,,,,,
782.0,,There's No Toilet Paper on the Road Less Traveled,,Anglų,Travelers' Tales,,Kelionių humoras / antologija,,,,"Spinta G, 2 lentyna",,A3. Klasikos kanonas (pagal šalis),Kita klasika ir antologijos,K00782,Lentynoje,,,,,,,,,,,,
783.0,John Grisham,The King of Torts,,Anglų,,,Trileris,,,,"Spinta G, 2 lentyna",,B15. Modernūs trileriai ir kriminalai,Teisiniai trileriai,K00783,Lentynoje,,,,,,,,,,,,
784.0,Boris Akunin (Борис Акунин),Пелагия и белый бульдог,,Rusų,,,Detektyvas,,,,"Spinta G, 2 lentyna",PATIKSLINTI,B15. Modernūs trileriai ir kriminalai,Kiti trileriai,K00784,Lentynoje,,,,,,,,,,,,
785.0,Vinfridas Lansburgas (?),Monos Lizos pagrobimas,,Lietuvių,,,Proza,,,,"Spinta G, 2 lentyna",PATIKSLINTI autorių,A3. Klasikos kanonas (pagal šalis),Kita klasika ir antologijos,K00785,Lentynoje,,,,,,,,,,,,
786.0,Alan Bradley,Koriko maišo virvė,The Weed That Strings the Hangman's Bag,Lietuvių,,,Detektyvas,Flavija de Lius,,,"Spinta G, 2 lentyna",PATIKSLINTI pavadinimą,B15. Modernūs trileriai ir kriminalai,Kiti trileriai,K00786,Lentynoje,,,,,,,,,,,,
787.0,John Dunning,The Bookman's Wake,,Anglų,Scribner,,Detektyvas,,,,"Spinta G, 2 lentyna",,B15. Modernūs trileriai ir kriminalai,Kiti trileriai,K00787,Lentynoje,,,,,,,,,,,,
788.0,John Grisham (Džonas Grišemas),Firma,The Firm,Lietuvių,,,Trileris,,,,"Spinta G, 2 lentyna",,B15. Modernūs trileriai ir kriminalai,Teisiniai trileriai,K00788,Lentynoje,,,,,,,,,,,,
789.0,John Grisham,Brokeris,The Broker,Lietuvių,,,Trileris,,,,"Spinta G, 2 lentyna",,B15. Modernūs trileriai ir kriminalai,Teisiniai trileriai ★ pora: originalas + vertimas,K00789,Lentynoje,,,,,,,,,,,,
790.0,Harlan Coben,Nekaltas,The Innocent,Lietuvių,,,Trileris,,,,"Spinta G, 2 lentyna",,B15. Modernūs trileriai ir kriminalai,Kiti trileriai,K00790,Lentynoje,,,,,,,,,,,,
791.0,,,,,,,,,,,"Spinta G, 2 lentyna","PATIKSLINTI: keli užstoti/pasukti įrašai (raudonas „9“, „Sielos pasaulis“?) — nugarėlės neįskaitomos","X. Ūkinė zona: žinynai, vadovėliai, periodika",,K00791,Lentynoje,,,,,,,,,,,,
792.0,Dan Brown,Skaitmeninė tvirtovė,Digital Fortress,Lietuvių,Baltos lankos,,Trileris,,,,"Spinta G, 3 lentyna",,B15. Modernūs trileriai ir kriminalai,Kiti trileriai,K00792,Lentynoje,,,,,,,,,,,,
793.0,Haruki Murakami,Žmogaus avies Kalėdos,,Lietuvių,Baltos lankos,,Proza,,,,"Spinta G, 3 lentyna",PATIKSLINTI originalą,B9. Šiuolaikinė pasaulio proza,Šiuolaikinis pasaulio romanas,K00793,Lentynoje,,,,,,,,,,,,
794.0,W. Bruce Cameron,Šuns tikslas,A Dog's Purpose,Lietuvių,Alma littera,,Romanas,,,,"Spinta G, 3 lentyna",,B9. Šiuolaikinė pasaulio proza,Šiuolaikinis pasaulio romanas,K00794,Lentynoje,,,,,,,,,,,,
795.0,Philip Pullman,Jo tamsiosios jėgos: Aštrusis peilis,The Subtle Knife,Lietuvių,Obuolys,,Fantastika (YA),Jo tamsiosios jėgos,,,"Spinta G, 3 lentyna",,B13. YA fantastika,Kitos YA serijos,K00795,Lentynoje,,,,,,,,,,,,
796.0,Philip Pullman,Jo tamsiosios jėgos: Gintarinis žiūronas,The Amber Spyglass,Lietuvių,Obuolys,,Fantastika (YA),Jo tamsiosios jėgos,,,"Spinta G, 3 lentyna",,B13. YA fantastika,Kitos YA serijos,K00796,Lentynoje,,,,,,,,,,,,
797.0,,Ugnies karta,,Lietuvių,,,Fantastika,,,,"Spinta G, 3 lentyna",PATIKSLINTI autorių,B12. Šiuolaikinė SF ir fantasy,Fantasy ir SF įvairenybės,K00797,Lentynoje,,,,,,,,,,,,
798.0,Christopher Paolini,Eragonas,Eragon,Lietuvių,Alma littera,,Fantastika (YA),Paveldas,,,"Spinta G, 3 lentyna",,B13. YA fantastika,Kitos YA serijos,K00798,Lentynoje,,,,,,,,,,,,
799.0,Christopher Paolini,Inheritance,,Anglų,Doubleday,,Fantastika (YA),The Inheritance Cycle,,,"Spinta G, 3 lentyna",,B13. YA fantastika,Kitos YA serijos,K00799,Lentynoje,,,,,,,,,,,,
800.0,Rafael Ábalos,Grimpow,,Lietuvių,Alma littera,,Fantastika (YA),,,,"Spinta G, 3 lentyna",,B13. YA fantastika,Kitos YA serijos,K00800,Lentynoje,,,,,,,,,,,,
801.0,Lene Kaaberbøl,Gėdytojos ženklas,,Lietuvių,Alma littera,,Fantastika (YA),,,,"Spinta G, 4 lentyna",,B13. YA fantastika,Kitos YA serijos,K00801,Lentynoje,,,,,,,,,,,,
802.0,Dean Lorey,Košmarų akademija: Pabaisų medžiotojai (1),,Lietuvių,Obuolys,,Fantastika (YA),Košmarų akademija,,,"Spinta G, 4 lentyna",,B13. YA fantastika,Kitos YA serijos,K00802,Lentynoje,,,,,,,,,,,,
803.0,J. R. R. Tolkien,Žiedų valdovas (Trečia dalis),The Lord of the Rings,Lietuvių,,,Fantastika,,,,"Spinta G, 4 lentyna",,B12. Šiuolaikinė SF ir fantasy,Epinė fantasy,K00803,Lentynoje,,,,,,,,,,,,
804.0,J. R. R. Tolkien,Húrino vaikai,The Children of Húrin,Lietuvių,Alma littera,,Fantastika,,,,"Spinta G, 4 lentyna",,B12. Šiuolaikinė SF ir fantasy,Epinė fantasy,K00804,Lentynoje,,,,,,,,,,,,
805.0,,Elfų burbulas,,Lietuvių,,,Fantastika,,,,"Spinta G, 4 lentyna",PATIKSLINTI autorių,B12. Šiuolaikinė SF ir fantasy,Fantasy ir SF įvairenybės,K00805,Lentynoje,,,,,,,,,,,,
806.0,Cornelia Funke,Drakono raitelis,Drachenreiter,Lietuvių,Alma littera,,Fantastika (YA),,,,"Spinta G, 4 lentyna",,B13. YA fantastika,Kitos YA serijos,K00806,Lentynoje,,,,,,,,,,,,
807.0,,Tūkstantis ir viena naktis,,Lietuvių,,,Pasakos,,,,"Spinta G, 4 lentyna",,C16. Vaikų literatūra ir pasakos,Vaikų knygos ir lavinimas,K00807,Lentynoje,,,,,,,,,,,,
808.0,A. A. Milne (A. A. Milnas),Pūkuotuko pasaulis,Winnie-the-Pooh,Lietuvių,Garnelis,,Vaikų literatūra,,,,"Spinta G, 4 lentyna",,C16. Vaikų literatūra ir pasakos,Pasaulio vaikų klasika,K00808,Lentynoje,,,,,,,,,,,,
809.0,Michael Scott,Magas,The Magician,Lietuvių,Obuolys,,Fantastika (YA),Nemirtingojo Nikolo Flamelio paslaptys,,,"Spinta G, 4 lentyna",,B13. YA fantastika,Flamelio serija,K00809,Lentynoje,,,,,,,,,,,,
810.0,Michael Scott,Burtininkas,The Necromancer,Lietuvių,Obuolys,,Fantastika (YA),Nemirtingojo Nikolo Flamelio paslaptys,,,"Spinta G, 4 lentyna",PATIKSLINTI originalą,B13. YA fantastika,Flamelio serija,K00810,Lentynoje,,,,,,,,,,,,
811.0,Michael Scott,Alchemikas,The Alchemyst,Lietuvių,Obuolys,,Fantastika (YA),Nemirtingojo Nikolo Flamelio paslaptys,,,"Spinta G, 4 lentyna",,B13. YA fantastika,Flamelio serija,K00811,Lentynoje,,,,,,,,,,,,
812.0,Dean Lorey,Košmarų akademija: Monstrų kerštas (2),,Lietuvių,Obuolys,,Fantastika (YA),Košmarų akademija,,,"Spinta G, 4 lentyna",,B13. YA fantastika,Kitos YA serijos,K00812,Lentynoje,,,,,,,,,,,,
813.0,,Jūra,,Lietuvių,Alma littera,,Romanas,,,,"Spinta G, 5 lentyna",PATIKSLINTI autorių (galimai John Banville),A3. Klasikos kanonas (pagal šalis),Kita klasika ir antologijos,K00813,Lentynoje,,,,,,,,,,,,
814.0,Iain M. Banks,The Algebraist,,Anglų,Orbit,,Mokslinė fantastika,,,,"Spinta G, 5 lentyna",,B12. Šiuolaikinė SF ir fantasy,Šiuolaikinė kietoji SF,K00814,Lentynoje,,,,,,,,,,,,
815.0,Mario Puzo,The Dark Arena,,Anglų,,,Romanas,,,,"Spinta G, 5 lentyna",,A3. Klasikos kanonas (pagal šalis),Kita klasika ir antologijos,K00815,Lentynoje,,,,,,,,,,,,
816.0,Nik Perumov (Ник Перумов),Гибель богов,,Rusų,,,Fantastika,,,,"Spinta G, 5 lentyna",,B12. Šiuolaikinė SF ir fantasy,Fantasy ir SF įvairenybės,K00816,Lentynoje,,,,,,,,,,,,
817.0,,Gyvūnų jaunikliai,,Lietuvių,Alma littera,,Gamta / vaikų,,,,"Spinta G, 5 lentyna",,C16. Vaikų literatūra ir pasakos,Vaikų knygos ir lavinimas,K00817,Lentynoje,,,,,,,,,,,,
818.0,Jennie Harding,Kristalai,Crystals,Lietuvių,,,Ezoterika,,,,"Spinta G, 5 lentyna",,D22. Rytų praktikos ir ezoterika,Ezoterika ir praktikos,K00818,Lentynoje,,,,,,,,,,,,
819.0,A. Kartavičius; A. Žiedelis,Mineralų paslaptys / Nuostabusis brangakmenių pasaulis,,Lietuvių,,,Gamta / mineralogija,,,,"Spinta G, 5 lentyna",PATIKSLINTI,H46. Gamta ir gyvūnija,,K00819,Lentynoje,,,,,,,,,,,,
820.0,,,,Lietuvių,,,Gamta,,,,"Spinta G, 5 lentyna","PATIKSLINTI: keli ploni gamtos leidiniai (A. Pranaitis „Meldinė nendrinukė“, E. Drobelis „Stulgys“, S. Paltanavičius ir kt.) ir „Magiškos akmenų galios“ — patikslinti",H46. Gamta ir gyvūnija,,K00820,Lentynoje,,,,,,,,,,,,
821.0,,Žurnalų kolekcija,,Lietuvių / kt.,,,Periodika,,,,"Spinta G, 6 lentyna (žurnalai)","Daug įvairių žurnalų — reikia atskiro sąrašo, jei norima suvesti po vieną",A50. Lietuvių XX–XXI a. literatūra,Šiuolaikinė proza,K00821,Lentynoje,,,,,,,,,,,,
822.0,,Marius Pietaris ir juodasis bokštas (2),,Lietuvių,,,Fantastika (YA),Marius Pietaris,,,"Spinta G, 7 lentyna",PATIKSLINTI autorių,B13. YA fantastika,Kitos YA serijos,K00822,Lentynoje,,,,,,,,,,,,
823.0,Peter S. Beagle,Burtininko mirtis,,Lietuvių,,,Fantastika,,,,"Spinta G, 7 lentyna",PATIKSLINTI pavadinimą,B12. Šiuolaikinė SF ir fantasy,Fantasy ir SF įvairenybės,K00823,Lentynoje,,,,,,,,,,,,
824.0,Andrzej Sapkowski,Raganius,Ostatnie życzenie,Lietuvių,,,Fantastika,Raganius (The Witcher),,,"Spinta G, 7 lentyna",,B12. Šiuolaikinė SF ir fantasy,Epinė fantasy,K00824,Lentynoje,,,,,,,,,,,,
825.0,Philip Reeve,Grobuonies auksas,Predator's Gold,Lietuvių,,,Fantastika (YA),Mirtini mechanizmai,,,"Spinta G, 7 lentyna",,B13. YA fantastika,Kitos YA serijos,K00825,Lentynoje,,,,,,,,,,,,
826.0,Eoin Colfer,Artemidas Faulas,Artemis Fowl,Lietuvių,Alma littera,,Fantastika (YA),Artemidas Faulas,,,"Spinta G, 7 lentyna",,B13. YA fantastika,Artemidas Faulas,K00826,Lentynoje,,,,,,,,,,,,
827.0,Eoin Colfer,Artemidas Faulas: Įvykis Arktyje,The Arctic Incident,Lietuvių,Alma littera,,Fantastika (YA),Artemidas Faulas,,,"Spinta G, 7 lentyna",,B13. YA fantastika,Artemidas Faulas,K00827,Lentynoje,,,,,,,,,,,,
828.0,Eoin Colfer,Artemidas Faulas: Amžinybės kodas,The Eternity Code,Lietuvių,Alma littera,,Fantastika (YA),Artemidas Faulas,,,"Spinta G, 7 lentyna",,B13. YA fantastika,Artemidas Faulas,K00828,Lentynoje,,,,,,,,,,,,
829.0,,Marius Pietaris ir burtų knyga (1),,Lietuvių,,,Fantastika (YA),Marius Pietaris,,,"Spinta G, 7 lentyna",PATIKSLINTI autorių,B13. YA fantastika,Kitos YA serijos,K00829,Lentynoje,,,,,,,,,,,,
830.0,,Mano pirmoji gamtos enciklopedija (5–8 metai),,Lietuvių,,,Vaikų / enciklopedija,,,,"Spinta G, 7 lentyna",,C16. Vaikų literatūra ir pasakos,Vaikų knygos ir lavinimas,K00830,Lentynoje,,,,,,,,,,,,
831.0,,Gražiausios lietuvių pasakos (II),,Lietuvių,,,Pasakos,,,,"Spinta G, 7 lentyna",,C16. Vaikų literatūra ir pasakos,Lietuvių pasakos ir vaikų knygos,K00831,Lentynoje,,,,,,,,,,,,
832.0,,Fleitos pradžiamokslis,,Lietuvių,DS Max,,Muzika / vaikų,,,,"Spinta G, 8 lentyna",Padėta gulsčiai,C16. Vaikų literatūra ir pasakos,Vaikų knygos ir lavinimas,K00832,Lentynoje,,,,,,,,,,,,
833.0,Serge Brussolo,Rinktinė,,Lietuvių,,,Fantastika (YA),,,,"Spinta G, 8 lentyna",PATIKSLINTI pavadinimą,B13. YA fantastika,Kitos YA serijos,K00833,Lentynoje,,,,,,,,,,,,
834.0,Cornelia Funke,Vaiduoklių medžiotojams gresia pavojus,,Lietuvių,Alma littera,,Vaikų / fantastika,Vaiduoklių medžiotojai,,,"Spinta G, 8 lentyna",,C16. Vaikų literatūra ir pasakos,Vaikų knygos ir lavinimas,K00834,Lentynoje,,,,,,,,,,,,
835.0,Cornelia Funke,Vaiduoklių medžiotojai kraupioje bailyje,,Lietuvių,Alma littera,,Vaikų / fantastika,Vaiduoklių medžiotojai,,,"Spinta G, 8 lentyna",PATIKSLINTI,C16. Vaikų literatūra ir pasakos,Vaikų knygos ir lavinimas,K00835,Lentynoje,,,,,,,,,,,,
836.0,Cornelia Funke,Vaiduoklių medžiotojai (dar vienas tomas),,Lietuvių,Alma littera,,Vaikų / fantastika,Vaiduoklių medžiotojai,,,"Spinta G, 8 lentyna",PATIKSLINTI,C16. Vaikų literatūra ir pasakos,Vaikų knygos ir lavinimas,K00836,Lentynoje,,,,,,,,,,,,
837.0,,,,Lietuvių,,,,,,,"Spinta G, 8 lentyna","PATIKSLINTI: dar keli vaikų leidiniai („Pegė“, „…ir fantomai“) — nugarėlės neįskaitomos","X. Ūkinė zona: žinynai, vadovėliai, periodika",,K00837,Lentynoje,,,,,,,,,,,,
838.0,J. K. Rowling,Haris Poteris ir Netikras Princas,Harry Potter and the Half-Blood Prince,Lietuvių,Alma littera,,Fantastika (YA),Haris Poteris,,,"Spinta G, 9 lentyna",,B13. YA fantastika,Haris Poteris,K00838,Lentynoje,,,,,,,,,,,,
840.0,J. K. Rowling,Harry Potter and the Half-Blood Prince,,Anglų,Bloomsbury,,Fantastika (YA),Harry Potter,,,"Spinta G, 9 lentyna",,B13. YA fantastika,Haris Poteris,K00840,Lentynoje,,,,,,,,,,,,
841.0,J. K. Rowling,Haris Poteris ir Mirties relikvijos,Harry Potter and the Deathly Hallows,Lietuvių,Alma littera,,Fantastika (YA),Haris Poteris,,,"Spinta G, 9 lentyna",,B13. YA fantastika,Haris Poteris,K00841,Lentynoje,,,,,,,,,,,,
842.0,J. K. Rowling,Haris Poteris ir Azkabano kalinys,Harry Potter and the Prisoner of Azkaban,Lietuvių,Alma littera,,Fantastika (YA),Haris Poteris,,,"Spinta G, 9 lentyna",,B13. YA fantastika,Haris Poteris,K00842,Lentynoje,,,,,,,,,,,,
843.0,J. K. Rowling,Haris Poteris ir Ugnies taurė,Harry Potter and the Goblet of Fire,Lietuvių,Alma littera,,Fantastika (YA),Haris Poteris,,,"Spinta G, 9 lentyna",,B13. YA fantastika,Haris Poteris,K00843,Lentynoje,,,,,,,,,,,,
844.0,J. K. Rowling,Haris Poteris ir Fenikso brolija,Harry Potter and the Order of the Phoenix,Lietuvių,Alma littera,,Fantastika (YA),Haris Poteris,,,"Spinta G, 9 lentyna",,B13. YA fantastika,Haris Poteris,K00844,Lentynoje,,,,,,,,,,,,
845.0,Vytautė Žilinskaitė,Ledinė fėjaitė,,Lietuvių,,,Vaikų literatūra,,,,"Spinta G, 10 lentyna",PATIKSLINTI,C16. Vaikų literatūra ir pasakos,Vaikų knygos ir lavinimas,K00845,Lentynoje,,,,,,,,,,,,
848.0,Broliai Grimai,Brolių Grimų pasakos,,Lietuvių,,,Pasakos,,,,"Spinta G, 10 lentyna",,C16. Vaikų literatūra ir pasakos,Pasaulio vaikų klasika,K00848,Lentynoje,,,,,,,,,,,,
849.0,Oskaras Milašius,Lietuviškos pasakos,,Lietuvių,,,Pasakos,,,,"Spinta G, 10 lentyna",,C16. Vaikų literatūra ir pasakos,Vaikų knygos ir lavinimas,K00849,Lentynoje,,,,,,,,,,,,
850.0,Antanas Vaičiulaitis,Pasakos,,Lietuvių,,,Pasakos,,,,"Spinta G, 10 lentyna",,C16. Vaikų literatūra ir pasakos,Vaikų knygos ir lavinimas,K00850,Lentynoje,,,,,,,,,,,,
851.0,Lewis Carroll,Alisa stebuklų šalyje,Alice's Adventures in Wonderland,Lietuvių,,,Vaikų literatūra,,,,"Spinta G, 10 lentyna",,C16. Vaikų literatūra ir pasakos,Pasaulio vaikų klasika,K00851,Lentynoje,,,,,,,,,,,,
852.0,,Populiariausios pasaulio pasakos lietuviškai ir angliškai,,Lietuvių / anglų,,,Pasakos,,,,"Spinta G, 10 lentyna",,C16. Vaikų literatūra ir pasakos,Vaikų knygos ir lavinimas,K00852,Lentynoje,,,,,,,,,,,,
853.0,K. Marukas,Sunku būti geram,,Lietuvių,,,Vaikų literatūra,,,,"Spinta G, 10 lentyna",PATIKSLINTI,C16. Vaikų literatūra ir pasakos,Vaikų knygos ir lavinimas,K00853,Lentynoje,,,,,,,,,,,,
854.0,Vincas Krėvė,Rinktinė,,Lietuvių,,,Proza,,,,"Spinta G, 10 lentyna",PATIKSLINTI tikslų pavadinimą,A49. Lietuvių klasika ir raštai,,K00854,Lentynoje,,,,,,,,,,,,
855.0,Levas Davydyčevas,Antraklasio ir antramečio nuotykiai,,Lietuvių,,,Vaikų literatūra,,,,"Spinta G, 10 lentyna",PATIKSLINTI,C16. Vaikų literatūra ir pasakos,Vaikų knygos ir lavinimas,K00855,Lentynoje,,,,,,,,,,,,
856.0,Kęstutis Kasparavičius,Kvailios istorijos,,Lietuvių,,,Vaikų literatūra,,,,"Spinta G, 10 lentyna",,C16. Vaikų literatūra ir pasakos,Vaikų knygos ir lavinimas,K00856,Lentynoje,,,,,,,,,,,,
857.0,Mikalojus Katkus,Balanos gadynė,,Lietuvių,,,Memuarai / etnografija,,,,"Spinta G, 10 lentyna",,E32. Biografijos ir memuarai,Asmenybės ir memuarai,K00857,Lentynoje,,,,,,,,,,,,
858.0,,"Lietuvių pasakos apie žvėris, gyvulius ir paukščius",,Lietuvių,,,Pasakos,,,,"Spinta G, 10 lentyna",,C16. Vaikų literatūra ir pasakos,Lietuvių pasakos ir vaikų knygos,K00858,Lentynoje,,,,,,,,,,,,
859.0,,,,Lietuvių,,,,,,,"Spinta G, 10 lentyna","PATIKSLINTI: dar keli tomai („Boksto gynimas“, „Tirolio sakalai“, „Kūdikystės sapnai“, Švabo III t.) — nugarėlės iš dalies neįskaitomos","X. Ūkinė zona: žinynai, vadovėliai, periodika",,K00859,Lentynoje,,,,,,,,,,,,
860.0,Michael Bond,"Meškiukas, vardu Padingtonas",A Bear Called Paddington,Lietuvių,,,Vaikų literatūra,,,,"Spinta G, 11 lentyna",,C16. Vaikų literatūra ir pasakos,Pasaulio vaikų klasika,K00860,Lentynoje,,,,,,,,,,,,
861.0,,Kaukų magija,,Lietuvių,,,Vaikų / fantastika,,,,"Spinta G, 11 lentyna",PATIKSLINTI autorių,C16. Vaikų literatūra ir pasakos,Vaikų knygos ir lavinimas,K00861,Lentynoje,,,,,,,,,,,,
862.0,Leo Lionni,Swimmy,,Anglų,Knopf,,Vaikų literatūra,,,,"Spinta G, 11 lentyna",,C16. Vaikų literatūra ir pasakos,Vaikų knygos ir lavinimas,K00862,Lentynoje,,,,,,,,,,,,
863.0,Serge Brussolo,Rinktinė,,Lietuvių,Alma littera,,Fantastika (YA),,,,"Spinta G, 11 lentyna",PATIKSLINTI (gali sutapti su Nr. 833),B13. YA fantastika,Kitos YA serijos,K00863,Lentynoje,,,,,,,,,,,,
864.0,Pamela L. Travers,Merė Popins: Vyšnių gatvelėje ir kaimyniniai namai,Mary Poppins,Lietuvių,,,Vaikų literatūra,,,,"Spinta G, 11 lentyna",,C16. Vaikų literatūra ir pasakos,Pasaulio vaikų klasika,K00864,Lentynoje,,,,,,,,,,,,
865.0,Cornelia Funke,Šiurpiomis vaiduoklių pėdomis,,Lietuvių,,,Vaikų / fantastika,Vaiduoklių medžiotojai,,,"Spinta G, 11 lentyna",,C16. Vaikų literatūra ir pasakos,Vaikų knygos ir lavinimas,K00865,Lentynoje,,,,,,,,,,,,
866.0,Otfried Preußler,Herbė ir jo draugas Cvotelis,Der Hotzenplotz,Lietuvių,,,Vaikų literatūra,,,,"Spinta G, 11 lentyna",PATIKSLINTI,C16. Vaikų literatūra ir pasakos,Vaikų knygos ir lavinimas,K00866,Lentynoje,,,,,,,,,,,,
867.0,,5640 patarlių ir priežodžių,,Lietuvių,,,Tautosaka,,,,"Spinta G, 11 lentyna",,D24. Mitologija ir tautosaka,,K00867,Lentynoje,,,,,,,,,,,,
868.0,,Lietuvių liaudies anekdotai,,Lietuvių,,,Tautosaka / humoras,,,,"Spinta G, 11 lentyna",,A3. Klasikos kanonas (pagal šalis),Kita klasika ir antologijos,K00868,Lentynoje,,,,,,,,,,,,
869.0,,Barono Miunhauzeno nuotykiai,,Lietuvių,,,Vaikų / nuotykiai,,,,"Spinta G, 11 lentyna",,C16. Vaikų literatūra ir pasakos,Vaikų knygos ir lavinimas,K00869,Lentynoje,,,,,,,,,,,,
870.0,Astrid Lindgren,Rasmusas klajūnas,Rasmus på luffen,Lietuvių,Alma littera,,Vaikų literatūra,,,,"Spinta G, 11 lentyna",,C16. Vaikų literatūra ir pasakos,Pasaulio vaikų klasika,K00870,Lentynoje,,,,,,,,,,,,
871.0,,Trys dovanos,,Lietuvių,,,Pasakos,,,,"Spinta G, 11 lentyna",PATIKSLINTI autorių,C16. Vaikų literatūra ir pasakos,Vaikų knygos ir lavinimas,K00871,Lentynoje,,,,,,,,,,,,
872.0,,Stebuklingas ragas,,Lietuvių,,,Pasakos,,,,"Spinta G, 11 lentyna",PATIKSLINTI autorių,C16. Vaikų literatūra ir pasakos,Vaikų knygos ir lavinimas,K00872,Lentynoje,,,,,,,,,,,,
873.0,,Aukso paukštė,,Lietuvių,,,Pasakos,,,,"Spinta G, 11 lentyna",PATIKSLINTI autorių,C16. Vaikų literatūra ir pasakos,Vaikų knygos ir lavinimas,K00873,Lentynoje,,,,,,,,,,,,
874.0,,Skaičiai,,Lietuvių,,,Vaikų / lavinimas,,,,"Spinta G, 11 lentyna",PATIKSLINTI,C16. Vaikų literatūra ir pasakos,Vaikų knygos ir lavinimas,K00874,Lentynoje,,,,,,,,,,,,
875.0,,Heraklis,,Lietuvių,,,Vaikų / mitologija,,,,"Spinta G, 12 lentyna",PATIKSLINTI,C16. Vaikų literatūra ir pasakos,Vaikų knygos ir lavinimas,K00875,Lentynoje,,,,,,,,,,,,
876.0,,Rinktinės pasakos vaikams (1),,Lietuvių,Egmont Lietuva,,Pasakos,,,,"Spinta G, 12 lentyna",,C16. Vaikų literatūra ir pasakos,Vaikų knygos ir lavinimas,K00876,Lentynoje,,,,,,,,,,,,
877.0,,Rinktinės pasakos vaikams (2),,Lietuvių,Egmont Lietuva,,Pasakos,,,,"Spinta G, 12 lentyna",,C16. Vaikų literatūra ir pasakos,Vaikų knygos ir lavinimas,K00877,Lentynoje,,,,,,,,,,,,
878.0,,Ankstyvojo ugdymo vadovas: vaikas iki trejų metų,,Lietuvių,,,Tėvystė / ugdymas,,,,"Spinta G, 12 lentyna",Matomi galimai 2 egz.,A50. Lietuvių XX–XXI a. literatūra,Šiuolaikinė proza,K00878,Lentynoje,,,,,,,,,,,,
879.0,,Meškučių pasakelės prieš miegą,,Lietuvių,,,Vaikų literatūra,,,,"Spinta G, 12 lentyna",,C16. Vaikų literatūra ir pasakos,Vaikų knygos ir lavinimas,K00879,Lentynoje,,,,,,,,,,,,
880.0,,Mažųjų skaitiniai,,Lietuvių,,,Vaikų literatūra,,,,"Spinta G, 12 lentyna",,C16. Vaikų literatūra ir pasakos,Vaikų knygos ir lavinimas,K00880,Lentynoje,,,,,,,,,,,,
881.0,,Burtininkystė: Merlino paslapčių knyga,,Lietuvių,,,Vaikų,,,,"Spinta G, 12 lentyna",,C16. Vaikų literatūra ir pasakos,Vaikų knygos ir lavinimas,K00881,Lentynoje,,,,,,,,,,,,
882.0,,Enciklopedija vaikams: apie Lietuvą,,Lietuvių,,,Vaikų / enciklopedija,,,,"Spinta G, 12 lentyna",,C16. Vaikų literatūra ir pasakos,Vaikų knygos ir lavinimas,K00882,Lentynoje,,,,,,,,,,,,
883.0,David Burnie,Dinozaurų enciklopedija,,Lietuvių,,,Vaikų / enciklopedija,,,,"Spinta G, 12 lentyna",,C16. Vaikų literatūra ir pasakos,Vaikų knygos ir lavinimas,K00883,Lentynoje,,,,,,,,,,,,
884.0,Ezopas,Ezopo pasakėčios,,Lietuvių,Egmont Lietuva,,Pasakėčios,,,,"Spinta G, 12 lentyna",,C16. Vaikų literatūra ir pasakos,Vaikų knygos ir lavinimas,K00884,Lentynoje,,,,,,,,,,,,
885.0,Rosemary Wells; Susan Jeffers,Lesė grįžta,Lassie Come-Home,Lietuvių,,,Vaikų literatūra,,,,"Spinta G, 12 lentyna",Matomi 2 egz.,C16. Vaikų literatūra ir pasakos,Vaikų knygos ir lavinimas,K00885,Lentynoje,,,,,,,,,,,,
886.0,Gary Chapman; Ross Campbell,Rinktinė (vaikų ugdymas),,Lietuvių,,,Tėvystė / ugdymas,,,,"Spinta G, 12 lentyna",PATIKSLINTI,A50. Lietuvių XX–XXI a. literatūra,Šiuolaikinė proza,K00886,Lentynoje,,,,,,,,,,,,
888.0,Elena Leontjeva,"Stokos reiškinys: būtis, žmogus ir bendruomenė",,Lietuvių,Lietuvos kultūros tyrimų institutas,,Filosofija,,,,"Spinta H, 1 lentyna (filosofija)",autorius neįskaitytas · PATIKSLINTI,D19. Filosofijos klasika,Antika–Apšvieta,K00887,Lentynoje,,,,,,,,,2026-09-16 17:51:00,g@cool.lt,Paupio Žydriaus,10.0
890.0,Arvydas Šliogeris,Būtis ir pasaulis,,Lietuvių,,,Filosofija,,,,"Spinta H, 1 lentyna (filosofija)",Du leidimai (1990 ir 2006); konkretus nenustatytas,D20. XX a. ir lietuvių filosofija,,K00889,Lentynoje,,,,,,,,,2026-09-16 17:51:00,g@cool.lt,Paupio Žydriaus,10.0
,Arvydas Šliogeris,Žmogaus pasaulis ir egzistencinis mąstymas,,lietuvių,,1985.0,filosofija,,,,"Spinta H, 1 lentyna (filosofija)",Leidykla ir ISBN nepatikslinti,D20. XX a. ir lietuvių filosofija,,K00890,Lentynoje,,,,,,,,,2026-09-16 17:51:00,g@cool.lt,Paupio Žydriaus,10.0
891.0,Arvydas Šliogeris,Daiktas ir menas,,Lietuvių,Mintis,1988.0,Filosofija / estetika,,,9785417002540.0,"Spinta H, 1 lentyna (filosofija)",,D20. XX a. ir lietuvių filosofija,,K00891,Lentynoje,,,,,,,,,2026-09-16 17:51:00,g@cool.lt,Paupio Žydriaus,10.0
892.0,Arvydas Šliogeris,Sietuvos,,Lietuvių,,1992.0,Filosofija / eseistika,,,,"Spinta H, 1 lentyna (filosofija)",Leidykla ir ISBN nepatikslinti,A3. Klasikos kanonas (pagal šalis),Kita klasika ir antologijos,K00892,Lentynoje,,,,,,,,,2026-09-16 17:51:00,g@cool.lt,Paupio Žydriaus,10.0
893.0,Zenonas Norkus,Max Weber ir racionalus pasirinkimas,,Lietuvių,ALK,2003.0,Sociologija / filosofija,,,9986092558.0,"Spinta H, 1 lentyna (filosofija)",ALK,"D25. Sociologija, semiotika, antropologija",,K00893,Lentynoje,,,,,,,,,2026-09-16 17:51:00,g@cool.lt,Paupio Žydriaus,10.0
894.0,Mykolas Römeris,Dienoraštis (1921 11 08 – 1922 06 15),,Lietuvių,,,Dienoraštis,,,,"Spinta H, 1 lentyna (filosofija)",,E32. Biografijos ir memuarai,Asmenybės ir memuarai,K00894,Lentynoje,,,,,,,,,,,,
896.0,Stasys Šalkauskis,Raštai (II tomas),,Lietuvių,,,Filosofija,,,,"Spinta H, 1 lentyna (filosofija)",,D20. XX a. ir lietuvių filosofija,,K00896,Lentynoje,,,,,,,,,,,,
,Stasys Šalkauskis,Raštai (I tomas),,Lietuvių,,,Filosofija,,,,"Spinta H, 1 lentyna (filosofija)",,D20. XX a. ir lietuvių filosofija,,K00897,Lentynoje,,,,,,,,,,,,
897.0,Arvydas Šliogeris; Virginijus Gustas,Pokalbiai apie esmes,,Lietuvių,Tyto alba,2013.0,Filosofija / pokalbiai,,,9789986169345.0,"Spinta H, 1 lentyna (filosofija)",guli stirtoje · Įvestyje autoriai nebuvo nurodyti,D20. XX a. ir lietuvių filosofija,,K00898,Lentynoje,,,,,,,,,2026-09-16 17:51:00,g@cool.lt,Paupio Žydriaus,10.0
898.0,Arvydas Šliogeris,Lietuviškosios paraštės,,Lietuvių,Vilniaus universiteto leidykla,2011.0,Filosofija / eseistika,,,9789955634409.0,"Spinta H, 1 lentyna (filosofija)",guli stirtoje,A3. Klasikos kanonas (pagal šalis),Kita klasika ir antologijos,K00899,Lentynoje,,,,,,,,,2026-09-16 17:51:00,g@cool.lt,Paupio Žydriaus,10.0
899.0,Lawrence A. Scaff,Veržiantis iš geležinio narvo,,Lietuvių,,,Sociologija / filosofija,,,,"Spinta H, 1 lentyna (filosofija)",,"D25. Sociologija, semiotika, antropologija",,K00900,Lentynoje,,,,,,,,,,,,
900.0,Tomas Venclova,Vilnius: A Personal History,,Anglų,,,Istorija / eseistika,,,,"Spinta H, 2 lentyna",,A3. Klasikos kanonas (pagal šalis),Kita klasika ir antologijos ★ pora: originalas + vertimas,K00901,Lentynoje,,,,,,,,,,,,
901.0,,Gedimino laiškai,,Lietuvių,Lietuvių literatūros ir tautosakos institutas,2023.0,Istorijos šaltinis,,,9786094253447.0,"Spinta H, 2 lentyna","Keli leidimai (1966, 2003, 2023); pasirinktas 2023 m., parengė Sigitas Narbutas",E27. LDK ir Lietuvos istorija,Šaltiniai ir kronikos,K00902,Lentynoje,,,,,,,,,2026-09-16 17:51:00,g@cool.lt,Paupio Žydriaus,11.0
902.0,Algimantas Grigelis,Ignotas Domeika,,Lietuvių,,,Biografija,,,,"Spinta H, 2 lentyna","didelė balta knyga, autorius/pavadinimas neaiškūs · PATIKSLINTI",E32. Biografijos ir memuarai,Mokslininkų biografijos,K00903,Lentynoje,,,,,,,,,2026-09-16 17:51:00,g@cool.lt,Paupio Žydriaus,11.0
903.0,Malcolm Harris,"Palo Alto: A History of California, Capitalism, and the World",,Anglų,,2023.0,Istorija / ekonomika,,,,"Spinta H, 2 lentyna",guli viršuje · Leidykla ir ISBN nepatikslinti,E31. Istorijos biblioteka,Šalių ir epochų istorijos,K00904,Lentynoje,,,,,,,,,2026-09-16 17:51:00,g@cool.lt,Paupio Žydriaus,11.0
904.0,Ron Chernow,Alexander Hamilton,,Anglų,Penguin,2004.0,Biografija,,,,"Spinta H, 2 lentyna",guli viršuje · 15 leidimų; konkretus nenustatytas,E32. Biografijos ir memuarai,Valstybininkų biografijos,K00905,Lentynoje,,,,,,,,,2026-09-16 17:51:00,g@cool.lt,Paupio Žydriaus,11.0
905.0,Carl Sagan,Cosmos,,Anglų,Abacus,1980.0,Mokslo populiarinimas,,,,"Spinta H, 2 lentyna",guli viršuje · 74 leidimai; konkretus nenustatytas,"F34. Kosmosas, fizika, matematika",,K00906,Lentynoje,,,,,,,,,2026-09-16 17:51:00,g@cool.lt,Paupio Žydriaus,11.0
,V.Daugirdaitė Sruogienė,Lietuvos istorijso vaizdai ir raštai I,,Lietuvių,,,Istorija,,,,"Spinta H, 2 lentyna",,E27. LDK ir Lietuvos istorija,Sintezės ir monografijos,K00908,Lentynoje,,,,,,,,,,,,
,Tomas Venclova,Vilnius,,Lietuvių,,,Istorija,,,,"Spinta H, 2 lentyna","plona geltona nugarėlė, tik pavadinimas · PATIKSLINTI",E28. Vilniaus biblioteka,,K00909,Lentynoje,,,,,,,,,2026-09-16 17:51:00,g@cool.lt,Paupio 2 aukštas,49.0
,,Vilniaus pilis senose fotografijose,,Lietuvių,,,Istorija,,,,"Spinta H, 2 lentyna",,E28. Vilniaus biblioteka,,K00910,Lentynoje,,,,,,,,,,,,
,,Vilnius: Vokiečių gatvė,,Lietuvių,,,Istorija,,,,"Spinta H, 2 lentyna",,E28. Vilniaus biblioteka,,K00911,Lentynoje,,,,,,,,,,,,
,,Vilniui 650 metų,,Lietuvių,,,Istorija,,,,"Spinta H, 2 lentyna",,E28. Vilniaus biblioteka,,K00912,Lentynoje,,,,,,,,,,,,
,V. Martinkėnas,Vilnius ir jo apylinkių čiabuviai,,Lietuvių,,,Istorija,,,,"Spinta H, 2 lentyna",,E28. Vilniaus biblioteka,,K00913,Lentynoje,,,,,,,,,,,,
,R. Schnold,The Gaon of Vilna,,Lietuvių,,,Istorija,,,,"Spinta H, 2 lentyna",,E31. Istorijos biblioteka,Šalių ir epochų istorijos,K00914,Lentynoje,,,,,,,,,,,,
907.0,Józef Ignacy Kraszewski (Juozas Ignacas Kraševskis),Vytauto Lietuva,,Lietuvių,,,Istorija,,,,"Spinta H, 2 lentyna",,E27. LDK ir Lietuvos istorija,Sintezės ir monografijos,K00915,Lentynoje,,,,,,,,,,,,
,Jonas Lasickis,Apie žemaičių dievus,,lietuvių,,,istorija,,,,"Spinta H, 2 lentyna",,E31. Istorijos biblioteka,Šalių ir epochų istorijos,K00916,Lentynoje,,,,,,,,,,,,
,"Jučas, Lukšaitė, Merkys",Lietuvos istorija,,lietuvių,,,istorija,,,,"Spinta H, 2 lentyna",,E27. LDK ir Lietuvos istorija,Sintezės ir monografijos,K00917,Lentynoje,,,,,,,,,,,,
908.0,,Lietuvos metraštis: Bychovco kronika,,Lietuvių,,,Istorija,,,,"Spinta H, 2 lentyna",,E27. LDK ir Lietuvos istorija,Šaltiniai ir kronikos,K00918,Lentynoje,,,,,,,,,,,,
909.0,Leonardo da Vinci,Notebooks,,Anglų,Oxford University Press,,Dailė / mokslas,Oxford World's Classics,,,"Spinta H, 3 lentyna",Oxford · Daug skirtingų rinkinių ir leidimų; konkretus nenustatytas,F36. Mokslo ir idėjų istorija,,K00919,Lentynoje,,,,,,,,,2026-09-16 17:51:00,g@cool.lt,Paupio Žydriaus,7.0
910.0,Michelangelo,"Life, Letters, and Poetry",,Anglų,Oxford University Press,,Dailė / poezija,Oxford World's Classics,,,"Spinta H, 3 lentyna",Oxford · PATIKSLINTI,A3. Klasikos kanonas (pagal šalis),Kita klasika ir antologijos,K00920,Lentynoje,,,,,,,,,2026-09-16 17:51:00,g@cool.lt,Paupio Žydriaus,7.0
911.0,Mary Beard,SPQR,,Anglų,Profile Books,2015.0,Istorija,,,,"Spinta H, 3 lentyna",Leidykla ir ISBN nepatikslinti,E26. Antikos ir viduramžių istorija,,K00921,Lentynoje,,,,,,,,,2026-09-16 17:51:00,g@cool.lt,Paupio Žydriaus,7.0
912.0,,Sacred Writings,,Anglų,,,Religija / antologija,,,,"Spinta H, 3 lentyna",PATIKSLINTI sudarytoją,A3. Klasikos kanonas (pagal šalis),Kita klasika ir antologijos,K00922,Lentynoje,,,,,,,,,,,,
913.0,Mikalojus Povilas Vilutis,Rinktinė / eseistika,,Lietuvių,,,Eseistika / dailė,,,,"Spinta H, 3 lentyna",PATIKSLINTI tikslų pavadinimą,A3. Klasikos kanonas (pagal šalis),Kita klasika ir antologijos,K00923,Lentynoje,,,,,,,,,,,,
914.0,Ben Wilson,Metropolis,,Anglų,,2020.0,Istorija / urbanistika,,,,"Spinta H, 3 lentyna",Leidykla ir ISBN nepatikslinti,E31. Istorijos biblioteka,Šalių ir epochų istorijos,K00924,Lentynoje,,,,,,,,,2026-09-16 17:51:00,g@cool.lt,Paupio Žydriaus,6.0
915.0,,"Nėra to blogo, kas neišeitų į gera?",,Lietuvių,,,Politologija / studija,,,,"Spinta H, 3 lentyna",Reikšmingų įvykių šoką sekusi politikos kaita Lietuvoje 2004–2020 m. PATIKSLINTI autorių,F33. Geopolitika ir publicistika,,K00925,Lentynoje,,,,,,,,,,,,
917.0,Michailas Zygaris (Михаил Зыгарь),Вся кремлевская рать,,Rusų,,,Politika / istorija,,,,"Spinta H, 4 lentyna",,E31. Istorijos biblioteka,Šalių ir epochų istorijos,K00927,Lentynoje,,,,,,,,,,,,
918.0,Jonas Öhman,Donbasas,,Lietuvių,Alma littera,,Istorija / publicistika,,,,"Spinta H, 4 lentyna",Gali sutapti su Nr. 526,E29. XX a. totalitarizmai ir karai,,K00928,Lentynoje,,,,,,,,,,,,
919.0,Noam Chomsky,Rinktinė,,Anglų,,,Politika / lingvistika,,,,"Spinta H, 4 lentyna",PATIKSLINTI tikslų pavadinimą,F33. Geopolitika ir publicistika,,K00929,Lentynoje,,,,,,,,,,,,
920.0,Eliot Higgins,We Are Bellingcat,,Anglų,,2021.0,Žurnalistika / OSINT,,,,"Spinta H, 4 lentyna",Leidykla ir ISBN nepatikslinti,F33. Geopolitika ir publicistika,,K00930,Lentynoje,,,,,,,,,2026-09-16 17:51:00,g@cool.lt,Paupio Žydriaus,8.0
921.0,Tim Marshall,The Power of Geography,,Anglų,,2021.0,Geopolitika,,,,"Spinta H, 4 lentyna",Leidykla ir ISBN nepatikslinti,F33. Geopolitika ir publicistika,,K00931,Lentynoje,,,,,,,,,2026-09-16 17:51:00,g@cool.lt,Paupio Žydriaus,8.0
922.0,,The Superpowers in Crisis,,Anglų,,,Politika / istorija,,,,"Spinta H, 4 lentyna",PATIKSLINTI autorių,E31. Istorijos biblioteka,Šalių ir epochų istorijos,K00932,Lentynoje,,,,,,,,,2026-09-16 17:51:00,g@cool.lt,Paupio Žydriaus,8.0
923.0,,Modern Capital Theory,,Anglų,,,Ekonomika,,,,"Spinta H, 4 lentyna",PATIKSLINTI autorių,F32. Ekonomika ir politinė ekonomija,,K00933,Lentynoje,,,,,,,,,,,,
924.0,,Koranas,,Lietuvių,Kronta,2010.0,Religija,,,9786094010798.0,"Spinta H, 4 lentyna",Korano vertimas į lietuvių k.,D21. Religijotyra ir šventraščiai,Šventraščiai ★ pora: originalas + vertimas,K00934,Lentynoje,,,,,,,,,2026-09-16 17:51:00,g@cool.lt,Paupio Žydriaus,8.0
925.0,Eimantas Gudas; Žilvinė Petrauskaitė,Gedimino kraujas,,Lietuvių,,,Istorinis romanas,,,,"Spinta H, 5 lentyna",PATIKSLINTI,A50. Lietuvių XX–XXI a. literatūra,Šiuolaikinė proza,K00935,Lentynoje,,,,,,,,,,,,
926.0,Ričardas Gavelis,Rinktinė,,Lietuvių,,,Proza,,,,"Spinta H, 5 lentyna",PATIKSLINTI tikslų pavadinimą,A50. Lietuvių XX–XXI a. literatūra,Šiuolaikinė proza,K00936,Lentynoje,,,,,,,,,,,,
927.0,Gintaras Beresnevičius,Rinktinė,,Lietuvių,,,Eseistika / religijotyra,,,,"Spinta H, 5 lentyna",PATIKSLINTI tikslų pavadinimą,A50. Lietuvių XX–XXI a. literatūra,Eseistika ir humoras,K00937,Lentynoje,,,,,,,,,,,,
929.0,Salman Rushdie,Šėtoniškos eilės,The Satanic Verses,Lietuvių,,,Romanas,,,,"Spinta H, 5 lentyna",,B9. Šiuolaikinė pasaulio proza,Šiuolaikinis pasaulio romanas,K00939,Lentynoje,,,,,,,,,,,,
930.0,Salman Rushdie,Florencijos kerėtoja,The Enchantress of Florence,Lietuvių,Alma littera,,Romanas,,,,"Spinta H, 5 lentyna",Alma littera · PATIKSLINTI,B9. Šiuolaikinė pasaulio proza,Šiuolaikinis pasaulio romanas ★ pora: originalas + vertimas,K00940,Lentynoje,,,,,,,,,2026-09-16 17:51:00,g@cool.lt,Paupio Žydriaus,4.0
931.0,Tomas Sakalauskas,Monologai,,Lietuvių,,,Eseistika / pokalbiai,,,,"Spinta H, 5 lentyna",PATIKSLINTI,A50. Lietuvių XX–XXI a. literatūra,Eseistika ir humoras,K00941,Lentynoje,,,,,,,,,2026-09-16 17:51:00,g@cool.lt,Paupio Žydriaus,4.0
932.0,Andrius Tapinas,Rinktinė,,Lietuvių,,,Proza / eseistika,,,,"Spinta H, 5 lentyna",PATIKSLINTI tikslų pavadinimą,A50. Lietuvių XX–XXI a. literatūra,Eseistika ir humoras,K00942,Lentynoje,,,,,,,,,,,,
933.0,,,,Lietuvių,,,,,,,"Spinta H, 5 lentyna","PATIKSLINTI: dar keli tankiai sukrauti tomai (M. Martinaitis, P. Širvys, „Juoda ir balta“, K. Boruta) — nugarėlės iš dalies neįskaitomos","X. Ūkinė zona: žinynai, vadovėliai, periodika",,K00943,Lentynoje,,,,,,,,,,,,
934.0,Darius Pocevičius,100 istorinių Vilniaus reliktų,,Lietuvių,Kitos knygos,2018.0,Istorija / kraštotyra,,,9786094273285.0,"Spinta H, 6 lentyna",Yra ir el. leidimo ISBN 9786094272226,E28. Vilniaus biblioteka,,K00944,Lentynoje,,,,,,,,,2026-09-16 17:51:00,g@cool.lt,Paupio Žydriaus,5.0
935.0,Ayn Rand,Atlas Shrugged,,Anglų,,,Romanas,,,,"Spinta H, 6 lentyna",Penguin Modern Classics · Originalas 1957 m.; OpenLibrary nurodo klaidingus 1936 m. Konkretus leidimas nenustatytas,A3. Klasikos kanonas (pagal šalis),Kita klasika ir antologijos,K00945,Lentynoje,,,,,,,,,2026-09-16 17:51:00,g@cool.lt,Paupio Žydriaus,5.0
936.0,Niall Ferguson,Civilization,,Anglų,Penguin,,Istorija,,,,"Spinta H, 6 lentyna",,E31. Istorijos biblioteka,Šalių ir epochų istorijos,K00946,Lentynoje,,,,,,,,,,,,
938.0,Czesław Miłosz,Valdžios užėmimas,Zdobycie władzy,Lietuvių,Vyturys,2021.0,Romanas,,,9786098222524.0,"Spinta H, 6 lentyna",Odilė · Vertė Vytas Dekšnys; pirmas leidimas lietuvių kalba,B9. Šiuolaikinė pasaulio proza,Nobelio laureatai,K00948,Lentynoje,,,,,,,,,2026-09-16 17:51:00,g@cool.lt,Paupio Žydriaus,5.0
939.0,Czesław Miłosz,Poetinis traktatas,Traktat poetycki,Lietuvių,,,Poezija,,,,"Spinta H, 6 lentyna",,B9. Šiuolaikinė pasaulio proza,Nobelio laureatai,K00949,Lentynoje,,,,,,,,,,,,
940.0,Czesław Miłosz,Isos slėnis,Dolina Issy,Lietuvių,"Pasaulio lietuvių kultūros, mokslo ir švietimo centras",2001.0,Romanas,,,9986418194.0,"Spinta H, 6 lentyna","Keli lietuviški leidimai; pasirinktas 2001 m., vertė Algis Kalėda",B9. Šiuolaikinė pasaulio proza,Nobelio laureatai,K00950,Lentynoje,,,,,,,,,2026-09-16 17:51:00,g@cool.lt,Paupio Žydriaus,5.0
942.0,Dalia Dilytė (sud.),Romėnų literatūros chrestomatija,,Lietuvių,Mintis,2008.0,Antikos literatūra,,,9785417009792.0,"Spinta H, 6 lentyna",Serijos Nr. 6,A1. Antikos literatūra ir istorikai,,K00952,Lentynoje,,,,,,,,,2026-09-16 17:51:00,g@cool.lt,Paupio Žydriaus,5.0
943.0,Tacitas,Analai,Annales,Lietuvių,,,Istorija,,,,"Spinta H, 6 lentyna",,A1. Antikos literatūra ir istorikai,,K00953,Lentynoje,,,,,,,,,,,,
944.0,Valdas Rakutis,Karai ir taikos,,Lietuvių,,,Istorija,,,,"Spinta H, 6 lentyna",PATIKSLINTI,E31. Istorijos biblioteka,Šalių ir epochų istorijos,K00954,Lentynoje,,,,,,,,,,,,
945.0,,,,Lietuvių,,,,,,,"Spinta H, 6 lentyna","PATIKSLINTI: dar keli tomai (Z. Herbertas, Publijus, Miłoszo tomai) — nugarėlės iš dalies neįskaitomos","X. Ūkinė zona: žinynai, vadovėliai, periodika",,K00955,Lentynoje,,,,,,,,,,,,
946.0,Zhuangzi,The Complete Works of Zhuangzi,,Anglų,Columbia University Press,,Filosofija,,,,"Spinta H, 7 lentyna","Columbia UP, vertė Burton Watson · Tikėtina 2013 m. Columbia University Press leidimas (Burton Watson vertimas), tačiau nepatvirtinta — OpenLibrary rado tik 1968 m. „The Complete Works of Chuang Tzu“",D19. Filosofijos klasika,Antika–Apšvieta,K00956,Lentynoje,,,,,,,,,2026-09-16 17:51:00,g@cool.lt,Paupio Žydriaus,1.0
948.0,Suetonius,Lives of the Twelve Caesars,,Anglų,,,Istorija / biografija,,,,"Spinta H, 7 lentyna",,A1. Antikos literatūra ir istorikai,,K00958,Lentynoje,,,,,,,,,,,,
949.0,Johann Wolfgang von Goethe,Itališkoji kelionė,Italienische Reise,Lietuvių,Hieronymus,2023.0,Kelionių proza,,,9786099629773.0,"Spinta H, 7 lentyna",,A3. Klasikos kanonas (pagal šalis),Vokiečių klasika vertimuose,K00959,Lentynoje,,,,,,,,,2026-09-16 17:51:00,g@cool.lt,Paupio Žydriaus,1.0
950.0,Gabriel García Márquez (Габриэль Гарсиа Маркес),Rinktinė,,Rusų,,,Proza,,,,"Spinta H, 7 lentyna",PATIKSLINTI tikslų pavadinimą,B9. Šiuolaikinė pasaulio proza,Nobelio laureatai,K00960,Lentynoje,,,,,,,,,,,,
952.0,Aidas Marčėnas,Rinktinė,,Lietuvių,,,Poezija,,,,"Spinta H, 7 lentyna",PATIKSLINTI tikslų pavadinimą,A50. Lietuvių XX–XXI a. literatūra,Poezija,K00962,Lentynoje,,,,,,,,,,,,
953.0,Nikos Kazantzakis,Report to Greco,,Anglų,,1966.0,Memuarai / proza,,,,"Spinta H, 7 lentyna","guli viršuje · Angliškas vertimas 1966 m.; konkretus leidimas, leidykla ir ISBN nenustatyti",B9. Šiuolaikinė pasaulio proza,Šiuolaikinis pasaulio romanas,K00963,Lentynoje,,,,,,,,,2026-09-16 17:51:00,g@cool.lt,Paupio Žydriaus,1.0
954.0,Ismail Kadare,Pakirstas balandis,Prilli i thyer,Lietuvių,,2007.0,Romanas,,,9789986165682.0,"Spinta H, 7 lentyna","Metai iš VLE straipsnio, ISBN iš knygos aprašo (vertė Asta Uosytė); leidykla nepatvirtinta",B9. Šiuolaikinė pasaulio proza,Šiuolaikinis pasaulio romanas,K00964,Lentynoje,,,,,,,,,2026-09-16 17:51:00,g@cool.lt,Paupio Žydriaus,1.0
955.0,Ivo Andrić,The Days of the Consuls,,Anglų,,1992.0,Romanas,,,,"Spinta H, 7 lentyna",Angliškas „Travnička hronika“ vertimas; OpenLibrary nurodo 1992 m.; leidykla ir ISBN nepatikslinti,B9. Šiuolaikinė pasaulio proza,Nobelio laureatai,K00965,Lentynoje,,,,,,,,,2026-09-16 17:51:00,g@cool.lt,Paupio Žydriaus,1.0
956.0,Olga Tokarczuk,Bieguni,,Lenkų,,2007.0,Romanas,,,,"Spinta H, 7 lentyna",„Bėgūnai“ / Flights,B9. Šiuolaikinė pasaulio proza,Nobelio laureatai,K00966,Lentynoje,,,,,,,,,2026-09-16 17:51:00,g@cool.lt,Paupio Žydriaus,1.0
957.0,Kapka Kassabova,Elixir: In the Valley at the End of Time,,Anglų,,,Kelionių proza,,,,"Spinta H, 7 lentyna",,B9. Šiuolaikinė pasaulio proza,Šiuolaikinis pasaulio romanas,K00967,Lentynoje,,,,,,,,,,,,
958.0,Roberto Bolaño,2666.0,,Anglų / lietuvių,,2004.0,Romanas,,,,"Spinta H, 7 lentyna",PATIKSLINTI kalbą,B9. Šiuolaikinė pasaulio proza,Šiuolaikinis pasaulio romanas,K00968,Lentynoje,,,,,,,,,2026-09-16 17:51:00,g@cool.lt,Paupio Žydriaus,1.0
960.0,Olga Tokarczuk,Księgi Jakubowe,,Lenkų,,2014.0,Romanas,,,,"Spinta H, 7 lentyna",Jokūbo knygos,B9. Šiuolaikinė pasaulio proza,Nobelio laureatai,K00970,Lentynoje,,,,,,,,,2026-09-16 17:51:00,g@cool.lt,Paupio Žydriaus,1.0
961.0,Jodi Picoult,Mano sesers globėjas,My Sister's Keeper,Lietuvių,Alma littera,2006.0,Romanas,,,,"Spinta H, 7 lentyna",Alma littera · OpenLibrary: lietuviškas leidimas 2006 m.; leidykla ir ISBN nepatikslinti,B9. Šiuolaikinė pasaulio proza,Šiuolaikinis pasaulio romanas,K00971,Lentynoje,,,,,,,,,2026-09-16 17:51:00,g@cool.lt,Paupio Žydriaus,1.0
962.0,Gary Vaynerchuk,Twelve and a Half,,Anglų,,2021.0,Verslas / saviugda,,,,"Spinta H, 8 lentyna",Leidykla ir ISBN nepatikslinti,D23. Psichologija ir saviugda,Saviugda,K00972,Lentynoje,,,,,,,,,2026-09-16 17:51:00,g@cool.lt,Paupio Žydriaus,2.0
964.0,Jędrzej Śniadecki (Andrius Sniadeckis),Organiškų būtybių teorija,Theory of Organic Beings,Lietuvių,,,Mokslas / filosofija,,,,"Spinta H, 8 lentyna",PATIKSLINTI,D19. Filosofijos klasika,Antika–Apšvieta,K00974,Lentynoje,,,,,,,,,,,,
965.0,Merlin Sheldrake,Raizgus gyvenimas,Entangled Life,Lietuvių,Baltos lankos,,Mokslo populiarinimas,,,,"Spinta H, 8 lentyna",,F35. Gyvybės mokslai ir evoliucija,,K00975,Lentynoje,,,,,,,,,,,,
966.0,Sergei Guriev; Daniel Treisman,Spin Dictators,,Anglų,Princeton University Press,2022.0,Politologija,,,,"Spinta H, 8 lentyna",ISBN nepatikslintas,F33. Geopolitika ir publicistika,,K00976,Lentynoje,,,,,,,,,2026-09-16 17:51:00,g@cool.lt,Paupio Žydriaus,2.0
967.0,Paul Baker,Fabulosa!,,Anglų,,,Kalbotyra / kultūra,,,,"Spinta H, 8 lentyna",,"H48. Menas, kalbos, pomėgiai",Kalbos ir žodynai,K00977,Lentynoje,,,,,,,,,,,,
969.0,,Etologija,,Lietuvių,,,Biologija,,,,"Spinta H, 8 lentyna",PATIKSLINTI autorių,F35. Gyvybės mokslai ir evoliucija,,K00979,Lentynoje,,,,,,,,,,,,
970.0,,Ką veikia Japonija,,Lietuvių,,,Kultūra / kelionės,,,,"Spinta H, 8 lentyna",PATIKSLINTI autorių,"H47. Kelionės, atlasai, geografija",Kelionių literatūra,K00980,Lentynoje,,,,,,,,,,,,
971.0,Andrius Kleiva,Rinktinė,,Lietuvių,,,Proza,,,,"Spinta H, 8 lentyna",PATIKSLINTI tikslų pavadinimą,A3. Klasikos kanonas (pagal šalis),Kita klasika ir antologijos,K00981,Lentynoje,,,,,,,,,,,,
972.0,,,,,,,,,,,"Spinta H, 8 lentyna","PATIKSLINTI: dar keli tomai (T. Sjöberg apie I. Bergmaną, „Rusijos istorija“, G. Statinis) — nugarėlės iš dalies neįskaitomos","X. Ūkinė zona: žinynai, vadovėliai, periodika",,K00982,Lentynoje,,,,,,,,,,,,
974.0,Niall Ferguson,Colossus: The Rise and Fall of the American Empire,,Anglų,Penguin,,Istorija,,,,"Spinta H, 9 lentyna","Penguin · keli leidimai; paantraštė „The Rise and Fall of the American Empire“ būdinga JK/minkštviršiam leidimui (Penguin, 2004–2005) — tikslūs metai nepatvirtinti",E31. Istorijos biblioteka,Šalių ir epochų istorijos,K00984,Lentynoje,,,,,,,,,2026-09-16 17:51:00,g@cool.lt,Paupio Žydriaus,16a
975.0,Marguerite Yourcenar,Memoirs of Hadrian,,Anglų,Penguin,,Istorinis romanas,,,,"Spinta H, 9 lentyna","Penguin Modern Classics · daug leidimų — konkretus leidimas neidentifikuotas, nespėliojama",A3. Klasikos kanonas (pagal šalis),Kita klasika ir antologijos,K00985,Lentynoje,,,,,,,,,2026-09-16 17:51:00,g@cool.lt,Paupio Žydriaus,16a
977.0,Anna Kamińska,Wanda,,Lenkų,,,Biografija,,,,"Spinta H, 9 lentyna",,E32. Biografijos ir memuarai,Asmenybės ir memuarai,K00987,Lentynoje,,,,,,,,,,,,
978.0,Salman Rushdie,The Satanic Verses,,Anglų,,,Romanas,,,,"Spinta H, 9 lentyna","Vintage · daug leidimų — konkretus leidimas neidentifikuotas, nespėliojama; pirmasis leidimas 1988 (Viking) — turimas egzempliorius nepatvirtintas",B9. Šiuolaikinė pasaulio proza,Šiuolaikinis pasaulio romanas,K00988,Lentynoje,,,,,,,,,2026-09-16 17:51:00,g@cool.lt,Paupio Žydriaus,17a
979.0,Edward Gibbon,The History of the Decline and Fall of the Roman Empire,,Anglų,Penguin,,Istorija,,,,"Spinta H, 9 lentyna","Penguin Classics · daug leidimų — konkretus leidimas neidentifikuotas, nespėliojama",E26. Antikos ir viduramžių istorija,,K00989,Lentynoje,,,,,,,,,2026-09-16 17:51:00,g@cool.lt,Paupio Žydriaus,17a
980.0,,,,,,,,,,,"Spinta H, 9 lentyna","PATIKSLINTI: dar keli tomai (Kantas, D. Hume, Platonas, M. Aurelijus, rusų k. sveikatos knygos, F. X. Mayr, Nietzsche) — nugarėlės iš dalies neįskaitomos","X. Ūkinė zona: žinynai, vadovėliai, periodika",,K00990,Lentynoje,,,,,,,,,,,,
981.0,Siddhartha Mukherjee,Genas,The Gene,Lietuvių,Briedis,,Mokslo populiarinimas,,,,"Spinta H, 10 lentyna",Briedis · Lietuviško leidimo pavadinimu „Genas“ rasti nepavyko (sena.lt randa tik „Visų ligų karalius“); angl. originalas „The Gene: An Intimate History“ — sutapimas nepatvirtintas,F35. Gyvybės mokslai ir evoliucija,★ pora: originalas + vertimas,K00991,Lentynoje,,,,,,,,,2026-09-16 17:51:00,g@cool.lt,Paupio Žydriaus,14.0
983.0,Friedrich Nietzsche (Фридрих Ницше),Сочинения (том 2),,Rusų,,,Filosofija,,,,"Spinta H, 10 lentyna",,D19. Filosofijos klasika,Vokiečių idealizmas ir XIX a.,K00993,Lentynoje,,,,,,,,,,,,
984.0,"Ф. Ницше, З. Фрейд, Э. Фромм, А. Камю, Ж.-П. Сартр",Сумерки богов,,Rusų,Политиздат,1989.0,Filosofija / antologija,,,5-250-00378-8,"Spinta H, 10 lentyna","Nietzsche, Freud, Fromm, Camus, Sartre",A3. Klasikos kanonas (pagal šalis),Rusų klasika vertimuose,K00994,Lentynoje,,,,,,,,,2026-09-16 17:51:00,g@cool.lt,Paupio Žydriaus,15.0
985.0,Voltaire (Вольтер),Rinktinė,,Rusų,,,Filosofija,,,,"Spinta H, 10 lentyna",PATIKSLINTI tikslų pavadinimą,D19. Filosofijos klasika,Antika–Apšvieta,K00995,Lentynoje,,,,,,,,,,,,
986.0,Georgas Hegelis,Istorijos filosofija,,Lietuvių,Mintis,1990.0,Filosofija,,,5417003298.0,"Spinta H, 10 lentyna",vertė Arvydas Šliogeris; pirmasis Hėgelio veikalas lietuvių kalba,D19. Filosofijos klasika,Vokiečių idealizmas ir XIX a.,K00996,Lentynoje,,,,,,,,,2026-09-16 17:51:00,g@cool.lt,Paupio Žydriaus,15.0
988.0,G. W. F. Hegel,Teisės filosofijos apmatai,Grundlinien der Philosophie des Rechts,Lietuvių,ALK / Mintis,,Filosofija / teisė,,,,"Spinta H, 10 lentyna",,D19. Filosofijos klasika,Vokiečių idealizmas ir XIX a.,K00998,Lentynoje,,,,,,,,,,,,
990.0,Gottfried Wilhelm Leibniz (Лейбниц),Сочинения (том 4),,Rusų,,,Filosofija,,,,"Spinta H, 10 lentyna",,D19. Filosofijos klasika,Vokiečių idealizmas ir XIX a.,K01000,Lentynoje,,,,,,,,,,,,
991.0,Niccolò Machiavelli,Il Principe,,Italų,,,Politinė filosofija,,,,"Spinta H, 10 lentyna","BUR, ricetto in italiano moderno · daug leidimų — konkretus leidimas neidentifikuotas, nespėliojama (itališkas originalas)",D19. Filosofijos klasika,Antika–Apšvieta,K01001,Lentynoje,,,,,,,,,2026-09-16 17:51:00,g@cool.lt,Paupio Žydriaus,16.0
992.0,David Hume,Rinktinė,,Lietuvių,,,Filosofija,,,,"Spinta H, 10 lentyna",PATIKSLINTI tikslų pavadinimą,D19. Filosofijos klasika,Antika–Apšvieta,K01002,Lentynoje,,,,,,,,,,,,
993.0,,,,,,,,,,,"Spinta H, 10 lentyna","PATIKSLINTI: dar keli tomai (R. Heilbronerio, ALK Nietzsche's, „Traktatas apie žmogaus prigimtį“) — nugarėlės iš dalies neįskaitomos","X. Ūkinė zona: žinynai, vadovėliai, periodika",,K01003,Lentynoje,,,,,,,,,,,,
994.0,Conn Iggulden; Hal Iggulden,The Dangerous Book for Boys,,Anglų,,2006.0,Vaikų / negrožinė,,,,"Spinta H, 11 lentyna",Keli leidimai (13); leidykla ir ISBN nepatikslinti,C16. Vaikų literatūra ir pasakos,Vaikų knygos ir lavinimas,K01004,Lentynoje,,,,,,,,,2026-09-16 17:51:00,g@cool.lt,Paupio Žydriaus,12.0
995.0,Judith Crowe,Brangakmenių žinynas,The Jeweler's Directory of Gemstones,Lietuvių,Naujoji Rosma,2007.0,Žinynas,,,9789955061793.0,"Spinta H, 11 lentyna","Yra ir kitų autorių tokio pat pavadinimo žinynas (Duda, Rejl) — čia Judith Crowe leidimas",A50. Lietuvių XX–XXI a. literatūra,Šiuolaikinė proza,K01005,Lentynoje,,,,,,,,,2026-09-16 17:51:00,g@cool.lt,Paupio Žydriaus,12.0
996.0,David Hepworth,1971: Never a Dull Moment,,Anglų,,2016.0,Muzika / istorija,,,,"Spinta H, 11 lentyna",Leidykla ir ISBN nepatikslinti,E31. Istorijos biblioteka,Šalių ir epochų istorijos,K01006,Lentynoje,,,,,,,,,2026-09-16 17:51:00,g@cool.lt,Paupio Žydriaus,12.0
997.0,,Mr. Fluxus,,Anglų / lietuvių,Baltos lankos,,Menas / biografija,,,,"Spinta H, 11 lentyna",Apie George'ą Mačiūną. PATIKSLINTI,E32. Biografijos ir memuarai,Asmenybės ir memuarai,K01007,Lentynoje,,,,,,,,,2026-09-16 17:51:00,g@cool.lt,Paupio Žydriaus,12.0
998.0,,,,,,,,,,,"Spinta H, 11 lentyna","PATIKSLINTI: dar keli leidiniai („Ogden Nash's Zoo“, apie S. Gainsbourgą, Gina Vilūnė) — nugarėlės iš dalies neįskaitomos","X. Ūkinė zona: žinynai, vadovėliai, periodika",,K01008,Lentynoje,,,,,,,,,,,,
999.0,Karl Marx,Eine Auswahl aus seinem Werk,,Vokiečių,,,Filosofija / politinė ekonomija,,,,"Spinta H, 12 lentyna",OpenLibrary nerado; tokį pavadinimą turi keli vokiški rinkiniai — konkretus nenustatytas,D19. Filosofijos klasika,Vokiečių idealizmas ir XIX a.,K01009,Lentynoje,,,,,,,,,2026-09-16 17:51:00,g@cool.lt,Paupio Žydriaus,14.0
1000.0,Émile Durkheim (Э. Дюркгейм),Rinktinė,,Rusų,,,Sociologija,,,,"Spinta H, 12 lentyna",PATIKSLINTI tikslų pavadinimą,"D25. Sociologija, semiotika, antropologija",,K01010,Lentynoje,,,,,,,,,,,,
1001.0,Vosylius Sezemanas (V. Sezemanas),Raštai,,Lietuvių,,,Filosofija,,,,"Spinta H, 12 lentyna",,D20. XX a. ir lietuvių filosofija,,K01011,Lentynoje,,,,,,,,,,,,
1002.0,,Философия Мартина Хайдеггера,,Rusų,,,Filosofija,,,,"Spinta H, 12 lentyna",PATIKSLINTI autorių,D19. Filosofijos klasika,Antika–Apšvieta,K01012,Lentynoje,,,,,,,,,2026-09-16 17:51:00,g@cool.lt,Paupio Žydriaus,14.0
1003.0,Arthur Schopenhauer,Gyvenimo išminties aforizmai,Aphorismen zur Lebensweisheit,Lietuvių,Tyto alba,2007.0,Filosofija,,,9789986165941.0,"Spinta H, 12 lentyna",Tyto alba · Keli leidimai: 1994 m. „Pradai“ (ISBN 998640519X) ir 2007 m. „Tyto alba“; pasirinktas naujesnis. Abu vertė Alfonsas Tekorius,D19. Filosofijos klasika,Vokiečių idealizmas ir XIX a.,K01013,Lentynoje,,,,,,,,,2026-09-16 17:51:00,g@cool.lt,Paupio Žydriaus,14.0
1005.0,José Ortega y Gasset (Х. Ортега-и-Гассет),Сочинения (том 1),,Rusų,,,Filosofija,,,,"Spinta H, 12 lentyna",,D20. XX a. ir lietuvių filosofija,,K01015,Lentynoje,,,,,,,,,,,,
1006.0,Friedrich Nietzsche,Also sprach Zarathustra,,Vokiečių,,,Filosofija,,,,"Spinta H, 12 lentyna","daug leidimų — konkretus leidimas neidentifikuotas, nespėliojama (vokiškas originalas, šimtai leidimų)",D19. Filosofijos klasika,Vokiečių idealizmas ir XIX a.,K01016,Lentynoje,,,,,,,,,2026-09-16 17:51:00,g@cool.lt,Paupio Žydriaus,14.0
1008.0,,,,,,,,,,,"Spinta H, 12 lentyna","PATIKSLINTI: dar keli tomai (C. G. Jungas, H.-G. Gadameris, E. Ališanka, ALK Nietzsche) — nugarėlės iš dalies neįskaitomos","X. Ūkinė zona: žinynai, vadovėliai, periodika",,K01018,Lentynoje,,,,,,,,,,,,
1009.0,Plutarchas (Плутарх),Сравнительные жизнеописания (I tomas),Vitae parallelae,Rusų,,,Biografijos / istorija,,,,"Spinta H, 13 lentyna",,A1. Antikos literatūra ir istorikai,,K01019,Lentynoje,,,,,,,,,,,,
1010.0,Erazmas Roterdamietis (Эразм Роттердамский),Rinktinė,,Rusų,,,Filosofija,,,,"Spinta H, 13 lentyna",PATIKSLINTI tikslų pavadinimą,D19. Filosofijos klasika,Antika–Apšvieta,K01020,Lentynoje,,,,,,,,,,,,
1011.0,Aristotelis,Rinktiniai raštai,,Lietuvių,Mintis,1990.0,Filosofija,,,5417001589.0,"Spinta H, 13 lentyna",vertė J. Dumčius; serija „Iš filosofijos palikimo“,D19. Filosofijos klasika,Antika–Apšvieta,K01021,Lentynoje,,,,,,,,,2026-09-16 17:51:00,g@cool.lt,Paupio Žydriaus,16.0
1012.0,F. Arskis,Periklis,,Lietuvių,,,Biografija / istorija,,,,"Spinta H, 13 lentyna",F. Arskio (?) knyga apie Periklį,E32. Biografijos ir memuarai,Asmenybės ir memuarai,K01022,Lentynoje,,,,,,,,,2026-09-16 17:51:00,g@cool.lt,Paupio Žydriaus,16.0
1013.0,Ciceronas (Цицерон),Rinktinė,,Rusų,,,Filosofija / retorika,,,,"Spinta H, 13 lentyna",PATIKSLINTI tikslų pavadinimą,A1. Antikos literatūra ir istorikai,,K01023,Lentynoje,,,,,,,,,,,,
1014.0,Plutarchas,Rinktinės biografijos,,Lietuvių,Valstybinė grožinės literatūros leidykla,1962.0,Biografijos,,,,"Spinta H, 13 lentyna",vertė A. Kašinskaitė,A1. Antikos literatūra ir istorikai,,K01024,Lentynoje,,,,,,,,,2026-09-16 17:51:00,g@cool.lt,Paupio Žydriaus,16.0
1016.0,Pierre Bourdieu; Loïc J. D. Wacquant,Įvadas į refleksyviąją sociologiją,An Invitation to Reflexive Sociology,Lietuvių,baltos lankos,2003.0,Sociologija,,,9955000856.0,"Spinta H, 13 lentyna",baltos lankos / ALK,"D25. Sociologija, semiotika, antropologija",,K01026,Lentynoje,,,,,,,,,2026-09-16 17:51:00,g@cool.lt,Paupio Žydriaus,16.0
1017.0,,Вьетнамская философия,,Rusų,,,Filosofija,,,,"Spinta H, 13 lentyna",Vietnamo filosofija. PATIKSLINTI,D19. Filosofijos klasika,Antika–Apšvieta,K01027,Lentynoje,,,,,,,,,,,,
1018.0,Platonas,Sokrato apologija,Ἀπολογία Σωκράτους,Lietuvių,,,Filosofija,,,,"Spinta H, 13 lentyna","Aidai · keli lietuviški leidimai („Sokrato apologija. Kritonas“, 1995, serija „Atviros Lietuvos knyga“, ir naujesni atskiri leidimai) — konkretus neidentifikuotas",D19. Filosofijos klasika,Antika–Apšvieta,K01028,Lentynoje,,,,,,,,,2026-09-16 17:51:00,g@cool.lt,Paupio Žydriaus,16.0
1020.0,Peter Sloterdijk,Ciniškojo proto kritika,Kritik der zynischen Vernunft,Lietuvių,Alma littera / ALK,1999.0,Filosofija,,,9986-02-777-2,"Spinta H, 13 lentyna",Alma littera / ALK · vertė Teodoras Četrauskas,D19. Filosofijos klasika,Antika–Apšvieta,K01030,Lentynoje,,,,,,,,,2026-09-16 17:51:00,g@cool.lt,Paupio Žydriaus,16.0
1022.0,Niccolò Machiavelli,The Prince,Il Principe,Anglų,Easton Press (odinis),,Politinė filosofija,,,,"Spinta H, 13 lentyna",Kolekcinis odinis leidimas,C18. Kolekciniai leidimai,,K01032,Lentynoje,,,,,,,,,2026-09-16 17:51:00,g@cool.lt,Paupio Žydriaus,17.0
1023.0,,Ties grožio vertybėmis,,Lietuvių,baltos lankos,,Filosofija / estetika,,,,"Spinta H, 13 lentyna",PATIKSLINTI autorių,D19. Filosofijos klasika,Antika–Apšvieta,K01033,Lentynoje,,,,,,,,,2026-09-16 17:51:00,g@cool.lt,Paupio Žydriaus,17.0
1026.0,,Erazmas,,Lietuvių,Aidai,,Biografija / filosofija,,,,"Spinta H, 13 lentyna",PATIKSLINTI autorių (galimai J. Huizinga),D19. Filosofijos klasika,Antika–Apšvieta,K01036,Lentynoje,,,,,,,,,2026-09-16 17:51:00,g@cool.lt,Paupio Žydriaus,17.0
1028.0,Romualdas Ozolas,Pasakojimai apie filosofus ir filosofiją,,Lietuvių,Vyturys,1988.0,Filosofija,,,,"Spinta H, 13 lentyna",,D19. Filosofijos klasika,Antika–Apšvieta,K01038,Lentynoje,,,,,,,,,2026-09-16 17:51:00,g@cool.lt,Paupio Žydriaus,17.0
1030.0,,,,,,,,,,,"Spinta H, 13 lentyna","PATIKSLINTI: viršuje gulsčiai — Machiavelli „Der Fürst“ (Kröner Nr. 235), „Сократ и мы“, „Socrates: Selected Writings“, „Idealas ir pasaulėžiūra“(?); plius Ciceronas, Leibnicas, „Trys idėjos“ kairėje — dalis neįskaitoma","X. Ūkinė zona: žinynai, vadovėliai, periodika",,K01040,Lentynoje,,,,,,,,,,,,
1031.0,Alan Bradley,Rūkyta silkė be garstyčių,A Red Herring Without Mustard,Lietuvių,Tyto alba,2011.0,Detektyvas,Flavija de Lius,,,"Spinta I, 1 lentyna",sena.lt skelbime ISBN paslėptas; galimi keli leidimai,B15. Modernūs trileriai ir kriminalai,Kiti trileriai,K01041,Lentynoje,,,,,,,,,2026-09-16 17:51:00,g@cool.lt,Paupio 2 aukštas,1.0
1032.0,Alan Bradley,Saldumas pyrago dugne,The Sweetness at the Bottom of the Pie,Lietuvių,Tyto alba,2010.0,Detektyvas,Flavija de Lius,,9785415021758.0,"Spinta I, 1 lentyna",,B15. Modernūs trileriai ir kriminalai,Kiti trileriai,K01042,Lentynoje,,,,,,,,,2026-09-16 17:51:00,g@cool.lt,Paupio 2 aukštas,1.0
1033.0,Agatha Christie,Vienu pirštu,The Moving Finger,Lietuvių,Sirokas,2007.0,Detektyvas,,,9789955740025.0,"Spinta I, 1 lentyna",Serijos Nr. 36,B14. Auksinio amžiaus detektyvas,Agatha Christie kolekcija,K01043,Lentynoje,,,,,,,,,2026-09-16 17:51:00,g@cool.lt,Paupio 2 aukštas,1.0
1034.0,Agatha Christie,Uždanga: paskutinė Puaro byla,Curtain: Poirot's Last Case,Lietuvių,Sirokas,2009.0,Detektyvas,Hercule Poirot,,9786099509044.0,"Spinta I, 1 lentyna",,B14. Auksinio amžiaus detektyvas,Agatha Christie kolekcija,K01044,Lentynoje,,,,,,,,,2026-09-16 17:51:00,g@cool.lt,Paupio 2 aukštas,1.0
1036.0,Agatha Christie,The Adventure of the Christmas Pudding,,Anglų,HarperCollins,1960.0,Detektyvas,Hercule Poirot,,,"Spinta I, 1 lentyna",pirmojo leidimo metai pagal OpenLibrary; konkretus turimo egzemplioriaus leidimas nenustatytas (OpenLibrary rodo 50 leidimų),B14. Auksinio amžiaus detektyvas,Agatha Christie kolekcija,K01046,Lentynoje,,,,,,,,,2026-09-16 17:51:00,g@cool.lt,Paupio 2 aukštas,1.0
1038.0,Agatha Christie,The Murder on the Links,,Anglų,Triad Panther,1923.0,Detektyvas,Hercule Poirot,,,"Spinta I, 2 lentyna",Padėta gulsčiai,B14. Auksinio amžiaus detektyvas,Agatha Christie kolekcija,K01048,Lentynoje,,,,,,,,,2026-09-16 17:51:00,g@cool.lt,Paupio 2 aukštas,2.0
1039.0,Agatha Christie,Žmogžudystė Rytų eksprese (?),,Lietuvių,,,Detektyvas,Hercule Poirot,,,"Spinta I, 2 lentyna",Nr. 40. PATIKSLINTI pavadinimą,B14. Auksinio amžiaus detektyvas,Agatha Christie kolekcija,K01049,Lentynoje,,,,,,,,,,,,
1040.0,Agatha Christie,Mėlynojo traukinio paslaptis,The Mystery of the Blue Train,Lietuvių,Sirokas,2007.0,Detektyvas,,,9789955740100.0,"Spinta I, 2 lentyna",PATIKSLINTI,B14. Auksinio amžiaus detektyvas,Agatha Christie kolekcija,K01050,Lentynoje,,,,,,,,,2026-09-16 17:51:00,g@cool.lt,Paupio 2 aukštas,2.0
1041.0,Agatha Christie,Liūdnasis kiparisas,Sad Cypress,Lietuvių,Sirokas,2009.0,Detektyvas,,,9789955740223.0,"Spinta I, 2 lentyna",,B14. Auksinio amžiaus detektyvas,Agatha Christie kolekcija,K01051,Lentynoje,,,,,,,,,2026-09-16 17:51:00,g@cool.lt,Paupio 2 aukštas,2.0
1042.0,Agatha Christie,Slaptas priešininkas (?),,Lietuvių,,,Detektyvas,,,,"Spinta I, 2 lentyna",PATIKSLINTI,B14. Auksinio amžiaus detektyvas,Agatha Christie kolekcija,K01052,Lentynoje,,,,,,,,,,,,
1043.0,Agatha Christie,Nežinoma linkme,Destination Unknown,Lietuvių,Vaga,2007.0,Detektyvas,,,,"Spinta I, 2 lentyna",Nr. 39,B14. Auksinio amžiaus detektyvas,Agatha Christie kolekcija,K01053,Lentynoje,,,,,,,,,2026-09-16 17:51:00,g@cool.lt,Paupio 2 aukštas,2.0
1044.0,Agatha Christie,Trečioji mergina,Third Girl,Lietuvių,Sirokas,2000.0,Detektyvas,Hercule Poirot,,9789986833215.0,"Spinta I, 2 lentyna",,B14. Auksinio amžiaus detektyvas,Agatha Christie kolekcija,K01054,Lentynoje,,,,,,,,,2026-09-16 17:51:00,g@cool.lt,Paupio 2 aukštas,2.0
1045.0,Agatha Christie,Endless Night,,Anglų,Harper,1967.0,Detektyvas,,,,"Spinta I, 2 lentyna",Fontana leidimas · pirmojo leidimo metai (1967); konkretus leidimas nenustatytas. OpenLibrary šiai knygai rodo klaidingus 1905 m.,B14. Auksinio amžiaus detektyvas,Agatha Christie kolekcija,K01055,Lentynoje,,,,,,,,,2026-09-16 17:51:00,g@cool.lt,Paupio 2 aukštas,2.0
1046.0,Agatha Christie,Pradžios link,Towards Zero,Lietuvių,Sirokas,2006.0,Detektyvas,,,9789955987062.0,"Spinta I, 2 lentyna",,B14. Auksinio amžiaus detektyvas,Agatha Christie kolekcija,K01056,Lentynoje,,,,,,,,,2026-09-16 17:51:00,g@cool.lt,Paupio 2 aukštas,2.0
1047.0,Agatha Christie,Žmogžudystė kotedže,Murder at the Vicarage (?),Lietuvių,,,Detektyvas,Miss Marple,,,"Spinta I, 2 lentyna",Nr. 21/35. PATIKSLINTI; matomi 2 tomeliai,B14. Auksinio amžiaus detektyvas,Agatha Christie kolekcija,K01057,Lentynoje,,,,,,,,,2026-09-16 17:51:00,g@cool.lt,Paupio 2 aukštas,2.0
1048.0,Agatha Christie,Selected Detective Prose,,Anglų,Raduga,1989.0,Detektyvas,,,5050024250.0,"Spinta I, 3 lentyna","angliškų tekstų rinkinys, išleistas Maskvoje 1989 m.; tiražas 50 000",B14. Auksinio amžiaus detektyvas,Agatha Christie kolekcija,K01058,Lentynoje,,,,,,,,,2026-09-16 17:51:00,g@cool.lt,Paupio 2 aukštas,3.0
1049.0,Agatha Christie,The Moving Finger,,Anglų,Harper,1942.0,Detektyvas,Miss Marple,,,"Spinta I, 3 lentyna",Miss Marple serija · pirmojo leidimo metai pagal OpenLibrary; konkretus turimo egzemplioriaus leidimas nenustatytas (115 leidimų),B14. Auksinio amžiaus detektyvas,Agatha Christie kolekcija,K01059,Lentynoje,,,,,,,,,2026-09-16 17:51:00,g@cool.lt,Paupio 2 aukštas,3.0
1050.0,Patricia Wentworth,Panelė Silver perima tyrimą,Miss Silver Intervenes,Lietuvių,Tyto alba,2008.0,Detektyvas,Miss Silver,,9789986166405.0,"Spinta I, 3 lentyna",,B14. Auksinio amžiaus detektyvas,Kiti aukso amžiaus autoriai,K01060,Lentynoje,,,,,,,,,2026-09-16 17:51:00,g@cool.lt,Paupio 2 aukštas,3.0
1051.0,Patricia Wentworth,Panelės Silver viešnagė,,Lietuvių,Tyto alba,2010.0,Detektyvas,Miss Silver,,9789986167549.0,"Spinta I, 3 lentyna","„Panelė Silver perima tyrimą“, „Panelės Silver viešnagė“, „Kiniška skraistė“",B14. Auksinio amžiaus detektyvas,Kiti aukso amžiaus autoriai,K01061,Lentynoje,,,,,,,,,2026-09-17 15:21:00,g@cool.lt,Paupio 2 aukštas,3.0
1052.0,Patricia Wentworth,Kiniška skraistė,The Chinese Shawl,Lietuvių,Tyto alba,2010.0,Detektyvas,Miss Silver,,9789986167518.0,"Spinta I, 3 lentyna",,B14. Auksinio amžiaus detektyvas,Kiti aukso amžiaus autoriai,K01062,Lentynoje,,,,,,,,,2026-09-16 17:51:00,g@cool.lt,Paupio 2 aukštas,3.0
1054.0,Arthur Conan Doyle,Šerloko Holmso nuotykiai (II tomas),,Lietuvių,Obuolys,,Detektyvas,Šerlokas Holmsas,,,"Spinta I, 3 lentyna",,B14. Auksinio amžiaus detektyvas,Šerlokas Holmsas,K01064,Lentynoje,,,,,,,,,,,,
1055.0,,Gražiausios Anderseno pasakos,,Lietuvių,Alma littera,,Pasakos,,,,"Spinta I, 4 lentyna",PATIKSLINTI: gali sutapti su Nr. 846,C16. Vaikų literatūra ir pasakos,Vaikų knygos ir lavinimas,K01065,Lentynoje,,,,,,,,,,,,
1056.0,J. K. Rowling,Haris Poteris ir Išminties akmuo,Harry Potter and the Philosopher's Stone,Lietuvių,Alma littera,,Fantastika (YA),Haris Poteris,,9789986029199.0,"Spinta I, 4 lentyna",Alma littera · Alma littera leidimas daug kartų kartotas (sena.lt skelbime nurodyti 2018 m. prie pirmojo leidimo ISBN) — metai nenustatyti,B13. YA fantastika,Haris Poteris,K01066,Lentynoje,,,,,,,,,2026-09-16 17:51:00,g@cool.lt,Paupio 2 aukštas,10.0
1057.0,J. K. Rowling,Harry Potter and the Philosopher's Stone,,Anglų,Bloomsbury,1997.0,Fantastika (YA),Harry Potter,,,"Spinta I, 4 lentyna",Bloomsbury · pirmojo leidimo metai pagal OpenLibrary; konkretus turimo egzemplioriaus leidimas nenustatytas (apie 400 leidimų),B13. YA fantastika,Haris Poteris,K01067,Lentynoje,,,,,,,,,2026-09-17 15:21:00,g@cool.lt,Paupio 2 aukštas,10.0
1058.0,Lewis Carroll,Through the Looking-Glass,,Anglų,,,Vaikų klasika,,,,"Spinta I, 4 lentyna","autorius ant nugarėlės nenurodytas, senas auksuotas įrišimas · pirmasis leidimas 1871 m.; OpenLibrary rodo 1379 leidimus — konkretus nenustatytas",C16. Vaikų literatūra ir pasakos,Pasaulio vaikų klasika,K01068,Lentynoje,,,,,,,,,2026-09-16 17:51:00,g@cool.lt,Paupio 2 aukštas,10.0
1061.0,Jack London,Baltoji Iltis,White Fang,Lietuvių,Naujoji Rosma,2009.0,Nuotykiai,,,9789986005049.0,"Spinta I, 4 lentyna",Gimtasis žodis · daug lietuviškų leidimų; pasirinktas sena.lt rastas leidimas,A3. Klasikos kanonas (pagal šalis),Amerikos klasika,K01071,Lentynoje,,,,,,,,,2026-09-16 17:51:00,g@cool.lt,Paupio 2 aukštas,10.0
1062.0,Richard Bach,Tiltas per amžinybę,The Bridge Across Forever,Lietuvių,Alma littera,1998.0,Proza,Pegaso kolekcija Nr. 1,,9789955384625.0,"Spinta I, 4 lentyna",PATIKSLINTI pavadinimą (raudonas tomas),A3. Klasikos kanonas (pagal šalis),Kita klasika ir antologijos,K01072,Lentynoje,,,,,,,,,2026-09-16 17:51:00,g@cool.lt,Paupio 2 aukštas,10.0
1063.0,Michael Ende,Begalinė istorija,Die unendliche Geschichte,Lietuvių,Alma littera,2007.0,Fantastika (YA),,,9789955246015.0,"Spinta I, 4 lentyna",Alma littera,B13. YA fantastika,Kitos YA serijos,K01073,Lentynoje,,,,,,,,,2026-09-16 17:51:00,g@cool.lt,Paupio 2 aukštas,10.0
1065.0,Frank Herbert,Kopa,Dune,Lietuvių,Kitos knygos,2021.0,Mokslinė fantastika,Kopos kronikos,,9786094274572.0,"Spinta I, 4 lentyna",galimi ankstesni lietuviški leidimai,B11. SF aukso amžius,,K01075,Lentynoje,,,,,,,,,2026-09-16 17:51:00,g@cool.lt,Paupio 2 aukštas,10.0
1066.0,Kristina Sabaliauskaitė,Silva Rerum II,,Lietuvių,baltos lankos,2011.0,Istorinis romanas,Silva Rerum,,,"Spinta I, 5 lentyna",Padėta gulsčiai,A50. Lietuvių XX–XXI a. literatūra,Šiuolaikinė proza,K01076,Lentynoje,,,,,,,,,2026-09-17 15:21:00,g@cool.lt,Paupio 2 aukštas,11.0
1067.0,Dž. R. R. Tolkinas,Žiedų valdovas,The Lord of the Rings,Lietuvių,Alma littera,,Fantastika,,,,"Spinta I, 5 lentyna",PATIKSLINTI tomą; gali sutapti su Nr. 774/775/803,B12. Šiuolaikinė SF ir fantasy,Fantasy ir SF įvairenybės,K01077,Lentynoje,,,,,,,,,2026-09-17 15:21:00,g@cool.lt,Paupio 2 aukštas,11.0
1068.0,J. R. R. Tolkien,Hobitas,The Hobbit,Lietuvių,Alma littera,2012.0,Fantastika,,,9786090107324.0,"Spinta I, 5 lentyna",Alma littera · daug pakartotinių Alma littera leidimų; pasirinktas sena.lt rastas,B12. Šiuolaikinė SF ir fantasy,Epinė fantasy,K01078,Lentynoje,,,,,,,,,2026-09-16 17:51:00,g@cool.lt,Paupio 2 aukštas,11.0
1069.0,Tanya Huff,The Silvered,,Anglų,DAW,2012.0,Fantastika,,,,"Spinta I, 5 lentyna",yra ir Titan Books 2013 m. leidimas — konkretus nenustatytas,B12. Šiuolaikinė SF ir fantasy,Fantasy ir SF įvairenybės,K01079,Lentynoje,,,,,,,,,2026-09-16 17:51:00,g@cool.lt,Paupio 2 aukštas,11.0
1070.0,Marlon James,"Black Leopard, Red Wolf",,Anglų,Hamish Hamilton,2019.0,Fantastika,Dark Star Trilogy,,,"Spinta I, 5 lentyna",pirmojo leidimo metai pagal OpenLibrary; konkretus turimo egzemplioriaus leidimas nenustatytas (13 leidimų),B12. Šiuolaikinė SF ir fantasy,Fantasy ir SF įvairenybės,K01080,Lentynoje,,,,,,,,,2026-09-16 17:51:00,g@cool.lt,Paupio 2 aukštas,11.0
1071.0,Patrick Rothfuss,Vėjo vardas,The Name of the Wind,Lietuvių,Tyto alba,2011.0,Fantastika,Karaliaus žudiko kronika,,9789986168287.0,"Spinta I, 5 lentyna",patvirtinta ir sena.lt skelbime,B12. Šiuolaikinė SF ir fantasy,Epinė fantasy,K01081,Lentynoje,,,,,,,,,2026-09-16 17:51:00,g@cool.lt,Paupio 2 aukštas,11.0
1074.0,H. P. Lovecraft,The Complete Cthulhu Mythos Tales,,Anglų,,,Siaubo fantastika,,,,"Spinta I, 5 lentyna",OpenLibrary tikslaus „The Complete Cthulhu Mythos Tales“ leidimo nerado; konkretus leidimas nenustatytas,B15. Modernūs trileriai ir kriminalai,Kiti trileriai,K01084,Lentynoje,,,,,,,,,2026-09-16 17:51:00,g@cool.lt,Paupio 2 aukštas,11.0
1075.0,Umberto Eco,Rožės vardas,Il nome della rosa,Lietuvių,Alma littera,2001.0,Istorinis romanas,,,9789986162018.0,"Spinta I, 5 lentyna","Alma littera · yra ir ankstesnis leidimas (Alna, 1991) — pasirinktas sena.lt rastas Tyto alba leidimas; ISBN pateiktas 13 skaitmenų forma (orig. 9986-16-201-7)",B9. Šiuolaikinė pasaulio proza,Šiuolaikinis pasaulio romanas,K01085,Lentynoje,,,,,,,,,2026-09-16 17:51:00,g@cool.lt,Paupio 2 aukštas,11.0
1076.0,Liu Cixin,Mirties pabaiga,Death's End,Lietuvių,Kitos knygos,2025.0,Mokslinė fantastika,Žemės praeities atminimui (3),,9786094276781.0,"Spinta I, 6 lentyna (fantastika)","serija „Žemės praeities atminimui"" · leidėjo svetainėje rodomas naujausias leidimas; galimas ankstesnis to paties leidėjo leidimas",B12. Šiuolaikinė SF ir fantasy,Šiuolaikinė kietoji SF,K01086,Lentynoje,,,,,,,,,2026-09-16 17:51:00,g@cool.lt,Paupio 2 aukštas,4.0
1077.0,Liu Cixin,Tamsus miškas,The Dark Forest,Lietuvių,Kitos knygos,2026.0,Mokslinė fantastika,Žemės praeities atminimui (2),,9786094276774.0,"Spinta I, 6 lentyna (fantastika)","serija „Žemės praeities atminimui"" · leidėjo svetainėje rodomas naujausias leidimas; galimas ankstesnis to paties leidėjo leidimas",B12. Šiuolaikinė SF ir fantasy,Šiuolaikinė kietoji SF,K01087,Lentynoje,,,,,,,,,2026-09-16 17:51:00,g@cool.lt,Paupio 2 aukštas,4.0
1078.0,Alice Munro,My Best Stories,,Anglų,Penguin,,Apsakymai,,,,"Spinta I, 6 lentyna (fantastika)",OpenLibrary šiuo pavadinimu Alice Munro knygos nerado; leidimas nenustatytas,B9. Šiuolaikinė pasaulio proza,Nobelio laureatai,K01088,Lentynoje,,,,,,,,,2026-09-16 17:51:00,g@cool.lt,Paupio 2 aukštas,4.0
1079.0,George R. R. Martin,Dying of the Light,,Anglų,Gollancz,1977.0,Mokslinė fantastika,SF Masterworks,,,"Spinta I, 6 lentyna (fantastika)",SF Masterworks · pirmojo leidimo metai pagal OpenLibrary; konkretus turimo egzemplioriaus leidimas nenustatytas (23 leidimai),B12. Šiuolaikinė SF ir fantasy,Epinė fantasy,K01089,Lentynoje,,,,,,,,,2026-09-16 17:51:00,g@cool.lt,Paupio 2 aukštas,4.0
1081.0,Cheiro,True Ghost Stories,,Anglų,The London Publishing Company,,Ezoterika / pasakojimai,,,,"Spinta I, 7 lentyna (SF klasika)","The London Publishing Company · OpenLibrary rodo du galimus leidimus (London Publishing Company, 1925 ir 1928; vėliau Kessinger perleidimas) — konkretus nenustatytas",D22. Rytų praktikos ir ezoterika,Ezoterika ir praktikos,K01091,Lentynoje,,,,,,,,,2026-09-16 17:51:00,g@cool.lt,Paupio 2 aukštas,5.0
1082.0,,Nuotykiniai užsienio rašytojų kūriniai,,Lietuvių,,,Nuotykiai / antologija,,,,"Spinta I, 7 lentyna (SF klasika)",autorius ant nugarėlės nenurodytas (serija) · „Nuotykiniai užsienio rašytojų kūriniai“ — daugiatomė sovietmečio serija; be tomo/autorių nuorodos konkretaus leidimo nustatyti neįmanoma,A3. Klasikos kanonas (pagal šalis),Kita klasika ir antologijos,K01092,Lentynoje,,,,,,,,,2026-09-16 17:51:00,g@cool.lt,Paupio 2 aukštas,5.0
1085.0,Arturas Klarkas (Arthur C. Clarke),Rinktinė,,Lietuvių,,,Mokslinė fantastika,,,,"Spinta I, 7 lentyna (SF klasika)",PATIKSLINTI pavadinimą,B11. SF aukso amžius,,K01095,Lentynoje,,,,,,,,,,,,
1086.0,Isaac Asimov,Forward the Foundation,,Anglų,,1993.0,Mokslinė fantastika,Foundation,,,"Spinta I, 7 lentyna (SF klasika)",pirmojo leidimo metai pagal OpenLibrary; konkretus turimo egzemplioriaus leidimas nenustatytas (42 leidimai),B11. SF aukso amžius,,K01096,Lentynoje,,,,,,,,,2026-09-16 17:51:00,g@cool.lt,Paupio 2 aukštas,6.0
1089.0,,Fantazijos šalies svečiai,,Lietuvių,Vaga,1971.0,Fantastika / antologija,,,,"Spinta I, 7 lentyna (SF klasika)","autorius ant nugarėlės nenurodytas (rinkinys) · 1971 m. leidinys, ISBN neturi",B12. Šiuolaikinė SF ir fantasy,Fantasy ir SF įvairenybės,K01099,Lentynoje,,,,,,,,,2026-09-16 17:51:00,g@cool.lt,Paupio 2 aukštas,6.0
1090.0,Jevgenijus Gabrilovičius (?),Franzijos pabaiga (?),,Lietuvių,,,Proza,,,,"Spinta I, 7 lentyna (SF klasika)",PATIKSLINTI: kairysis tomas neryškus,A3. Klasikos kanonas (pagal šalis),Kita klasika ir antologijos,K01100,Lentynoje,,,,,,,,,,,,
1091.0,Stephen Hawking,Visata riešuto kevale,The Universe in a Nutshell,Lietuvių,Jotema,2006.0,Mokslo populiarinimas,,,9789955134947.0,"Spinta I, 8 lentyna (Hawking, mokslas)",,"F34. Kosmosas, fizika, matematika",,K01101,Lentynoje,,,,,,,,,2026-09-16 17:51:00,g@cool.lt,Paupio 2 aukštas,12.0
1093.0,,Classic Horror Tales,,Anglų,Word Cloud Classics,2017.0,Siaubo / antologija,,,,"Spinta I, 8 lentyna (Hawking, mokslas)","Word Cloud Classics, autorius ant nugarėlės nenurodytas · sudarytojai — Editors of Canterbury Classics",B15. Modernūs trileriai ir kriminalai,Kiti trileriai,K01103,Lentynoje,,,,,,,,,2026-09-16 17:51:00,g@cool.lt,Paupio 2 aukštas,12.0
1094.0,Mantas Adomėnas,Moneta & labirintas II,,Lietuvių,baltos lankos,,Romanas,,,,"Spinta I, 8 lentyna (Hawking, mokslas)","rasta tik I dalis (Mantas Adomėnas, „Moneta & labirintas I“, Baltos lankos, 2023, ISBN 9786094798245); II dalies leidimo duomenų rasti nepavyko",A50. Lietuvių XX–XXI a. literatūra,Šiuolaikinė proza,K01104,Lentynoje,,,,,,,,,2026-09-16 17:51:00,g@cool.lt,Paupio 2 aukštas,12.0
1095.0,Stephen Hawking,Trumpa laiko istorija,A Brief History of Time,Lietuvių,Kitos knygos,2019.0,Mokslo populiarinimas,,,9786094273568.0,"Spinta I, 8 lentyna (Hawking, mokslas)",Matomi 2 egz.,"F34. Kosmosas, fizika, matematika",,K01105,Lentynoje,,,,,,,,,2026-09-16 17:51:00,g@cool.lt,Paupio 2 aukštas,12.0
1096.0,Stephen Hawking,Trumpi atsakymai į sudėtingus klausimus,Brief Answers to the Big Questions,Lietuvių,Kitos knygos,2019.0,Mokslo populiarinimas,,,9786094273582.0,"Spinta I, 8 lentyna (Hawking, mokslas)",,"F34. Kosmosas, fizika, matematika",,K01106,Lentynoje,,,,,,,,,2026-09-16 17:51:00,g@cool.lt,Paupio 2 aukštas,12.0
1097.0,Geoff Nicholson,The Lost Art of Walking,,Anglų,,2008.0,Esė / negrožinė,,,,"Spinta I, 9 lentyna (sveikata, saviugda)",pirmojo leidimo metai pagal OpenLibrary; konkretus turimo egzemplioriaus leidimas nenustatytas (Riverhead / Harbour Books),A3. Klasikos kanonas (pagal šalis),Kita klasika ir antologijos,K01107,Lentynoje,,,,,,,,,2026-09-16 17:51:00,g@cool.lt,Paupio 2 aukštas,13.0
1098.0,Melanie Joy,"Why We Love Dogs, Eat Pigs, and Wear Cows",,Anglų,Conari Press,2010.0,Psichologija / etika,,,,"Spinta I, 9 lentyna (sveikata, saviugda)","ant nugarėlės tik pavardė „Joy"" · pirmojo leidimo metai pagal OpenLibrary; konkretus turimo egzemplioriaus leidimas nenustatytas",D23. Psichologija ir saviugda,Šiuolaikinė psichologija,K01108,Lentynoje,,,,,,,,,2026-09-16 17:51:00,g@cool.lt,Paupio 2 aukštas,13.0
1099.0,Peter Kelder,5 tibetiečių pratimai,The Five Tibetans,Lietuvių,,,Sveikata,,,,"Spinta I, 9 lentyna (sveikata, saviugda)",PATIKSLINTI pavadinimą,H43. Sveikata ir mityba,,K01109,Lentynoje,,,,,,,,,,,,
1100.0,Mihaly Csikszentmihalyi,Flow: The Psychology of Optimal Experience,,Anglų,,1990.0,Psichologija,,,,"Spinta I, 9 lentyna (sveikata, saviugda)",Harper Perennial Modern Classics · pirmojo leidimo metai pagal OpenLibrary; konkretus turimo egzemplioriaus leidimas nenustatytas (25 leidimai),D23. Psichologija ir saviugda,Šiuolaikinė psichologija,K01110,Lentynoje,,,,,,,,,2026-09-16 17:51:00,g@cool.lt,Paupio 2 aukštas,13.0
1101.0,Brendon Burchard,High Performance Habits,,Anglų,Hay House,2017.0,Saviugda,,,,"Spinta I, 9 lentyna (sveikata, saviugda)",pirmojo leidimo metai pagal OpenLibrary; konkretus turimo egzemplioriaus leidimas nenustatytas,D23. Psichologija ir saviugda,Saviugda,K01111,Lentynoje,,,,,,,,,2026-09-16 17:51:00,g@cool.lt,Paupio 2 aukštas,13.0
1102.0,Deepak Chopra,Total Meditation,,Anglų,,2020.0,Dvasingumas / sveikata,,,,"Spinta I, 9 lentyna (sveikata, saviugda)",pirmojo leidimo metai pagal OpenLibrary; konkretus turimo egzemplioriaus leidimas nenustatytas (Harmony / Ebury),D22. Rytų praktikos ir ezoterika,Ezoterika ir praktikos,K01112,Lentynoje,,,,,,,,,2026-09-16 17:51:00,g@cool.lt,Paupio 2 aukštas,13.0
1103.0,Godfrey Devereux,Dinaminė joga,Dynamic Yoga,Lietuvių,R. Anankos leidykla,2003.0,Sveikata / joga,,,9789955518075.0,"Spinta I, 9 lentyna (sveikata, saviugda)",,D22. Rytų praktikos ir ezoterika,Ezoterika ir praktikos,K01113,Lentynoje,,,,,,,,,2026-09-16 17:51:00,g@cool.lt,Paupio 2 aukštas,13.0
1104.0,Arianna Huffington,The Sleep Revolution,,Anglų,Harmony Books,2016.0,Sveikata,,,,"Spinta I, 9 lentyna (sveikata, saviugda)",Harmony Books · pirmojo leidimo metai pagal OpenLibrary; konkretus turimo egzemplioriaus leidimas nenustatytas,H43. Sveikata ir mityba,,K01114,Lentynoje,,,,,,,,,2026-09-16 17:51:00,g@cool.lt,Paupio 2 aukštas,13.0
1105.0,Matthew Walker,Why We Sleep,,Anglų,Penguin,2017.0,Mokslas / sveikata,,,,"Spinta I, 9 lentyna (sveikata, saviugda)",Penguin · pirmojo leidimo metai pagal OpenLibrary; konkretus turimo egzemplioriaus leidimas nenustatytas (11 leidimų),F36. Mokslo ir idėjų istorija,,K01115,Lentynoje,,,,,,,,,2026-09-16 17:51:00,g@cool.lt,Paupio 2 aukštas,13.0
1106.0,Ramani Durvasula,You Are WHY You Eat,,Anglų,,,Psichologija / mityba,,,,"Spinta I, 9 lentyna (sveikata, saviugda)","ant nugarėlės tik pavardė „Durvasula"" · PATIKSLINTI",D23. Psichologija ir saviugda,Šiuolaikinė psichologija,K01116,Lentynoje,,,,,,,,,2026-09-16 17:51:00,g@cool.lt,Paupio 2 aukštas,13.0
1107.0,Elizabeth Blackburn; Elissa Epel,The Telomere Effect,,Anglų,Grand Central Publishing,2017.0,Mokslas / sveikata,,,,"Spinta I, 9 lentyna (sveikata, saviugda)",pirmojo leidimo metai pagal OpenLibrary; konkretus turimo egzemplioriaus leidimas nenustatytas,F36. Mokslo ir idėjų istorija,,K01117,Lentynoje,,,,,,,,,2026-09-16 17:51:00,g@cool.lt,Paupio 2 aukštas,13.0
1108.0,Robert M. Sapolsky,Kodėl zebrai neserga opalige,Why Zebras Don't Get Ulcers,Lietuvių,Kitos knygos,2023.0,Mokslas / psichologija,,,9786094275401.0,"Spinta I, 10 lentyna (psichologija)",,D23. Psichologija ir saviugda,Šiuolaikinė psichologija,K01118,Lentynoje,,,,,,,,,2026-09-16 17:51:00,g@cool.lt,Paupio 2 aukštas,14.0
1109.0,Dexter Dias,The Ten Types of Human,,Anglų,Windmill,,Psichologija / teisė,,,,"Spinta I, 10 lentyna (psichologija)",Windmill · OpenLibrary šios knygos nerado; leidimo duomenys nenustatyti,D23. Psichologija ir saviugda,Šiuolaikinė psichologija,K01119,Lentynoje,,,,,,,,,2026-09-16 17:51:00,g@cool.lt,Paupio 2 aukštas,14.0
1110.0,Milan Kundera,The Book of Laughter and Forgetting,Kniha smíchu a zapomnění,Anglų,,,Romanas,,,,"Spinta I, 10 lentyna (psichologija)",Penguin · originalas čekų k. 1979 m.; OpenLibrary rodo 43 leidimus — konkretus angliškas leidimas nenustatytas,A6. XX a. modernizmas,,K01120,Lentynoje,,,,,,,,,2026-09-16 17:51:00,g@cool.lt,Paupio 2 aukštas,14.0
1111.0,Carl Gustav Jung,Rinktinė,,Lietuvių,,,Psichologija,,,,"Spinta I, 10 lentyna (psichologija)",PATIKSLINTI tikslų pavadinimą,D23. Psichologija ir saviugda,Psichoanalizės ir raidos klasika,K01121,Lentynoje,,,,,,,,,,,,
1112.0,James Clear,Atominiai įpročiai,Atomic Habits,Lietuvių,,,Saviugda,,,,"Spinta I, 10 lentyna (psichologija)",,D23. Psichologija ir saviugda,Saviugda,K01122,Lentynoje,,,,,,,,,,,,
1113.0,James Borg,Persuasion,,Anglų,,,Psichologija / komunikacija,,,,"Spinta I, 10 lentyna (psichologija)",2nd edition · du skirtingi leidimai: FT Press/Prentice Hall 2004 ir Pearson 2010 — konkretus nenustatytas,D23. Psichologija ir saviugda,Šiuolaikinė psichologija,K01123,Lentynoje,,,,,,,,,2026-09-16 17:51:00,g@cool.lt,Paupio 2 aukštas,14.0
1114.0,Eric Berne,"Žaidimai, kuriuos žaidžia žmonės",Games People Play,Lietuvių,Vaga,2019.0,Psichologija,,,9785415020454.0,"Spinta I, 10 lentyna (psichologija)",Lietuviškas leidimas (angliškas — Nr. 321),D23. Psichologija ir saviugda,Psichoanalizės ir raidos klasika ★ pora: originalas + vertimas,K01124,Lentynoje,,,,,,,,,2026-09-16 17:51:00,g@cool.lt,Paupio 2 aukštas,14.0
1115.0,Daniel Goleman,Focus,,Anglų,,2013.0,Psichologija,,,,"Spinta I, 10 lentyna (psichologija)",pirmojo leidimo metai pagal OpenLibrary; konkretus turimo egzemplioriaus leidimas nenustatytas (Bloomsbury / HarperCollins),B11. SF aukso amžius,,K01125,Lentynoje,,,,,,,,,2026-09-16 17:51:00,g@cool.lt,Paupio 2 aukštas,14.0
1116.0,,,,,,,,,,,"Spinta I, 10 lentyna (psichologija)","PATIKSLINTI: dar keli tomai dešinėje (Proust/neuromokslas, Huizinga „Homo ludens“, S. Wilson, „Įveiktas narcisizmas“?) — iš dalies matomi","X. Ūkinė zona: žinynai, vadovėliai, periodika",,K01126,Lentynoje,,,,,,,,,,,,
1117.0,Jo Nesbø,Nemezidė,Sorgenfri,Lietuvių,baltos lankos,2014.0,Trileris,Haris Hūlė,,9789955237495.0,"Spinta I, 11 lentyna (Jo Nesbø, detektyvai)",baltos lankos,B15. Modernūs trileriai ir kriminalai,Šiaurietiškas noir,K01127,Lentynoje,,,,,,,,,2026-09-16 17:51:00,g@cool.lt,Paupio 2 aukštas,15.0
1118.0,Jo Nesbø,Galvų medžiotojai,Hodejegerne,Lietuvių,baltos lankos,2015.0,Trileris,,,9789955238065.0,"Spinta I, 11 lentyna (Jo Nesbø, detektyvai)",baltos lankos,B15. Modernūs trileriai ir kriminalai,Šiaurietiškas noir,K01128,Lentynoje,,,,,,,,,2026-09-16 17:51:00,g@cool.lt,Paupio 2 aukštas,15.0
1119.0,Jo Nesbø,Pentagrama,Marekors,Lietuvių,baltos lankos,2006.0,Trileris,Haris Hūlė,,9789955236894.0,"Spinta I, 11 lentyna (Jo Nesbø, detektyvai)",baltos lankos,B15. Modernūs trileriai ir kriminalai,Šiaurietiškas noir,K01129,Lentynoje,,,,,,,,,2026-09-16 17:51:00,g@cool.lt,Paupio 2 aukštas,15.0
1120.0,Jo Nesbø,Sniego senis,Snømannen,Lietuvių,baltos lankos,2018.0,Trileris,Haris Hūlė,,9789955238928.0,"Spinta I, 11 lentyna (Jo Nesbø, detektyvai)",baltos lankos · galimas ankstesnis leidimas,B15. Modernūs trileriai ir kriminalai,Šiaurietiškas noir,K01130,Lentynoje,,,,,,,,,2026-09-16 17:51:00,g@cool.lt,Paupio 2 aukštas,15.0
1122.0,Simon Beckett,Mirusiųjų šnabždesiai,Whispers of the Dead,Lietuvių,Tyto alba,2013.0,Trileris,Deividas Hanteris,,9789986169291.0,"Spinta I, 11 lentyna (Jo Nesbø, detektyvai)",Tyto alba,B15. Modernūs trileriai ir kriminalai,Kiti trileriai,K01132,Lentynoje,,,,,,,,,2026-09-16 17:51:00,g@cool.lt,Paupio 2 aukštas,15.0
1123.0,,,,,,,,,,,"Spinta I, 11 lentyna (Jo Nesbø, detektyvai)",PATIKSLINTI: dar 1–2 tamsūs tomai dešinėje — nugarėlės iš dalies matomos,"X. Ūkinė zona: žinynai, vadovėliai, periodika",,K01133,Lentynoje,,,,,,,,,,,,
1124.0,Karlos Kastaneda (Карлос Кастанеда),Сочинения (1–4 knygos),,Rusų,София,,Ezoterika,,,,"Spinta I, 12 lentyna (Castaneda, Simenon)","Kolekcija: tomai 1-4, 5-6, 9-11",D22. Rytų praktikos ir ezoterika,Castaneda,K01134,Lentynoje,,,,,,,,,,,,
1125.0,Georges Simenon (Жорж Сименон),Rinktinė,,Rusų,,,Detektyvas,,,,"Spinta I, 12 lentyna (Castaneda, Simenon)",PATIKSLINTI tikslų pavadinimą,B14. Auksinio amžiaus detektyvas,Kiti aukso amžiaus autoriai,K01135,Lentynoje,,,,,,,,,,,,
1126.0,Jean Baudrillard,The Perfect Crime,Le Crime parfait,Anglų,Verso,1996.0,Filosofija,,,,"Spinta I, 12 lentyna (Castaneda, Simenon)",Radical Thinkers 28 · Verso 1996 arba 2008 m. „Radical Thinkers“ leidimas — konkretus nenustatytas,D20. XX a. ir lietuvių filosofija,,K01136,Lentynoje,,,,,,,,,2026-09-16 17:51:00,g@cool.lt,Paupio 2 aukštas,7.0
1128.0,Petras Alfredas Kazlauskas (?),Ieškantiems pažinimo,,Lietuvių,Algarvė,2010.0,Ezoterika / pažinimas,,,,"Spinta I, 12 lentyna (Castaneda, Simenon)",PATIKSLINTI,D22. Rytų praktikos ir ezoterika,Ezoterika ir praktikos,K01138,Lentynoje,,,,,,,,,2026-09-16 17:51:00,g@cool.lt,Paupio 2 aukštas,8.0
1129.0,,,,,,,,,,,"Spinta I, 12 lentyna (Castaneda, Simenon)","PATIKSLINTI: dvi lentynėlės senų tomelių (Simenon, „Šeši garbingi žmonės“(?), spalvoti plonieji leidiniai) — dauguma nugarėlių neįskaitoma","X. Ūkinė zona: žinynai, vadovėliai, periodika",,K01139,Lentynoje,,,,,,,,,,,,
1132.0,Josifas Brodskis (Josif Brodskij),Rinktinė,,Rusų,baltos lankos (?),,Poezija / esė,,,,"Spinta I, 13 lentyna (rusų klasika)",PATIKSLINTI,A4. Rusų lentyna (originalo k.),Sidabro amžius ir poezija,K01142,Lentynoje,,,,,,,,,,,,
1133.0,Aleksandras Genis (Александр Генис),Rinktinė,,Rusų,,,Eseistika,,,,"Spinta I, 13 lentyna (rusų klasika)",Tom 3 (?). Gali papildyti Nr. 588-589 kolekciją,A4. Rusų lentyna (originalo k.),Posovietinė proza,K01143,Lentynoje,,,,,,,,,,,,
1135.0,Michailas Bulgakovas (Михаил Булгаков),Rinktinė (raudonas tomas),,Rusų,,,Proza,,,,"Spinta I, 13 lentyna (rusų klasika)",PATIKSLINTI,A4. Rusų lentyna (originalo k.),XX a. klasika,K01145,Lentynoje,,,,,,,,,,,,
1139.0,Andrejus Platonovas (Андрей Платонов),Rinktinė (2 tomai),,Rusų,,,Proza,,,,"Spinta I, 13 lentyna (rusų klasika)",Raudonas ir šviesus tomai,A4. Rusų lentyna (originalo k.),XX a. klasika,K01149,Lentynoje,,,,,,,,,,,,
1140.0,Borisas Akuninas (Борис Акунин),Rinktinė,,Rusų,,,Detektyvas / proza,,,,"Spinta I, 13 lentyna (rusų klasika)",PATIKSLINTI (tamsiai raudonas tomas),B15. Modernūs trileriai ir kriminalai,Kiti trileriai,K01150,Lentynoje,,,,,,,,,,,,
1145.0,Л. П. Карсавин,Философия истории (?),,Rusų,,,Filosofija,,,,"Spinta I, 13 lentyna (rusų klasika)",PATIKSLINTI (mėlynas tomas kairėje),D19. Filosofijos klasika,Antika–Apšvieta,K01155,Lentynoje,,,,,,,,,2026-09-16 17:51:00,g@cool.lt,Paupio 2 aukštas,21.0
1146.0,Earl Mindell,Gydymas CBD kanapių ekstraktais,Healing with CBD (?),Lietuvių,,,Sveikata,,,,"Spinta I, 14 lentyna (įvairenybės)",PATIKSLINTI,H43. Sveikata ir mityba,,K01156,Lentynoje,,,,,,,,,2026-09-16 17:51:00,g@cool.lt,Paupio 2 aukštas,20.0
1147.0,Helen Fielding,Bridget Jones's Diary,,Anglų,Picador,1996.0,Romanas,,,,"Spinta I, 14 lentyna (įvairenybės)",Picador · Pirmojo leidimo metai (Picador); daug leidimų.,A3. Klasikos kanonas (pagal šalis),Anglų klasika,K01157,Lentynoje,,,,,,,,,2026-09-16 17:51:00,g@cool.lt,Paupio 2 aukštas,20.0
1148.0,Julie Powell,Julie & Julia,,Anglų,,,Memuarai / kulinarija,,,,"Spinta I, 14 lentyna (įvairenybės)","Metai nepatvirtinti (OpenLibrary rodo 2001; knyga išleista Little, Brown); daug leidimų.",E32. Biografijos ir memuarai,Asmenybės ir memuarai,K01158,Lentynoje,,,,,,,,,2026-09-16 17:51:00,g@cool.lt,Paupio 2 aukštas,20.0
1149.0,R. L. Stevenson,Treasure Island,,Anglų,Oxford Pocket Classics,,Nuotykiai,,,,"Spinta I, 14 lentyna (įvairenybės)","Daug leidimų; pirmasis knygos leidimas 1883 m., OpenLibrary duomenys prieštaringi – metai nepatvirtinti.",A3. Klasikos kanonas (pagal šalis),Anglų klasika,K01159,Lentynoje,,,,,,,,,2026-09-16 17:51:00,g@cool.lt,Paupio 2 aukštas,20.0
1150.0,,Tūkstantis li (壹仟里),,Kinų / lietuvių,,,Poezija / albumas,,,,"Spinta I, 14 lentyna (įvairenybės)",PATIKSLINTI,A3. Klasikos kanonas (pagal šalis),Kita klasika ir antologijos,K01160,Lentynoje,,,,,,,,,,,,
1152.0,Elizabeth Gilbert,Eat Pray Love,,Anglų,,,Memuarai,,,,"Spinta I, 14 lentyna (įvairenybės)",Daug leidimų; metai nepatvirtinti (OpenLibrary duomenys klaidingi).,E32. Biografijos ir memuarai,Asmenybės ir memuarai,K01162,Lentynoje,,,,,,,,,2026-09-16 17:51:00,g@cool.lt,Paupio 2 aukštas,20.0
1153.0,Timothy Ferriss,4 valandos kūnui,The 4-Hour Body,Lietuvių,Eugrimas,2012.0,Sveikata / saviugda,,,9786094371264.0,"Spinta I, 14 lentyna (įvairenybės)",Lietuviškas leidimas (angliškas — Nr. 450),D23. Psichologija ir saviugda,Saviugda ★ pora: originalas + vertimas,K01163,Lentynoje,,,,,,,,,2026-09-16 17:51:00,g@cool.lt,Paupio 2 aukštas,16.0
1156.0,Tomas Vulfas (Thomas Wolfe),"Žvelk, angele, į savo namus","Look Homeward, Angel",Lietuvių,,,Romanas,,,,"Spinta I, 14 lentyna (įvairenybės)",,A7. Prarastoji karta ir Amerikos XX a.,,K01166,Lentynoje,,,,,,,,,,,,
1157.0,,,,,,,,,,,"Spinta I, 14 lentyna (įvairenybės)","PATIKSLINTI: apatinėje lentynoje dar keli sveikatos/kulinarijos leidiniai (V. Smirnovas, „Grafinas šampano“(?), rožiniai tomeliai) — nugarėlės iš dalies neįskaitomos","X. Ūkinė zona: žinynai, vadovėliai, periodika",,K01167,Lentynoje,,,,,,,,,,,,
1159.0,Albert Camus,Esė rinktinė (III dalis),,Lietuvių,baltos lankos,2010.0,Esė / filosofija,,,9789955233985.0,"Spinta I, 15 lentyna (moderni klasika)",baltos lankos,A6. XX a. modernizmas,,K01169,Lentynoje,,,,,,,,,2026-09-16 17:51:00,g@cool.lt,Paupio 2 aukštas,28.0
1160.0,Albertas Kamiu (Albert Camus),Svetimas; Krytis,L'Étranger; La Chute,Lietuvių,,,Romanas,Nobelio premijos laureatai,,,"Spinta I, 15 lentyna (moderni klasika)",,A6. XX a. modernizmas,,K01170,Lentynoje,,,,,,,,,,,,
1163.0,Gina Lazenby,Feng shui namų knyga,The Feng Shui House Book,Lietuvių,,,Ezoterika / interjeras,,,,"Spinta I, 16 lentyna (feng shui, sveikata)",,D22. Rytų praktikos ir ezoterika,Ezoterika ir praktikos,K01173,Lentynoje,,,,,,,,,,,,
1164.0,Stephan Skinner,Feng Shui,,Lietuvių (?),,,Ezoterika,,,,"Spinta I, 16 lentyna (feng shui, sveikata)",PATIKSLINTI kalbą,D22. Rytų praktikos ir ezoterika,Ezoterika ir praktikos,K01174,Lentynoje,,,,,,,,,,,,
1165.0,Viktoras Kulvinskas,Kaip išlikti XXI amžiuje: planetos gydytojų vadovas,Survival into the 21st Century,Lietuvių,,,Sveikata / mityba,,,,"Spinta I, 16 lentyna (feng shui, sveikata)",,H43. Sveikata ir mityba,,K01175,Lentynoje,,,,,,,,,,,,
1167.0,Virginia Woolf,Savas kambarys,A Room of One's Own,Lietuvių,Charibdė,1998.0,Esė,,,,"Spinta I, 17 lentyna (XX a. klasika)",ISBN šaltinyje nenurodytas,A6. XX a. modernizmas,,K01177,Lentynoje,,,,,,,,,2026-09-16 17:51:00,g@cool.lt,Paupio 2 aukštas,29.0
1171.0,Anatolis Fransas (Anatole France),Rinktinė (oranžinis tomas),,Lietuvių,,,Proza,,,,"Spinta I, 17 lentyna (XX a. klasika)",PATIKSLINTI pavadinimą,A3. Klasikos kanonas (pagal šalis),Prancūzų klasika,K01181,Lentynoje,,,,,,,,,,,,
1172.0,,,,Lietuvių,,,,,,,"Spinta I, 17 lentyna (XX a. klasika)","PATIKSLINTI: dar 2-3 tomai (gelsvi, be aiškių nugarėlių)","X. Ūkinė zona: žinynai, vadovėliai, periodika",,K01182,Lentynoje,,,,,,,,,,,,
1173.0,Antoine de Saint-Exupéry,Minčių rinktinė,,Lietuvių,,,Aforizmai,,,,"Spinta I, 18 lentyna (poezija, esė)",,A3. Klasikos kanonas (pagal šalis),Kita klasika ir antologijos,K01183,Lentynoje,,,,,,,,,,,,
1174.0,Fernando Pessoa,The Book of Disquiet,Livro do Desassossego,Anglų,Serpent's Tail,,Proza / esė,,,,"Spinta I, 18 lentyna (poezija, esė)",,A6. XX a. modernizmas,,K01184,Lentynoje,,,,,,,,,,,,
1175.0,Walt Whitman,Leaves of Grass,,Anglų,Oxford,,Poezija,,,,"Spinta I, 18 lentyna (poezija, esė)",,A3. Klasikos kanonas (pagal šalis),Amerikos klasika,K01185,Lentynoje,,,,,,,,,,,,
1176.0,Luigi Pirandello,Pirmoji naktis,,Lietuvių,,,Apsakymai,,,,"Spinta I, 18 lentyna (poezija, esė)",,A6. XX a. modernizmas,,K01186,Lentynoje,,,,,,,,,,,,
1177.0,Frédéric Beigbeder,"14,99 € (99 francs)",99 francs,Lietuvių (?),,,Romanas,,,,"Spinta I, 19 lentyna (Beigbeder, Grisham)",PATIKSLINTI kalbą,B9. Šiuolaikinė pasaulio proza,Šiuolaikinis pasaulio romanas,K01187,Lentynoje,,,,,,,,,,,,
1178.0,Frédéric Beigbeder,Rinktinė (antras tomas),,,,,Romanas,,,,"Spinta I, 19 lentyna (Beigbeder, Grisham)",PATIKSLINTI,B9. Šiuolaikinė pasaulio proza,Šiuolaikinis pasaulio romanas,K01188,Lentynoje,,,,,,,,,,,,
1179.0,John Grisham,The Broker,,Anglų,Corgi,2005.0,Trileris,,,,"Spinta I, 19 lentyna (Beigbeder, Grisham)",Gali sutapti su Nr. 789 (lietuviškas „Brokeris“),B15. Modernūs trileriai ir kriminalai,Teisiniai trileriai ★ pora: originalas + vertimas,K01189,Lentynoje,,,,,,,,,2026-09-16 17:51:00,g@cool.lt,Paupio 2 aukštas,30.0
1180.0,John Irving,The World According to Garp,,Anglų,Corgi,1978.0,Romanas,,,525237704.0,"Spinta I, 19 lentyna (Beigbeder, Grisham)",Corgi · pirmojo leidimo duomenys; namų egzemplioriaus leidimas nepatikslintas,B9. Šiuolaikinė pasaulio proza,Šiuolaikinis pasaulio romanas,K01190,Lentynoje,,,,,,,,,2026-09-16 17:51:00,g@cool.lt,Paupio 2 aukštas,30.0
1181.0,Rein Raud,Brolis,Vend,Lietuvių,,,Romanas,,,,"Spinta I, 19 lentyna (Beigbeder, Grisham)",,B9. Šiuolaikinė pasaulio proza,Šiuolaikinis pasaulio romanas,K01191,Lentynoje,,,,,,,,,,,,
1182.0,Rein Raud,Rinktinė (antra knyga),,Lietuvių,,,Proza,,,,"Spinta I, 19 lentyna (Beigbeder, Grisham)",PATIKSLINTI,B9. Šiuolaikinė pasaulio proza,Šiuolaikinis pasaulio romanas,K01192,Lentynoje,,,,,,,,,,,,
1183.0,,The Orwell Reader,,Anglų,Harvest,,Esė / antologija,,,,"Spinta I, 19 lentyna (Beigbeder, Grisham)",Padėta įstrižai nišoje,A3. Klasikos kanonas (pagal šalis),Kita klasika ir antologijos,K01193,Lentynoje,,,,,,,,,,,,
1184.0,Elena Baliutavičiūtė,Rašytojai: Nobelio premijos laureatai,,Lietuvių,Vaga,1994.0,Žinynas / literatūrologija,,,,"Spinta I, 20 lentyna (Nobelio laureatai)",ISBN skelbime nenurodytas.,A3. Klasikos kanonas (pagal šalis),Kita klasika ir antologijos,K01194,Lentynoje,,,,,,,,,2026-09-16 17:51:00,g@cool.lt,Paupio 2 aukštas,25.0
1185.0,Aldous Huxley,Suvokimo durys; Dangus ir pragaras,The Doors of Perception; Heaven and Hell,Lietuvių,,,Esė,,,,"Spinta I, 20 lentyna (Nobelio laureatai)",,A3. Klasikos kanonas (pagal šalis),Kita klasika ir antologijos,K01195,Lentynoje,,,,,,,,,,,,
1186.0,Michailas Bulgakovas,Meistras ir Margarita,Мастер и Маргарита,Lietuvių,,,Romanas,,,,"Spinta I, 20 lentyna (Nobelio laureatai)",Lietuviškas leidimas (rusiškas — Nr. 1130),A3. Klasikos kanonas (pagal šalis),Kita klasika ir antologijos ★ pora: originalas + vertimas,K01196,Lentynoje,,,,,,,,,,,,
1187.0,Mo Yan,Frog,蛙,Anglų,Viking,2014.0,Romanas,,,,"Spinta I, 20 lentyna (Nobelio laureatai)",Viking · Angliškas vertimas; keli leidimai.,B9. Šiuolaikinė pasaulio proza,Nobelio laureatai,K01197,Lentynoje,,,,,,,,,2026-09-16 17:51:00,g@cool.lt,Paupio 2 aukštas,25.0
1188.0,José Saramago,Baltasar & Blimunda,Memorial do Convento,Anglų,Harvill,1988.0,Romanas,,,,"Spinta I, 20 lentyna (Nobelio laureatai)",Harvill · Angliško vertimo pirmojo leidimo metai; keli leidimai.,B9. Šiuolaikinė pasaulio proza,Nobelio laureatai,K01198,Lentynoje,,,,,,,,,2026-09-16 17:51:00,g@cool.lt,Paupio 2 aukštas,25.0
1189.0,Orhan Pamuk,My Name Is Red,Benim Adım Kırmızı,Anglų,Faber,1998.0,Romanas,,,,"Spinta I, 20 lentyna (Nobelio laureatai)",Faber & Faber · Originalo (turkų k.) leidimo metai; angliškas vertimas 2001 – konkretus leidimas nenustatytas.,B9. Šiuolaikinė pasaulio proza,Nobelio laureatai,K01199,Lentynoje,,,,,,,,,2026-09-16 17:51:00,g@cool.lt,Paupio 2 aukštas,25.0
1190.0,Olga Tokarczuk,Varyk savo arklą per mirusiųjų kaulus,Prowadź swój pług przez kości umarłych,Lietuvių,Lietuvos rašytojų sąjungos leidykla,2020.0,Romanas,,,9786094801532.0,"Spinta I, 20 lentyna (Nobelio laureatai)",,B9. Šiuolaikinė pasaulio proza,Nobelio laureatai,K01200,Lentynoje,,,,,,,,,2026-09-16 17:51:00,g@cool.lt,Paupio 2 aukštas,25.0
1191.0,Romain Gary,Dangaus šaknys,Les Racines du ciel,Lietuvių,baltos lankos,2011.0,Romanas,,,9789955234364.0,"Spinta I, 21 lentyna (Gary, Rilke, klasika)",(2 egz.) · Lietuviškas leidimas.,B9. Šiuolaikinė pasaulio proza,Šiuolaikinis pasaulio romanas ★ pora: originalas + vertimas,K01201,Lentynoje,,,,,,,,,2026-09-16 17:51:00,g@cool.lt,Paupio 2 aukštas,26.0
1193.0,Rainer Maria Rilke,Letters to a Young Poet,Briefe an einen jungen Dichter,Anglų,,,Laiškai,,,,"Spinta I, 21 lentyna (Gary, Rilke, klasika)",Modern Library · Daug leidimų; originalas „Briefe an einen jungen Dichter“ (1929) – konkretus angliškas leidimas nenustatytas.,A6. XX a. modernizmas,,K01203,Lentynoje,,,,,,,,,2026-09-16 17:51:00,g@cool.lt,Paupio 2 aukštas,26.0
1194.0,Romain Gary,Les racines du ciel,,Prancūzų,Folio,1956.0,Romanas,,,,"Spinta I, 21 lentyna (Gary, Rilke, klasika)",Prancūziškas originalas (lietuviškas — Nr. 1191),B9. Šiuolaikinė pasaulio proza,Šiuolaikinis pasaulio romanas ★ pora: originalas + vertimas,K01204,Lentynoje,,,,,,,,,2026-09-16 17:51:00,g@cool.lt,Paupio 2 aukštas,26.0
1198.0,Ross Raisin,Read This If You Want to Be a Great Writer,,Anglų,Laurence King Publishing,2018.0,Rašymas / vadovas,,,9781786271976.0,"Spinta I, 21 lentyna (Gary, Rilke, klasika)",,G40. Komunikacija ir rašymas,,K01208,Lentynoje,,,,,,,,,2026-09-16 17:51:00,g@cool.lt,Paupio 2 aukštas,26.0
1199.0,Ernestas Hemingvėjus (Ernest Hemingway),Rinktiniai raštai (keli tomai),,Lietuvių,,,Proza,,,,"Spinta I, 22 lentyna (Hemingway)",2-3 lietuviški tomai (balti),A7. Prarastoji karta ir Amerikos XX a.,,K01209,Nerasta,,,,,,,,,2026-09-13 20:20:00,g@cool.lt,,
1200.0,Ernestas Hemingvėjus,Salos vandenyne,Islands in the Stream,Lietuvių,,,Romanas,,,,"Spinta I, 22 lentyna (Hemingway)",PATIKSLINTI (raudonas tomas),A7. Prarastoji karta ir Amerikos XX a.,,K01210,Lentynoje,,,,,,,,,,,,
1201.0,Ernest Hemingway,Green Hills of Africa,,Anglų,Vintage,,Memuarai,,,,"Spinta I, 22 lentyna (Hemingway)",OpenLibrary pateikė klaidingus metus; konkretus leidimas nenustatytas.,A7. Prarastoji karta ir Amerikos XX a.,,K01211,Lentynoje,,,,,,,,,2026-09-16 17:51:00,g@cool.lt,Paupio 2 aukštas,27.0
1202.0,Ernest Hemingway,The Snows of Kilimanjaro,,Anglų,Vintage,,Apsakymai,,,,"Spinta I, 22 lentyna (Hemingway)","Neaišku, kuris leidinys (apsakymas 1936; rinkinys „The Snows of Kilimanjaro and Other Stories“ 1961) – nepatvirtinta.",A7. Prarastoji karta ir Amerikos XX a.,,K01212,Nerasta,,,,,,,,,2026-09-16 17:51:00,g@cool.lt,Paupio 2 aukštas,27.0
1203.0,Juozas Baltušis,Su kuo valgyta druska (?),,Lietuvių,,,Memuarai / proza,,,,"Spinta I, 22 lentyna (Hemingway)",PATIKSLINTI (rausvas tomas „Juodasis...“),A49. Lietuvių klasika ir raštai,,K01213,Lentynoje,,,,,,,,,,,,
1204.0,Jurga Ivanauskaitė (?),Kelias atgal (?),,Lietuvių,,,Proza,,,,"Spinta I, 22 lentyna (Hemingway)",PATIKSLINTI,A50. Lietuvių XX–XXI a. literatūra,Šiuolaikinė proza,K01214,Lentynoje,,,,,,,,,,,,
1205.0,Erich Maria Remarque (E. M. Remarkas),Dangus neturi numylėtinių,Der Himmel kennt keine Günstlinge,Lietuvių,,,Romanas,,,,"Spinta I, 22 lentyna (Hemingway)",PATIKSLINTI,A7. Prarastoji karta ir Amerikos XX a.,,K01215,Lentynoje,,,,,,,,,,,,
1206.0,Ernestas Hemingvėjus,Juodasis obeliskas (?),,Lietuvių,,,Romanas,,,,"Spinta I, 22 lentyna (Hemingway)",PATIKSLINTI: „Juodasis obeliskas“ — iš tiesų Remarque'o; gali dubliuotis su Nr. 154,A7. Prarastoji karta ir Amerikos XX a.,,K01216,Lentynoje,,,,,,,,,,,,
1207.0,J. D. Selindžeris (J. D. Salinger),Rugiuose prie bedugnės,The Catcher in the Rye,Lietuvių,,,Romanas,,,,"Spinta I, 23 lentyna (bitnikai, JAV proza)",Lietuviškas leidimas (angliškas — Nr. 3),A8. Bitnikai ir kontrkultūra,★ pora: originalas + vertimas,K01217,Lentynoje,,,,,,,,,,,,
1208.0,Jack Kerouac,On the Road,,Anglų,Penguin,,Romanas,,,,"Spinta I, 23 lentyna (bitnikai, JAV proza)",,A8. Bitnikai ir kontrkultūra,,K01218,Lentynoje,,,,,,,,,,,,
1209.0,Kurt Vonnegut,Slaughterhouse-Five,,Anglų,,,Romanas,,,,"Spinta I, 23 lentyna (bitnikai, JAV proza)",,A8. Bitnikai ir kontrkultūra,,K01219,Lentynoje,,,,,,,,,,,,
1210.0,Kurt Vonnegut,Cat's Cradle,,Anglų,Penguin,,Romanas,,,,"Spinta I, 23 lentyna (bitnikai, JAV proza)",,A8. Bitnikai ir kontrkultūra,,K01220,Lentynoje,,,,,,,,,,,,
1211.0,John Williams,Stoner,,Anglų,Vintage,,Romanas,,,,"Spinta I, 23 lentyna (bitnikai, JAV proza)",,A7. Prarastoji karta ir Amerikos XX a.,,K01221,Lentynoje,,,,,,,,,,,,
1212.0,Torntonas Vailderis (Thornton Wilder),Aštuntoji diena,The Eighth Day,Lietuvių,,,Romanas,,,,"Spinta I, 23 lentyna (bitnikai, JAV proza)",,A7. Prarastoji karta ir Amerikos XX a.,,K01222,Lentynoje,,,,,,,,,,,,
1213.0,Charles Bukowski,Tales of Ordinary Madness,,Anglų,Virgin,,Apsakymai,,,,"Spinta I, 23 lentyna (bitnikai, JAV proza)",,A8. Bitnikai ir kontrkultūra,,K01223,Lentynoje,,,,,,,,,,,,
1214.0,Olga Tokarczuk,Jautrusis pasakotojas,Czuły narrator,Lietuvių,Lietuvos rašytojų sąjungos leidykla,2021.0,Esė,,,9786094802843.0,"Spinta I, 24 lentyna (Tokarczuk)",,B9. Šiuolaikinė pasaulio proza,Nobelio laureatai,K01224,Lentynoje,,,,,,,,,2026-09-16 17:51:00,g@cool.lt,Paupio 2 aukštas,24.0
1215.0,Olga Tokarczuk,Praamžiai ir kiti laikai,Prawiek i inne czasy,Lietuvių,Lietuvos rašytojų sąjungos leidykla,2000.0,Romanas,,,,"Spinta I, 24 lentyna (Tokarczuk)",ISBN skelbime nenurodytas.,B9. Šiuolaikinė pasaulio proza,Nobelio laureatai,K01225,Lentynoje,,,,,,,,,2026-09-16 17:51:00,g@cool.lt,Paupio 2 aukštas,24.0
1216.0,Olga Tokarczuk,Empūsijas,Empuzjon,Lietuvių,Lietuvos rašytojų sąjungos leidykla,2023.0,Romanas,,,9786094803994.0,"Spinta I, 24 lentyna (Tokarczuk)",,B9. Šiuolaikinė pasaulio proza,Nobelio laureatai,K01226,Lentynoje,,,,,,,,,2026-09-16 17:51:00,g@cool.lt,Paupio 2 aukštas,24.0
1217.0,Olga Tokarczuk,Bėgūnai,Bieguni,Lietuvių,Lietuvos rašytojų sąjungos leidykla,2019.0,Romanas,,,,"Spinta I, 24 lentyna (Tokarczuk)",Matomi 2 egz.,B9. Šiuolaikinė pasaulio proza,Nobelio laureatai,K01227,Lentynoje,,,,,,,,,2026-09-16 17:51:00,g@cool.lt,Paupio 2 aukštas,24.0
1218.0,Olga Tokarczuk,Rinktinė (juodas tomas),,Lietuvių,,,Romanas,,,,"Spinta I, 24 lentyna (Tokarczuk)","PATIKSLINTI (galimai „Dienos namai, nakties namai“)",B9. Šiuolaikinė pasaulio proza,Nobelio laureatai,K01228,Lentynoje,,,,,,,,,,,,
1219.0,Jaroslavas Hašekas,Šauniojo kareivio Šveiko nuotykiai,Osudy dobrého vojáka Švejka,Lietuvių,,,Romanas / satyra,,,,"Spinta I, 25 lentyna (Hašek, Laxness)",,B9. Šiuolaikinė pasaulio proza,Šiuolaikinis pasaulio romanas,K01229,Lentynoje,,,,,,,,,,,,
1220.0,Jaroslavas Hašekas,Šveikas (antras tomas),,Lietuvių,,,Romanas / satyra,,,,"Spinta I, 25 lentyna (Hašek, Laxness)",PATIKSLINTI (rausvas tomas),B9. Šiuolaikinė pasaulio proza,Šiuolaikinis pasaulio romanas,K01230,Lentynoje,,,,,,,,,,,,
1221.0,Halldór Laxness,Independent People,Sjálfstætt fólk,Anglų,Vintage,,Romanas,,,,"Spinta I, 25 lentyna (Hašek, Laxness)",,B9. Šiuolaikinė pasaulio proza,Nobelio laureatai,K01231,Lentynoje,,,,,,,,,,,,
1222.0,Emils Azaras (Émile Ajar / Romain Gary),Gyvenimas dar prieš akis,La Vie devant soi,Lietuvių,,,Romanas,,,,"Spinta I, 25 lentyna (Hašek, Laxness)",PATIKSLINTI pavadinimą (siauras tomas),B9. Šiuolaikinė pasaulio proza,Šiuolaikinis pasaulio romanas,K01232,Lentynoje,,,,,,,,,,,,
1223.0,Ričardas Pachas (?),Vienas,,Lietuvių,,,Proza,,,,"Spinta I, 25 lentyna (Hašek, Laxness)",PATIKSLINTI (galimai Richard Bach „Vienas“ / One),A3. Klasikos kanonas (pagal šalis),Kita klasika ir antologijos,K01233,Lentynoje,,,,,,,,,,,,
1224.0,Romualdas Granauskas,Išvarytieji,,Lietuvių,Lietuvos rašytojų sąjungos leidykla,2013.0,Proza,,,9789986397724.0,"Spinta I, 26 lentyna (Granauskas)",,A50. Lietuvių XX–XXI a. literatūra,Sovietmečio karta,K01234,Lentynoje,,,,,,,,,2026-09-16 17:51:00,g@cool.lt,Paupio 2 aukštas,22.0
1226.0,Romualdas Granauskas,Trečias gyvenimas,,Lietuvių,Lietuvos rašytojų sąjungos leidykla,2014.0,Proza,,,9789986397946.0,"Spinta I, 26 lentyna (Granauskas)",,A50. Lietuvių XX–XXI a. literatūra,Sovietmečio karta,K01236,Lentynoje,,,,,,,,,2026-09-16 17:51:00,g@cool.lt,Paupio 2 aukštas,22.0
1227.0,Romualdas Granauskas,Gyvenimas po klevu,,Lietuvių,Vaga,1988.0,Apysaka,,,9785415001088.0,"Spinta I, 26 lentyna (Granauskas)",PATIKSLINTI,A50. Lietuvių XX–XXI a. literatūra,Sovietmečio karta,K01237,Lentynoje,,,,,,,,,2026-09-16 17:51:00,g@cool.lt,Paupio 2 aukštas,22.0
1228.0,Romualdas Granauskas,Šunys danguje,,Lietuvių,Alma littera,2005.0,Proza,,,9789986393924.0,"Spinta I, 26 lentyna (Granauskas)",autorius ant nugarėlės nematomas,A50. Lietuvių XX–XXI a. literatūra,Sovietmečio karta,K01238,Lentynoje,,,,,,,,,2026-09-16 17:51:00,g@cool.lt,Paupio 2 aukštas,22.0
1229.0,Romualdas Granauskas,Apsakymai ir esė (rinktinė),,Lietuvių,,,Proza,,,,"Spinta I, 26 lentyna (Granauskas)",PATIKSLINTI,A50. Lietuvių XX–XXI a. literatūra,Sovietmečio karta,K01239,Lentynoje,,,,,,,,,,,,
1230.0,Algimantas Zurba (?),Vincas Pietaris (?),,Lietuvių,,,Proza,,,,"Spinta I, 26 lentyna (Granauskas)",PATIKSLINTI (senas apiplyšęs tomas),A50. Lietuvių XX–XXI a. literatūra,Šiuolaikinė proza,K01240,Lentynoje,,,,,,,,,,,,
1232.0,Garry Kasparov,Gyvenimas kaip žaidimas šachmatais,How Life Imitates Chess,Lietuvių,Eugrimas,2008.0,Šachmatai / strategija,,,9789955790075.0,"Spinta I, 27 lentyna (šachmatai)",guli plokščiai lentynos viršuje · Lietuviškas leidimas.,G37. Strategija ir vadyba,,K01242,Lentynoje,,,,,,,,,2026-09-16 17:51:00,g@cool.lt,Paupio 2 aukštas,23.0
1235.0,Hans Kmoch (Ганс Кмох),Рубинштейн выигрывает,,Rusų,,,Šachmatai,,,,"Spinta I, 27 lentyna (šachmatai)",100 шахматных шедевров,"H48. Menas, kalbos, pomėgiai",Šachmatai,K01245,Lentynoje,,,,,,,,,,,,
1237.0,Bobby Fischer,My 60 Memorable Games,,Anglų,Batsford Chess,1969.0,Šachmatai,,,,"Spinta I, 27 lentyna (šachmatai)","Batsford Chess · Pirmojo leidimo metai; daug leidimų, konkretus nenustatytas.","H48. Menas, kalbos, pomėgiai",Šachmatai,K01247,Lentynoje,,,,,,,,,2026-09-16 17:51:00,g@cool.lt,Paupio 2 aukštas,23.0
1238.0,,Шахматная новелла,,Rusų,,,Proza / šachmatai,,,,"Spinta I, 27 lentyna (šachmatai)",S. Zweigo „Šachmatų novelė“ (?). PATIKSLINTI,A4. Rusų lentyna (originalo k.),XIX a. klasika (Gogolis–Čechovas),K01248,Lentynoje,,,,,,,,,2026-09-16 17:51:00,g@cool.lt,Paupio 2 aukštas,23.0
1239.0,,,,,,,,,,,"Spinta I, 27 lentyna (šachmatai)",PATIKSLINTI: dar 2-3 seni šachmatų tomeliai (gelsvi/žali),"X. Ūkinė zona: žinynai, vadovėliai, periodika",,K01249,Lentynoje,,,,,,,,,,,,
1240.0,Kaspar Colling Nielsen,Europos pavasaris,Det europæiske forår,Lietuvių,Kitos knygos,,Romanas / distopija,,,,"Spinta I, 28 lentyna (distopijos)",,B10. Distopijos ir utopijos,,K01250,Lentynoje,,,,,,,,,,,,
1241.0,Aldous Huxley,Brave New World,,Anglų,Vintage,,Distopija,,,,"Spinta I, 28 lentyna (distopijos)",,B10. Distopijos ir utopijos,,K01251,Lentynoje,,,,,,,,,,,,
1242.0,George Orwell,Animal Farm,,Anglų,Penguin,,Distopija / satyra,,,,"Spinta I, 28 lentyna (distopijos)",,B10. Distopijos ir utopijos,,K01252,Lentynoje,,,,,,,,,,,,
1243.0,George Orwell,Gyvulių ūkis,Animal Farm,Lietuvių,,,Distopija / satyra,,,,"Spinta I, 28 lentyna (distopijos)",,B10. Distopijos ir utopijos,,K01253,Lentynoje,,,,,,,,,,,,
1244.0,Thomas More (Томас Мор),Utopija,Utopia,Rusų (?),,,Filosofija / utopija,,,,"Spinta I, 28 lentyna (distopijos)",„1478–1978“ jubiliejinis leidimas. PATIKSLINTI kalbą,B10. Distopijos ir utopijos,,K01254,Lentynoje,,,,,,,,,,,,
1245.0,Karel Čapek (Карел Чапек),Путешествия,,Rusų,,,Kelionių proza,,,,"Spinta I, 28 lentyna (distopijos)",,A4. Rusų lentyna (originalo k.),XIX a. klasika (Gogolis–Čechovas),K01255,Lentynoje,,,,,,,,,,,,
1246.0,George Orwell,1984 (lietuviškas),Nineteen Eighty-Four,Lietuvių,,,Distopija,,,,"Spinta I, 28 lentyna (distopijos)",Oranžinis leidimas,B10. Distopijos ir utopijos,,K01256,Lentynoje,,,,,,,,,,,,
1247.0,George Orwell,1984 (angliškas),,Anglų,Penguin,,Distopija,,,,"Spinta I, 28 lentyna (distopijos)",,B10. Distopijos ir utopijos,,K01257,Lentynoje,,,,,,,,,,,,
1248.0,Ray Bradbury,Fahrenheit 451,,Anglų,Harper Voyager,,Distopija,,,,"Spinta I, 28 lentyna (distopijos)",,B10. Distopijos ir utopijos,,K01258,Lentynoje,,,,,,,,,,,,
1249.0,Agatha Christie,Detektyvų kolekcija (leidykla „Sirokas“ ir kt.),,Lietuvių / anglų,Sirokas,,Detektyvai,Agatha Christie,,,"Spinta I, 29 lentyna (Agatha Christie kolekcija)","~35-40 tomų: „Kodėl nepaprašė Evans?“, „Persikėlės veidrodis“, „Dilema Polensos kurorte“, „4.50 iš Padingtono“, „Tai daroma su veidrodžiais“, „Mįslingas nutikimas Staize“, „Nusikaltimo bendrininkai“, „Trylika galvosūkių“, „Paslaptingasis misteris Kvinas“, „Herkulo žygdarbiai“, „Nekaltojo kankinimas“, „Postern of Fate“, „Jie atvyko į Bagdadą“, „N ar M?“, „Žmogžudystė golfo lauke“, „Rodžerio Ekroido nužudymas“, „Mirusiojo kvailystė“, „Rugiai kišenėje“, „Cards on the Table“, „Susitikimas su mirtimi“, „Nesibaigianti naktis“, „Death on the Nile“, „Mieganti žmogžudystė“, „Keleivis į Frankfurtą“, „Permaininga sėkmė“, „Dauba“, „The ABC Murders“, „The Adventure of the Christmas Pudding“, „The Murder on the Links“, „Endless Night“, „Pradžios link“, „Trečioji mergina“, „Nežinoma linkme“, „Selected Detective Prose“, „The Moving Finger“ ir kt.",B14. Auksinio amžiaus detektyvas,Agatha Christie kolekcija,K01259,Lentynoje,,,,,,,,,,,,
1251.0,Arthur Conan Doyle,Šerloko Holmso apysakos (I–II tomai),,Lietuvių,Obuolys,,Detektyvai,Šerlokas Holmsas,,,"Spinta I, 29 lentyna (Agatha Christie kolekcija)",,B14. Auksinio amžiaus detektyvas,Šerlokas Holmsas,K01261,Lentynoje,,,,,,,,,,,,
1252.0,Alan Bradley,Flavijos de Lius detektyvai (2 tomai),,Lietuvių,,,Detektyvai,Flavija de Lius,,,"Spinta I, 29 lentyna (Agatha Christie kolekcija)",„Ruginys su skerdiena“(?) ir kt. PATIKSLINTI,A50. Lietuvių XX–XXI a. literatūra,Šiuolaikinė proza,K01262,Lentynoje,,,,,,,,,,,,
1253.0,Vytautas Tarasonis,Fizika (I–III tomai),,Lietuvių,,,Fizika / vadovėlis,,,,"Spinta I, 30 lentyna (fizika, mokslas)",Gali sutapti su Nr. 341,"F34. Kosmosas, fizika, matematika",,K01263,Lentynoje,,,,,,,,,,,,
1257.0,Michio Kaku,Hyperspace,,Anglų,Oxford University Press,1994.0,Fizika / mokslo populiarinimas,,,,"Spinta I, 30 lentyna (fizika, mokslas)",Pirmasis leidimas; vėliau Anchor Books.,"F34. Kosmosas, fizika, matematika",,K01267,Lentynoje,,,,,,,,,2026-09-16 17:51:00,g@cool.lt,Paupio 2 aukštas,18.0
1258.0,Michio Kaku,Physics of the Impossible,,Anglų,Doubleday,2008.0,Fizika / mokslo populiarinimas,,,,"Spinta I, 30 lentyna (fizika, mokslas)","Pirmasis leidimas; daug leidimų, konkretus nenustatytas.","F34. Kosmosas, fizika, matematika",,K01268,Lentynoje,,,,,,,,,2026-09-16 17:51:00,g@cool.lt,Paupio 2 aukštas,18.0
1260.0,Daniel Kehlmann,Pasaulio matavimas,Die Vermessung der Welt,Lietuvių,Alma littera,2007.0,Romanas,,,,"Spinta I, 30 lentyna (fizika, mokslas)",Lietuviškas leidimas.,A3. Klasikos kanonas (pagal šalis),Kita klasika ir antologijos,K01270,Lentynoje,,,,,,,,,2026-09-16 17:51:00,g@cool.lt,Paupio 2 aukštas,18.0
1261.0,Mark Miodownik,Stuff Matters,,Anglų,Viking,2013.0,Mokslo populiarinimas,,,,"Spinta I, 30 lentyna (fizika, mokslas)",Pirmasis leidimas; daug leidimų.,F36. Mokslo ir idėjų istorija,,K01271,Lentynoje,,,,,,,,,2026-09-16 17:51:00,g@cool.lt,Paupio 2 aukštas,18.0
1263.0,Jared Diamond,"Guns, Germs, and Steel",,Anglų,W. W. Norton,1997.0,Istorija / mokslas,,,,"Spinta I, 30 lentyna (fizika, mokslas)",Pirmojo leidimo metai; daug leidimų (W. W. Norton / Jonathan Cape).,E31. Istorijos biblioteka,Šalių ir epochų istorijos,K01273,Lentynoje,,,,,,,,,2026-09-16 17:51:00,g@cool.lt,Paupio 2 aukštas,18.0
1264.0,Michio Kaku,Physics of the Future,,Anglų,Penguin,2011.0,Mokslo populiarinimas,,,,"Spinta I, 30 lentyna (fizika, mokslas)","Pirmasis leidimas; daug leidimų, konkretus nenustatytas.","F34. Kosmosas, fizika, matematika",,K01274,Lentynoje,,,,,,,,,2026-09-16 17:51:00,g@cool.lt,Paupio 2 aukštas,18.0
1265.0,Michio Kaku,The Future of the Mind,,Anglų,Penguin,2014.0,Mokslo populiarinimas,,,,"Spinta I, 30 lentyna (fizika, mokslas)",Pirmasis leidimas.,"F34. Kosmosas, fizika, matematika",,K01275,Lentynoje,,,,,,,,,2026-09-16 17:51:00,g@cool.lt,Paupio 2 aukštas,18.0
1266.0,Judy Parkinson,i before e (except after c),,Anglų,Michael O'Mara,2007.0,Kalba / žinynas,,,,"Spinta I, 30 lentyna (fizika, mokslas)","Keli leidimai (Michael O'Mara, Reader's Digest).","X. Ūkinė zona: žinynai, vadovėliai, periodika",,K01276,Lentynoje,,,,,,,,,2026-09-16 17:51:00,g@cool.lt,Paupio 2 aukštas,18.0
1267.0,Jonathan Swift,Gulliver's Travels,,Anglų,,1726.0,Romanas / satyra,,,,"Spinta I, 30 lentyna (fizika, mokslas)","Pirmojo leidimo metai; daug leidimų, konkretus nenustatytas.",A3. Klasikos kanonas (pagal šalis),Anglų klasika,K01277,Lentynoje,,,,,,,,,2026-09-16 17:51:00,g@cool.lt,Paupio 2 aukštas,18.0
1268.0,,Read Real Japanese: Short Stories by Contemporary Writers,,Anglų / japonų,Kodansha,,Kalbos / antologija,,,,"Spinta I, 30 lentyna (fizika, mokslas)",Perkelta čia iš gretimos nišos,A3. Klasikos kanonas (pagal šalis),Kita klasika ir antologijos,K01278,Lentynoje,,,,,,,,,,,,
1273.0,Luigi Fontana,The Path to Longevity,,Anglų,Hardie Grant Books,2020.0,Sveikata / ilgaamžiškumas,,,9781743795965.0,"Spinta I, 31 lentyna (mityba, sveikata)",,H43. Sveikata ir mityba,,K01283,Lentynoje,,,,,,,,,2026-09-16 17:51:00,g@cool.lt,Paupio 2 aukštas,19.0
1279.0,Philipp Dettmer,Imunitetas,Immune,Lietuvių,Kitos knygos,,Mokslo populiarinimas,,,,"Spinta I, 31 lentyna (mityba, sveikata)",,F36. Mokslo ir idėjų istorija,,K01289,Lentynoje,,,,,,,,,,,,
1281.0,Simon Hill,The Proof Is in the Plants,,Anglų,Penguin Life,2021.0,Mityba / sveikata,,,9781760890049.0,"Spinta I, 31 lentyna (mityba, sveikata)",,H43. Sveikata ir mityba,,K01291,Lentynoje,,,,,,,,,2026-09-16 17:51:00,g@cool.lt,Paupio 2 aukštas,19.0
1282.0,,Fitobiogenika (?),,Lietuvių,,,Medicina / žolininkystė,,,,"Spinta I, 31 lentyna (mityba, sveikata)",PATIKSLINTI (violetinis tomas su augalu),H44. Alternatyvi ir Rytų medicina,,K01292,Lentynoje,,,,,,,,,,,,
1283.0,Malcolm Gladwell,The Tipping Point,,Anglų,"Little, Brown",2000.0,Verslas / sociologija,,,316316962.0,"Spinta I, 32 lentyna (verslas, inovacijos)","Little, Brown · pirmojo leidimo duomenys; namų egzemplioriaus leidimas nepatikslintas","D25. Sociologija, semiotika, antropologija",,K01293,Lentynoje,,,,,,,,,2026-09-16 17:51:00,g@cool.lt,Paupio 2 aukštas,31.0
1284.0,Peter H. Diamandis; Steven Kotler,"Gausos amžius: ateitis geresnė, nei manote",Abundance,Lietuvių,Alma littera,2012.0,Verslas / ateitis,,,9786090107874.0,"Spinta I, 32 lentyna (verslas, inovacijos)",,G37. Strategija ir vadyba,,K01294,Lentynoje,,,,,,,,,2026-09-16 17:51:00,g@cool.lt,Paupio 2 aukštas,31.0
1285.0,Gary Hamel; C. K. Prahalad,Competing for the Future,,Anglų,Harvard Business School Press,1994.0,Vadyba / strategija,,,875844162.0,"Spinta I, 32 lentyna (verslas, inovacijos)",Nr. 152,G37. Strategija ir vadyba,,K01295,Lentynoje,,,,,,,,,2026-09-16 17:51:00,g@cool.lt,Paupio 2 aukštas,31.0
1286.0,Marc Levinson,The Box,,Anglų,Princeton University Press,,Ekonomika / istorija,,,,"Spinta I, 32 lentyna (verslas, inovacijos)",,E31. Istorijos biblioteka,Šalių ir epochų istorijos,K01296,Lentynoje,,,,,,,,,,,,
1287.0,Enrico Moretti,The New Geography of Jobs,,Anglų,Mariner,2012.0,Ekonomika,,,9780547750118.0,"Spinta I, 32 lentyna (verslas, inovacijos)",Mariner · pirmojo leidimo duomenys; namų egzemplioriaus leidimas nepatikslintas,F32. Ekonomika ir politinė ekonomija,,K01297,Lentynoje,,,,,,,,,2026-09-16 17:51:00,g@cool.lt,Paupio 2 aukštas,32.0
1288.0,Jamie Bartlett,The Dark Net,,Anglų,William Heinemann (Penguin Random House),2014.0,Technologijos / visuomenė,,,9780434023172.0,"Spinta I, 32 lentyna (verslas, inovacijos)",pirmojo leidimo duomenys; namų egzemplioriaus leidimas nepatikslintas,B9. Šiuolaikinė pasaulio proza,Šiuolaikinis pasaulio romanas,K01298,Lentynoje,,,,,,,,,2026-09-16 17:51:00,g@cool.lt,Paupio 2 aukštas,32.0
1290.0,Nassim Nicholas Taleb,The Black Swan,,Anglų,Penguin,2007.0,Ekonomika / rizika,,,9781400063512.0,"Spinta I, 32 lentyna (verslas, inovacijos)",Penguin · pirmojo leidimo duomenys; namų egzemplioriaus leidimas nepatikslintas; OpenLibrary darbo lygmens metai (2005) neatitinka realaus leidimo,F32. Ekonomika ir politinė ekonomija,,K01300,Lentynoje,,,,,,,,,2026-09-16 17:51:00,g@cool.lt,Paupio 2 aukštas,32.0
1291.0,Eric Schmidt; Jared Cohen,The New Digital Age,,Anglų,John Murray,2013.0,Technologijos,,,9781848546202.0,"Spinta I, 32 lentyna (verslas, inovacijos)",pirmojo leidimo duomenys; namų egzemplioriaus leidimas nepatikslintas (JK leidimas),B9. Šiuolaikinė pasaulio proza,Šiuolaikinis pasaulio romanas,K01301,Lentynoje,,,,,,,,,2026-09-16 17:51:00,g@cool.lt,Paupio 2 aukštas,32.0
1292.0,Adam Smith,Tautų turtas (I tomas),The Wealth of Nations,Lietuvių,Margi raštai,2013.0,Ekonomika,,,9789986094432.0,"Spinta I, 33 lentyna (ekonomika)",I tomas · dvitomis; 333 ir 334 greičiausiai I ir II tomai,F32. Ekonomika ir politinė ekonomija,,K01302,Lentynoje,,,,,,,,,2026-09-16 17:51:00,g@cool.lt,Paupio 2 aukštas,36.0
1293.0,Adam Smith,Tautų turtas (II tomas),The Wealth of Nations,Lietuvių,Margi raštai,2013.0,Ekonomika,,,,"Spinta I, 33 lentyna (ekonomika)",II tomas · dvitomis; II tomo ISBN nepatvirtintas,F32. Ekonomika ir politinė ekonomija,,K01303,Lentynoje,,,,,,,,,2026-09-16 17:51:00,g@cool.lt,Paupio 2 aukštas,36.0
1294.0,Robert J. Shiller,Finance and the Good Society,,Anglų,Princeton University Press,2012.0,Finansai,,,9780691154886.0,"Spinta I, 33 lentyna (ekonomika)",pirmojo leidimo duomenys; namų egzemplioriaus leidimas nepatikslintas,F32. Ekonomika ir politinė ekonomija,,K01304,Lentynoje,,,,,,,,,2026-09-16 17:51:00,g@cool.lt,Paupio 2 aukštas,36.0
1295.0,Rachel Maddow,Blowout,,Anglų,Crown,2019.0,Politika / energetika,,,9780525575474.0,"Spinta I, 33 lentyna (ekonomika)",pirmojo leidimo duomenys; namų egzemplioriaus leidimas nepatikslintas,D19. Filosofijos klasika,Antika–Apšvieta,K01305,Lentynoje,,,,,,,,,2026-09-16 17:51:00,g@cool.lt,Paupio 2 aukštas,36.0
1296.0,Abhijit V. Banerjee; Esther Duflo,Good Economics for Hard Times,,Anglų,PublicAffairs,2019.0,Ekonomika,,,9781541762879.0,"Spinta I, 33 lentyna (ekonomika)",pirmojo leidimo duomenys; namų egzemplioriaus leidimas nepatikslintas (JAV),F32. Ekonomika ir politinė ekonomija,,K01306,Lentynoje,,,,,,,,,2026-09-16 17:51:00,g@cool.lt,Paupio 2 aukštas,36.0
1297.0,Felix Martin,Money: The Unauthorised Biography,,Anglų,Vintage,2013.0,Ekonomika / istorija,,,,"Spinta I, 33 lentyna (ekonomika)",pirmojo leidimo metai 2013; leidykla nepatvirtinta,E31. Istorijos biblioteka,Šalių ir epochų istorijos,K01307,Lentynoje,,,,,,,,,2026-09-16 17:51:00,g@cool.lt,Paupio 2 aukštas,36.0
1298.0,John Milton,Paradise Lost and Paradise Regained,,Anglų,Signet Classics,,Poezija / epas,,,,"Spinta I, 34 lentyna (mišri)","jungtinis leidimas, daug skirtingų variantų — konkretus nenustatytas",A3. Klasikos kanonas (pagal šalis),Anglų klasika,K01308,Lentynoje,,,,,,,,,2026-09-16 17:51:00,g@cool.lt,Paupio 2 aukštas,37.0
1299.0,Peter Gelderloos,Anarchy Works,,Anglų,Ardent Press,2010.0,Politinė teorija,,,9781620490204.0,"Spinta I, 34 lentyna (mišri)",pirmojo leidimo duomenys; namų egzemplioriaus leidimas nepatikslintas,F33. Geopolitika ir publicistika,,K01309,Lentynoje,,,,,,,,,2026-09-16 17:51:00,g@cool.lt,Paupio 2 aukštas,37.0
1301.0,Paul Krugman,Įveikime ekonominę depresiją!,End This Depression Now!,Lietuvių,Kitos knygos,2012.0,Ekonomika,,,9786094270741.0,"Spinta I, 34 lentyna (mišri)",vertė Aušra Maldeikienė,F32. Ekonomika ir politinė ekonomija,,K01311,Lentynoje,,,,,,,,,2026-09-16 17:51:00,g@cool.lt,Paupio 2 aukštas,37.0
1302.0,Noam Chomsky,Tikslai ir vizijos,Powers and Prospects (?),Lietuvių,Kitos knygos,2006.0,Politika,,,9789955640127.0,"Spinta I, 34 lentyna (mišri)",PATIKSLINTI (raudonas užrašas ant nugarėlės),F33. Geopolitika ir publicistika,,K01312,Lentynoje,,,,,,,,,2026-09-16 17:51:00,g@cool.lt,Paupio 2 aukštas,37.0
1303.0,Robert T. Kiyosaki,Rich Dad Poor Dad,,Anglų,Plata,1997.0,Finansai / saviugda,,,,"Spinta I, 34 lentyna (mišri)",pirmojo leidimo metai 1997; labai daug leidimų — leidykla ir ISBN nepatikslinti,D23. Psichologija ir saviugda,Saviugda,K01313,Lentynoje,,,,,,,,,2026-09-16 17:51:00,g@cool.lt,Paupio 2 aukštas,37.0
1306.0,William Shakespeare,Romeo and Juliet,,Anglų,,,Drama,,,,"Spinta I, 34 lentyna (mišri)","klasika, šimtai leidimų — konkretus nenustatytas",A3. Klasikos kanonas (pagal šalis),Anglų klasika,K01316,Lentynoje,,,,,,,,,2026-09-16 17:51:00,g@cool.lt,Paupio 2 aukštas,37.0
1307.0,Simon Sebag Montefiore,Istorijos titanai,Titans of History,Lietuvių,Tyto alba,2015.0,Istorija / biografijos,,,9786094661389.0,"Spinta I, 35 lentyna (istorija, Antika)",,E31. Istorijos biblioteka,Šalių ir epochų istorijos,K01317,Lentynoje,,,,,,,,,2026-09-16 17:51:00,g@cool.lt,Paupio 2 aukštas,38.0
1308.0,Aleksandras Guobys,Neblėstantys portretai,,Lietuvių,,2013.0,Biografijos,,,,"Spinta I, 35 lentyna (istorija, Antika)",Gali sutapti su Nr. 520,A50. Lietuvių XX–XXI a. literatūra,Šiuolaikinė proza,K01318,Lentynoje,,,,,,,,,2026-09-17 15:21:00,g@cool.lt,Paupio 2 aukštas,38.0
1309.0,Mark W. Muesse,Four Wise Men,,Anglų,Cascade Books (Wipf & Stock),2017.0,Religija / filosofija,,,9781498232227.0,"Spinta I, 35 lentyna (istorija, Antika)",pirmojo leidimo duomenys; namų egzemplioriaus leidimas nepatikslintas,D21. Religijotyra ir šventraščiai,Krikščionybė ir religijotyra,K01319,Lentynoje,,,,,,,,,2026-09-16 17:51:00,g@cool.lt,Paupio 2 aukštas,38.0
1310.0,John Williams,Augustus,,Anglų,NYRB,1972.0,Istorinis romanas,,,670141127.0,"Spinta I, 35 lentyna (istorija, Antika)",pirmojo leidimo duomenys; namų egzemplioriaus leidimas nepatikslintas,A7. Prarastoji karta ir Amerikos XX a.,,K01320,Lentynoje,,,,,,,,,2026-09-16 17:51:00,g@cool.lt,Paupio 2 aukštas,38.0
1313.0,"Nicolas Guillerat, John Scheid",Ancient Rome Infographics,,Anglų,Thames & Hudson,2021.0,Istorija / infografika,,,9780500252628.0,"Spinta I, 35 lentyna (istorija, Antika)",didelio formato albumas,E26. Antikos ir viduramžių istorija,,K01323,Lentynoje,,,,,,,,,2026-09-16 17:51:00,g@cool.lt,Paupio 2 aukštas,38.0
1314.0,,,,,,,,,,,"Spinta I, 35 lentyna (istorija, Antika)",PATIKSLINTI: dar 1-2 apiplyšę tomeliai tarp Muesse ir Williams,"X. Ūkinė zona: žinynai, vadovėliai, periodika",,K01324,Lentynoje,,,,,,,,,,,,
1315.0,Wolfram Eilenberger,Time of the Magicians,Zeit der Zauberer,Anglų,Penguin Press,2020.0,Filosofijos istorija,,,9780525559665.0,"Spinta J, 1 niša (mokslo istorija)",angliškas vertimas; vokiškas originalas „Zeit der Zauberer“,D19. Filosofijos klasika,Antika–Apšvieta,K01325,Lentynoje,,,,,,,,,2026-09-16 17:51:00,g@cool.lt,Paupio 2 aukštas,39.0
1318.0,,Žvaigždynai,,Lietuvių,,,Astronomija,,,,"Spinta J, 1 niša (mokslo istorija)",PATIKSLINTI autorių,"F34. Kosmosas, fizika, matematika",,K01328,Lentynoje,,,,,,,,,2026-09-16 17:51:00,g@cool.lt,Paupio 2 aukštas,39.0
1319.0,,Astrofizika,,Lietuvių,,,Astronomija,,,,"Spinta J, 1 niša (mokslo istorija)",PATIKSLINTI autorių,"F34. Kosmosas, fizika, matematika",,K01329,Lentynoje,,,,,,,,,2026-09-16 17:51:00,g@cool.lt,Paupio 2 aukštas,28.0
1320.0,Charles Dickens,A Tale of Two Cities,,Anglų,Collier,,Romanas,,,,"Spinta J, 1 niša (mokslo istorija)",Senas leidimas,A3. Klasikos kanonas (pagal šalis),Anglų klasika ★ pora: originalas + vertimas,K01330,Lentynoje,,,,,,,,,,,,
1322.0,Adam Rutherford,Creation,,Anglų,Penguin,,Mokslas / biologija,,,,"Spinta J, 2 niša (evoliucija, gamtos mokslai)",,F35. Gyvybės mokslai ir evoliucija,,K01332,Lentynoje,,,,,,,,,,,,
1323.0,Carl Sagan,Rinktinė (raudona nugarėlė),,Anglų,,,Mokslo populiarinimas,,,,"Spinta J, 2 niša (evoliucija, gamtos mokslai)",PATIKSLINTI (galimai „The Demon-Haunted World“),"F34. Kosmosas, fizika, matematika",,K01333,Lentynoje,,,,,,,,,,,,
1324.0,Lynn Margulis,Rinktinė,,Anglų,Chelsea Green,,Biologija,,,,"Spinta J, 2 niša (evoliucija, gamtos mokslai)",PATIKSLINTI pavadinimą,F35. Gyvybės mokslai ir evoliucija,,K01334,Lentynoje,,,,,,,,,,,,
1325.0,Stephen Rothman,The Paradox of Evolution,,Anglų,Globe Pequot Press,2015.0,Biologija / evoliucija,,,9781633880733.0,"Spinta J, 2 niša (evoliucija, gamtos mokslai)",pirmojo leidimo duomenys; namų egzemplioriaus leidimas nepatikslintas; 2016 m. perleido Prometheus Books,F35. Gyvybės mokslai ir evoliucija,,K01335,Lentynoje,,,,,,,,,2026-09-16 17:51:00,g@cool.lt,Paupio 2 aukštas,33.0
1326.0,Steve Brusatte,The Rise and Reign of the Mammals,,Anglų,Mariner,2022.0,Mokslas / paleontologija,,,9780062951564.0,"Spinta J, 2 niša (evoliucija, gamtos mokslai)","paantraštė „A New History From the Shadow of the Dinosaurs to Us"" · pirmojo leidimo duomenys; namų egzemplioriaus leidimas nepatikslintas (JAV)",F35. Gyvybės mokslai ir evoliucija,,K01336,Lentynoje,,,,,,,,,2026-09-16 17:51:00,g@cool.lt,Paupio 2 aukštas,33.0
1327.0,Angelika Kuźniak,Marlena,,Lietuvių,Gimtasis žodis,2013.0,Biografija (apie M. Dietrich),,,9789955164388.0,"Spinta J, 3 niša (menininkų biografijos)",,E32. Biografijos ir memuarai,Menininkų biografijos,K01337,Lentynoje,,,,,,,,,2026-09-16 17:51:00,g@cool.lt,Paupio 2 aukštas,40.0
1332.0,,Portretai: Salvadoras Dali ir Gala,,Lietuvių,,,Biografija / menas,,,,"Spinta J, 3 niša (menininkų biografijos)",Gali sutapti su Nr. 496,E32. Biografijos ir memuarai,Menininkų biografijos,K01342,Lentynoje,,,,,,,,,,,,
1333.0,Violeta Tapinienė,Susigrąžinto laiko blyksniai,,Lietuvių,Tyto alba,2024.0,Memuarai / eseistika,,,9786094667961.0,"Spinta J, 4 niša (Dalio, mokslas)",,A3. Klasikos kanonas (pagal šalis),Kita klasika ir antologijos,K01343,Lentynoje,,,,,,,,,2026-09-16 17:51:00,g@cool.lt,Paupio 2 aukštas,34.0
1335.0,Amir D. Aczel,God's Equation,,Anglų,Delta,1999.0,Mokslas / fizika,,,9781568581392.0,"Spinta J, 4 niša (Dalio, mokslas)","paantraštė „Einstein, Relativity, and the Expanding Universe"" · pirmojo leidimo duomenys; namų egzemplioriaus leidimas nepatikslintas","F34. Kosmosas, fizika, matematika",,K01345,Lentynoje,,,,,,,,,2026-09-16 17:51:00,g@cool.lt,Paupio 2 aukštas,34.0
1336.0,Michael Brooks,Free Radicals: The Secret Anarchy of Science,,Anglų,Profile,2011.0,Mokslas,,,9781846684050.0,"Spinta J, 4 niša (Dalio, mokslas)",pirmojo leidimo duomenys; namų egzemplioriaus leidimas nepatikslintas,F36. Mokslo ir idėjų istorija,,K01346,Lentynoje,,,,,,,,,2026-09-16 17:51:00,g@cool.lt,Paupio 2 aukštas,34.0
1337.0,Friedrich Nietzsche,Why I Am So Clever,,Anglų,Penguin Little Black Classics,2016.0,Filosofija,,,9780241251850.0,"Spinta J, 5 niša (Nietzsche, Fluxus)",Nr. 102,D19. Filosofijos klasika,Vokiečių idealizmas ir XIX a.,K01347,Lentynoje,,,,,,,,,2026-09-16 17:51:00,g@cool.lt,Paupio 2 aukštas,41.0
1339.0,"К. М. Азадовский, Е. М. Дьяконова",Бальмонт и Япония,,Rusų,Нестор-История,2017.0,Literatūrologija,,,9785446910892.0,"Spinta J, 5 niša (Nietzsche, Fluxus)",galimi ankstesni leidimai — keli leidimai,A3. Klasikos kanonas (pagal šalis),Rusų klasika vertimuose,K01349,Lentynoje,,,,,,,,,2026-09-16 17:51:00,g@cool.lt,Paupio 2 aukštas,41.0
1340.0,Sud. Jonas Mekas,"Trys draugai: Jurgis Mačiūnas, Yoko Ono, John Lennon",,Lietuvių,baltos lankos,,Menas / dokumentika,,,,"Spinta J, 5 niša (Nietzsche, Fluxus)",,A50. Lietuvių XX–XXI a. literatūra,Išeivija,K01350,Lentynoje,,,,,,,,,,,,
1342.0,Ron Chernow,"Titan: The Life of John D. Rockefeller, Sr.",,Anglų,Vintage,1998.0,Biografija,,,679438084.0,"Spinta J, 5 niša (Nietzsche, Fluxus)",pirmojo leidimo duomenys; namų egzemplioriaus leidimas nepatikslintas,E32. Biografijos ir memuarai,Asmenybės ir memuarai,K01352,Lentynoje,,,,,,,,,2026-09-16 17:51:00,g@cool.lt,Paupio 2 aukštas,41.0
1343.0,Tim Parks,Medici Money,,Anglų,Profile,2005.0,Istorija / finansai,,,9780393058277.0,"Spinta J, 5 niša (Nietzsche, Fluxus)",pirmojo leidimo duomenys; namų egzemplioriaus leidimas nepatikslintas (JAV); JK — Profile Books 2005,E31. Istorijos biblioteka,Šalių ir epochų istorijos,K01353,Lentynoje,,,,,,,,,2026-09-16 17:51:00,g@cool.lt,Paupio 2 aukštas,41.0
1344.0,Rokas Subačius,Dramatiškos biografijos,,Lietuvių,Mintis,2005.0,Biografijos,,,5417008877.0,"Spinta J, 6 niša (biografijos, istorija)",keli leidimai (2005 ir 2007),A50. Lietuvių XX–XXI a. literatūra,Šiuolaikinė proza,K01354,Lentynoje,,,,,,,,,2026-09-16 17:51:00,g@cool.lt,Paupio 2 aukštas,42.0
1345.0,,„Fermento“ istorija,,Lietuvių,,,Verslo istorija,,,,"Spinta J, 6 niša (biografijos, istorija)",PATIKSLINTI autorių,E31. Istorijos biblioteka,Šalių ir epochų istorijos,K01355,Lentynoje,,,,,,,,,2026-09-16 17:51:00,g@cool.lt,Paupio 2 aukštas,42.0
1346.0,Vladas Algirdas Bumelis,0.99,,Lietuvių,Tyto alba,2010.0,Biografija / verslas,,,9789986167273.0,"Spinta J, 6 niša (biografijos, istorija)",,E32. Biografijos ir memuarai,Asmenybės ir memuarai,K01356,Lentynoje,,,,,,,,,2026-09-16 17:51:00,g@cool.lt,Paupio 2 aukštas,42.0
1347.0,,Hitleris,,Lietuvių,,,Biografija,,,,"Spinta J, 6 niša (biografijos, istorija)",PATIKSLINTI autorių,E29. XX a. totalitarizmai ir karai,,K01357,Lentynoje,,,,,,,,,2026-09-16 17:51:00,g@cool.lt,Paupio 2 aukštas,42.0
1348.0,Slavoj Žižek,Lenin 2017,,Anglų,Verso,2017.0,Politinė teorija,,,9781786631886.0,"Spinta J, 6 niša (biografijos, istorija)",leidykla Verso,E29. XX a. totalitarizmai ir karai,,K01358,Lentynoje,,,,,,,,,2026-09-16 17:51:00,g@cool.lt,Paupio 2 aukštas,42.0
1349.0,Lee Kuan Yew,One Man's View of the World,,Anglų,Straits Times Press,2013.0,Politika / memuarai,,,9789814342568.0,"Spinta J, 6 niša (biografijos, istorija)",,E32. Biografijos ir memuarai,Valstybininkų biografijos,K01359,Lentynoje,,,,,,,,,2026-09-16 17:51:00,g@cool.lt,Paupio 2 aukštas,42.0
1352.0,,Radvilos / The Radziwills (II tomas),,Lietuvių / anglų,,,Istorija,,,,"Spinta J, 7 niša (Radvilos, sociologija)",,E27. LDK ir Lietuvos istorija,Sintezės ir monografijos,K01362,Lentynoje,,,,,,,,,,,,
1353.0,Marija Gimbutienė,Senoji Europa,The Old Europe,Lietuvių,Mokslo ir enciklopedijų leidybos centras,2022.0,Archeologija / istorija,,,9785420018507.0,"Spinta J, 7 niša (Radvilos, sociologija)",galimi ankstesni leidimai — keli leidimai,D24. Mitologija ir tautosaka,,K01363,Lentynoje,,,,,,,,,2026-09-16 17:51:00,g@cool.lt,Paupio 2 aukštas,47.0
1354.0,Robert J. Brym; John Lie,Sociology: Your Compass for a New World (3rd ed.),,Anglų,Thomson,,Sociologija / vadovėlis,,,,"Spinta J, 7 niša (Radvilos, sociologija)",,"D25. Sociologija, semiotika, antropologija",,K01364,Lentynoje,,,,,,,,,,,,
1355.0,,Lietuvos istorija (senas leidimas),,Lietuvių,,,Istorija,,,,"Spinta J, 7 niša (Radvilos, sociologija)",Labai apiplyšęs tomas; PATIKSLINTI leidimą (galimai A. Šapokos),E27. LDK ir Lietuvos istorija,Sintezės ir monografijos,K01365,Lentynoje,,,,,,,,,,,,
1356.0,,,,,,,,,,,"Spinta J, 7 niša (Radvilos, sociologija)",PATIKSLINTI: dar 2 apiplyšę seni tomai be nugarėlių,"X. Ūkinė zona: žinynai, vadovėliai, periodika",,K01366,Lentynoje,,,,,,,,,,,,
1358.0,Clarissa Pinkola Estés,Bėgančios su vilkais,Women Who Run with the Wolves,Lietuvių,Alma littera,2007.0,Psichologija / mitologija,,,9789955087151.0,"Spinta J, 8 niša (klasika)","paantraštė „Laukinės Moters archetipas mituose ir pasakose"" · keli lietuviški leidimai",D23. Psichologija ir saviugda,Šiuolaikinė psichologija,K01368,Lentynoje,,,,,,,,,2026-09-16 17:51:00,g@cool.lt,Paupio 2 aukštas,45.0
1359.0,Salman Rushdie,The Enchantress of Florence,,Anglų,Jonathan Cape,2008.0,Romanas,,,9780224082433.0,"Spinta J, 8 niša (klasika)",Angliškas leidimas (lietuviškas — Nr. 930),B9. Šiuolaikinė pasaulio proza,Šiuolaikinis pasaulio romanas ★ pora: originalas + vertimas,K01369,Lentynoje,,,,,,,,,2026-09-16 17:51:00,g@cool.lt,Paupio 2 aukštas,45.0
1361.0,David Denby,Great Books,,Anglų,Simon & Schuster,1996.0,Literatūrologija / esė,,,684809753.0,"Spinta J, 8 niša (klasika)",pirmojo leidimo duomenys; namų egzemplioriaus leidimas nepatikslintas,A3. Klasikos kanonas (pagal šalis),Kita klasika ir antologijos,K01371,Lentynoje,,,,,,,,,2026-09-16 17:51:00,g@cool.lt,Paupio 2 aukštas,45.0
1362.0,Françoise Bayle,Orsay: Visitor Guide,,Anglų,Art lys,2002.0,Menas / gidas,,,9782854951998.0,"Spinta J, 8 niša (klasika)",keli gido leidimai/laidos,"H47. Kelionės, atlasai, geografija",Gidai ir atlasai,K01372,Lentynoje,,,,,,,,,2026-09-16 17:51:00,g@cool.lt,Paupio 2 aukštas,45.0
1363.0,Sud. Brian MacArthur,The Penguin Book of Historic Speeches,,Anglų,Penguin,1996.0,Istorija / kalbos,,,140176195.0,"Spinta J, 8 niša (klasika)",sudarė Brian MacArthur,E31. Istorijos biblioteka,Šalių ir epochų istorijos,K01373,Lentynoje,,,,,,,,,2026-09-16 17:51:00,g@cool.lt,Paupio 2 aukštas,45.0
1365.0,V. Hugo,Rinktinė,,Lietuvių,,,Klasika,,,,"Spinta J, 8 niša (klasika)",PATIKSLINTI pavadinimą (siauras tomas prie Bičer-Stou),A3. Klasikos kanonas (pagal šalis),Prancūzų klasika,K01375,Lentynoje,,,,,,,,,,,,
1366.0,Zygmunt Bauman; Leonidas Donskis,Takusis blogis,Liquid Evil,Lietuvių,Versus aureus,2017.0,Sociologija / filosofija,,,9789955346616.0,"Spinta J, 9 niša (sociologija, filosofija)",Apostrofa,"D25. Sociologija, semiotika, antropologija",,K01376,Lentynoje,,,,,,,,,2026-09-16 17:51:00,g@cool.lt,Paupio 2 aukštas,46.0
1367.0,Margaret Mead,Anthropologists and What They Do,,Anglų,F. Watts,1965.0,Antropologija,,,,"Spinta J, 9 niša (sociologija, filosofija)",PATIKSLINTI autorių (galimai Mead),"D25. Sociologija, semiotika, antropologija",,K01377,Lentynoje,,,,,,,,,2026-09-16 17:51:00,g@cool.lt,Paupio 2 aukštas,46.0
1368.0,Zygmunt Bauman; Ezio Mauro,Babel,,Anglų,Polity,2016.0,Sociologija,,,9781509507597.0,"Spinta J, 9 niša (sociologija, filosofija)",Polity · angliškas leidimas; itališkas originalas 2015 (Laterza),"D25. Sociologija, semiotika, antropologija",,K01378,Lentynoje,,,,,,,,,2026-09-16 17:51:00,g@cool.lt,Paupio 2 aukštas,46.0
1369.0,Niall Ferguson,Doom: The Politics of Catastrophe,,Anglų,Penguin,,Istorija / politika,,,,"Spinta J, 9 niša (sociologija, filosofija)",,E31. Istorijos biblioteka,Šalių ir epochų istorijos,K01379,Lentynoje,,,,,,,,,,,,
1370.0,Umberto Eco,Rinktinė (ALK leidimas),,Lietuvių,ALK,,Esė / semiotika,,,,"Spinta J, 9 niša (sociologija, filosofija)",PATIKSLINTI pavadinimą,B9. Šiuolaikinė pasaulio proza,Šiuolaikinis pasaulio romanas,K01380,Lentynoje,,,,,,,,,,,,
1371.0,Jean Baudrillard,Screened Out,,Anglų,Verso,2002.0,Filosofija / medijos,,,1859846602.0,"Spinta J, 9 niša (sociologija, filosofija)",Verso · pirmojo leidimo duomenys; namų egzemplioriaus leidimas nepatikslintas,"D25. Sociologija, semiotika, antropologija",,K01381,Lentynoje,,,,,,,,,2026-09-16 17:51:00,g@cool.lt,Paupio 2 aukštas,46.0
1372.0,P. D. Ouspensky,The Fourth Way,,Anglų,Vintage,,Ezoterika / filosofija,,,,"Spinta J, 9 niša (sociologija, filosofija)",Vintage · daug leidimų (pirmas 1957 m.) — konkretus nenustatytas,D22. Rytų praktikos ir ezoterika,Ezoterika ir praktikos,K01382,Lentynoje,,,,,,,,,2026-09-16 17:51:00,g@cool.lt,Paupio 2 aukštas,46.0
1373.0,Dalia Zabielaitė,Nuo Prousto iki Beigbederio,,Lietuvių,,,Literatūrologija,,,,"Spinta J, 9 niša (sociologija, filosofija)",PATIKSLINTI autorių,A3. Klasikos kanonas (pagal šalis),Kita klasika ir antologijos,K01383,Lentynoje,,,,,,,,,2026-09-16 17:51:00,g@cool.lt,Paupio 2 aukštas,46.0
1374.0,Gerardo Bartolomé,Darwin's Betrayal,,Anglų,,,Istorinis romanas,,,,"Spinta J, 9 niša (sociologija, filosofija)",patikimo leidimo įrašo rasti nepavyko,A3. Klasikos kanonas (pagal šalis),Kita klasika ir antologijos,K01384,Lentynoje,,,,,,,,,2026-09-16 17:51:00,g@cool.lt,Paupio 2 aukštas,46.0
1375.0,,Sodininkystės knygų kolekcija (~22 tomai),,Lietuvių / anglų / rusų,"DK, RHS, Reader's Digest ir kt.",,Sodininkystė,,,,"Spinta J, 10 niša (sodininkystė, mišri)","„Mano žolelių darželis“, „Balkonai ir terasos“ (U. Braun-Bernhart), „Buksmedis“, „Uksminigi sodai“, „Alergijos nesukeliantis sodas“ (2 t.), „Mažasis sodas“, „How to Garden: Growing Roses“ (A. Titchmarsh), „RHS Plants for Shade“, „RHS Clematis and Climbers“, „О 100 лучших садовых цветах“, „Палитра сада“ (Сью Фишер), „Дизайн вашего сада“, „Naujasis kambarinių augalų priežiūros vadovas“, „Propagating Plants“ (DK), „Gėlių knyga“ (H. Heitz), „Lengvai prižiūrimas sodas“ (Reader's Digest), „Vasarą žydinčių gėlių enciklopedija“ (N. Vermeulen), „Vaistinė jūsų virtuvėje“, „Цветники“ (Т. Койсман), „Обрезка растений“ ir kt.",H45. Sodininkystė ir augalai,,K01385,Lentynoje,,,,,,,,,,,,
1376.0,Aurelijus Augustinas,Išpažinimai,Confessiones,Lietuvių,,,Filosofija / teologija,,,,"Spinta J, 10 niša (sodininkystė, mišri)",Lietuviškas leidimas (rusiškas — Nr. 241),D21. Religijotyra ir šventraščiai,Krikščionybė ir religijotyra ★ pora: originalas + vertimas,K01386,Lentynoje,,,,,,,,,2026-09-16 17:51:00,g@cool.lt,Paupio 2 aukštas,53.0
1378.0,Stasys Samalavičius,Rinktinė (IV tomas),,Lietuvių,Briedis (?),,Istorija,,,,"Spinta J, 10 niša (sodininkystė, mišri)",PATIKSLINTI,E31. Istorijos biblioteka,Šalių ir epochų istorijos,K01388,Lentynoje,,,,,,,,,,,,
1379.0,Сью Филлер,Палитра сада (?),,Rusų,,,Sodininkystė,,,,"Spinta J, 10 niša (sodininkystė, mišri)",PATIKSLINTI,H45. Sodininkystė ir augalai,,K01389,Lentynoje,,,,,,,,,2026-09-16 17:51:00,g@cool.lt,Paupio 2 aukštas,54.0
1380.0,,Doktor Faust und andere Teufelsbündner,,Vokiečių,,,Klasika / legendos,,,,"Spinta J, 11 niša (senoji klasika, vokiečių)","gotiškas šriftas, autoriaus ant nugarėlės nėra · leidinio identifikuoti nepavyko",A5. Vokiškoji lentyna (originalo k.),,K01390,Lentynoje,,,,,,,,,2026-09-16 17:51:00,g@cool.lt,Paupio 2 aukštas,43.0
1381.0,,Border Ballads,,Anglų,,,Poezija / baladės,,,,"Spinta J, 11 niša (senoji klasika, vokiečių)","senas auksuotas įrišimas · keli skirtingi leidiniai tokiu pavadinimu (James Reed 1973, Swinburne ir kt.) — konkretus nenustatytas",A3. Klasikos kanonas (pagal šalis),Kita klasika ir antologijos,K01391,Lentynoje,,,,,,,,,2026-09-16 17:51:00,g@cool.lt,Paupio 2 aukštas,43.0
1382.0,R. B. Parkinson,The Tale of Sinuhe and Other Ancient Egyptian Poems 1940–1640 BC,,Anglų,Oxford University Press,1997.0,Antikos literatūra,Oxford World's Classics,,198149638.0,"Spinta J, 11 niša (senoji klasika, vokiečių)","Oxford · keli leidimai (1997, 1999, 2009 Oxford World's Classics)",A1. Antikos literatūra ir istorikai,,K01392,Lentynoje,,,,,,,,,2026-09-16 17:51:00,g@cool.lt,Paupio 2 aukštas,43.0
1383.0,Konfucijus,Rinktinė (mažas tomelis),,Lietuvių,,,Filosofija,,,,"Spinta J, 11 niša (senoji klasika, vokiečių)",PATIKSLINTI (gali sutapti su Nr. 191),D22. Rytų praktikos ir ezoterika,Dzen ir Rytų klasika ★ pora: originalas + vertimas,K01393,Lentynoje,,,,,,,,,,,,
1384.0,Thomas Bulfinch,Legends of Charlemagne,,Anglų,,,Legendos / mitologija,,,,"Spinta J, 11 niša (senoji klasika, vokiečių)",daug leidimų (pirmas 1863 m.) — konkretus nenustatytas,D24. Mitologija ir tautosaka,,K01394,Lentynoje,,,,,,,,,2026-09-16 17:51:00,g@cool.lt,Paupio 2 aukštas,43.0
1385.0,Sofoklis,Tragedijos,,Lietuvių,Vaga,1984.0,Dramaturgija,,,,"Spinta J, 11 niša (senoji klasika, vokiečių)",I tomas · keli lietuviški leidimai; ISBN nesuteiktas,A1. Antikos literatūra ir istorikai,,K01395,Lentynoje,,,,,,,,,2026-09-16 17:51:00,g@cool.lt,Paupio 2 aukštas,43.0
1386.0,Friedrich Hölderlin,Gedichte. Hyperion. Briefe,,Vokiečių,BDW,,Poezija / proza,,,,"Spinta J, 11 niša (senoji klasika, vokiečių)",BDW · daug vokiškų rinktinių — konkretus nenustatytas,A5. Vokiškoji lentyna (originalo k.),,K01396,Lentynoje,,,,,,,,,2026-09-16 17:51:00,g@cool.lt,Paupio 2 aukštas,43.0
1387.0,Friedrich Hölderlin,Hyperion / Empedokles,,Vokiečių,Reclam,,Proza / drama,Universal-Bibliothek,,,"Spinta J, 11 niša (senoji klasika, vokiečių)",Nr. 559,A5. Vokiškoji lentyna (originalo k.),,K01397,Lentynoje,,,,,,,,,2026-09-17 15:21:00,g@cool.lt,Paupio 2 aukštas,43.0
1389.0,,,,,,,,,,,"Spinta J, 11 niša (senoji klasika, vokiečių)","PATIKSLINTI: dar keli smulkūs tomeliai (V. Hugo, Emily Brontë (?), žali/mėlyni) — nugarėlės iš dalies matomos","X. Ūkinė zona: žinynai, vadovėliai, periodika",,K01399,Lentynoje,,,,,,,,,,,,
1394.0,Kelly Grovier,A New Way of Seeing,,Anglų,Thames & Hudson,,Menotyra,,,,"Spinta J, 12 niša (dailės albumai)",patikimo leidimo įrašo rasti nepavyko,"H48. Menas, kalbos, pomėgiai",Pasaulio dailės albumai,K01404,Lentynoje,,,,,,,,,2026-09-16 17:51:00,g@cool.lt,Paupio 2 aukštas,44.0
1395.0,Walter Isaacson,Leonardo da Vinci,,Anglų,Simon & Schuster,2017.0,Biografija,,,9781501139154.0,"Spinta J, 12 niša (dailės albumai)",pirmojo leidimo duomenys; namų egzemplioriaus leidimas nepatikslintas,E32. Biografijos ir memuarai,Asmenybės ir memuarai,K01405,Lentynoje,,,,,,,,,2026-09-16 17:51:00,g@cool.lt,Paupio 2 aukštas,44.0
1398.0,Leonardo da Vinci,Da Vinčio užrašai,,Lietuvių,Jotema,2006.0,Dailė / užrašai,,,9789955131014.0,"Spinta J, 12 niša (dailės albumai)",Gali sutapti su Nr. 909 (angliški „Notebooks“),"H48. Menas, kalbos, pomėgiai",Pasaulio dailės albumai,K01408,Lentynoje,,,,,,,,,2026-09-16 17:51:00,g@cool.lt,Paupio 2 aukštas,44.0
1401.0,Giovanni Boccaccio,Decameron,,Italų,BUR Rizzoli,,Klasika,,,,"Spinta J, 13 niša (pasaulio klasika)","BUR, italų k. · daug leidimų; konkretus leidimas neidentifikuotas; kataloge pavadinimas ne lietuviškas, tad leidimas užsienio kalba",A3. Klasikos kanonas (pagal šalis),Italų ir ispanų klasika,K01411,Lentynoje,,,,,,,,,2026-09-16 17:51:00,g@cool.lt,Paupio 2 aukštas,48.0
1402.0,Dante Alighieri,Divina Commedia,,Italų,Newton Compton,,Poema,,,,"Spinta J, 13 niša (pasaulio klasika)",Itališkas leidimas (lietuviškas — Nr. 60),A3. Klasikos kanonas (pagal šalis),Italų ir ispanų klasika,K01412,Lentynoje,,,,,,,,,2026-09-16 17:51:00,g@cool.lt,Paupio 2 aukštas,48.0
1403.0,Michel de Montaigne,Esė,Essais,Lietuvių,Tyto alba,2011.0,Esė / filosofija,,,9789986168317.0,"Spinta J, 13 niša (pasaulio klasika)",,A3. Klasikos kanonas (pagal šalis),Kita klasika ir antologijos,K01413,Lentynoje,,,,,,,,,2026-09-16 17:51:00,g@cool.lt,Paupio 2 aukštas,48.0
1404.0,Miguel de Cervantes,Don Kichotas (II tomas),Don Quijote,Lietuvių,Tyto alba (?),,Klasika,,,,"Spinta J, 13 niša (pasaulio klasika)",II tomas (I tomas — Nr. 1360),A3. Klasikos kanonas (pagal šalis),Italų ir ispanų klasika,K01414,Lentynoje,,,,,,,,,,,,
1405.0,Vladas Drėma,Raštai / albumai (2 tomai),,Lietuvių,,,Dailėtyra,,,,"Spinta J, 13 niša (pasaulio klasika)",PATIKSLINTI pavadinimus (gali sietis su Nr. 582),"H48. Menas, kalbos, pomėgiai",Lietuvių dailė,K01415,Lentynoje,,,,,,,,,,,,
1406.0,Tomas Venclova,Vilniaus vardai,,Lietuvių,R. Paknio leidykla,2006.0,Istorija / biografijos,,,9789986830962.0,"Spinta J, 13 niša (pasaulio klasika)",,E28. Vilniaus biblioteka,,K01416,Lentynoje,,,,,,,,,2026-09-16 17:51:00,g@cool.lt,Paupio 2 aukštas,48.0
1407.0,William Shakespeare,The Illustrated Stratford Shakespeare,,Anglų,Chancellor Press,,Klasika / raštai,,,,"Spinta J, 13 niša (pasaulio klasika)","Visos 37 pjesės, 160 sonetų",A3. Klasikos kanonas (pagal šalis),Anglų klasika,K01417,Lentynoje,,,,,,,,,2026-09-16 17:51:00,g@cool.lt,Paupio 2 aukštas,48.0
1408.0,Homeras,Iliada,Ἰλιάς,Lietuvių,Vaga,,Epinė poema,,,,"Spinta J, 13 niša (pasaulio klasika)","keli lietuviški Vagos leidimai (1981 PLB, 2007) – metai nenustatyti",A1. Antikos literatūra ir istorikai,,K01418,Lentynoje,,,,,,,,,2026-09-16 17:51:00,g@cool.lt,Paupio 2 aukštas,48.0
1409.0,Ovidijus,Rinktinė,,Lietuvių,,,Poezija,,,,"Spinta J, 13 niša (pasaulio klasika)",PATIKSLINTI pavadinimą (mėlynas apiplyšęs tomas),A1. Antikos literatūra ir istorikai,,K01419,Lentynoje,,,,,,,,,,,,
1410.0,Aristofanas,Paukščiai,Ὄρνιθες,Lietuvių,Klasikų asociacija,2013.0,Komedija,,,9786099558103.0,"Spinta J, 13 niša (pasaulio klasika)",vertė Jonas Dumčius,A1. Antikos literatūra ir istorikai,,K01420,Lentynoje,,,,,,,,,2026-09-16 17:51:00,g@cool.lt,Paupio 2 aukštas,48.0
1411.0,Gediminas Vaitkevičius,Vilniaus įkūrimas,,Lietuvių,LNM,2010.0,Istorija / archeologija,,,9786098039061.0,"Spinta J, 14 niša (Vilnius, miestai)",,E28. Vilniaus biblioteka,,K01421,Lentynoje,,,,,,,,,2026-09-16 17:51:00,g@cool.lt,Paupio 2 aukštas,49.0
1412.0,Margarita Matulytė,Czesławo Miłoszo Vilnius,,Lietuvių,Apostrofa,2012.0,Eseistika / istorija,,,9789955605713.0,"Spinta J, 14 niša (Vilnius, miestai)",,A3. Klasikos kanonas (pagal šalis),Kita klasika ir antologijos,K01422,Lentynoje,,,,,,,,,2026-09-16 17:51:00,g@cool.lt,Paupio 2 aukštas,49.0
1414.0,Betzalel Landau,The Vilna Gaon,,Anglų,Landau (?),1994.0,Istorija / religija,,,9780899064420.0,"Spinta J, 14 niša (Vilnius, miestai)",,D21. Religijotyra ir šventraščiai,Krikščionybė ir religijotyra,K01424,Lentynoje,,,,,,,,,2026-09-16 17:51:00,g@cool.lt,Paupio 2 aukštas,49.0
1415.0,Jurgis Vanagas,"Antakalnis: kilmė, raida, žmonės",,Lietuvių,,2018.0,Istorija / kraštotyra,,,,"Spinta J, 14 niša (Vilnius, miestai)",leidyklos ir ISBN rasti nepavyko,E31. Istorijos biblioteka,Šalių ir epochų istorijos,K01425,Lentynoje,,,,,,,,,2026-09-16 17:51:00,g@cool.lt,Paupio 2 aukštas,49.0
1416.0,Jurgis Vanagas,Primirštas Antakalnis,,Lietuvių,,2015.0,Istorija / kraštotyra,,,9786098089455.0,"Spinta J, 14 niša (Vilnius, miestai)",VLE nurodo ir 2016 m. leidimą,E31. Istorijos biblioteka,Šalių ir epochų istorijos,K01426,Lentynoje,,,,,,,,,2026-09-16 17:51:00,g@cool.lt,Paupio 2 aukštas,49.0
1417.0,,Vilnius: Traces of the Jerusalem of Lithuania,,Anglų,Balto,,Istorija / gidas,,,,"Spinta J, 14 niša (Vilnius, miestai)",leidinio rasti nepavyko,E28. Vilniaus biblioteka,,K01427,Lentynoje,,,,,,,,,2026-09-16 17:51:00,g@cool.lt,Paupio 2 aukštas,49.0
1418.0,Gabija Lunevičiūtė,Vilniaus atminties punktyrai,,Lietuvių,BALTO leidybos namai,2020.0,Istorija / atmintis,,,9786094870217.0,"Spinta J, 14 niša (Vilnius, miestai)",,E28. Vilniaus biblioteka,,K01428,Lentynoje,,,,,,,,,2026-09-16 17:51:00,g@cool.lt,Paupio 2 aukštas,49.0
1421.0,Tomas Venclova,Vilnius: asmeninė istorija,,Lietuvių,R. Paknio leidykla,2011.0,Eseistika / istorija,,,9789955736356.0,"Spinta J, 14 niša (Vilnius, miestai)",Gali sietis su Nr. 900 (angliškas leidimas),A3. Klasikos kanonas (pagal šalis),Kita klasika ir antologijos ★ pora: originalas + vertimas,K01431,Lentynoje,,,,,,,,,2026-09-16 17:51:00,g@cool.lt,Paupio 2 aukštas,49.0
1422.0,,Vilnius (geltonas gidas),,Lietuvių,,,Gidas,,,,"Spinta J, 14 niša (Vilnius, miestai)",PATIKSLINTI,E28. Vilniaus biblioteka,,K01432,Lentynoje,,,,,,,,,,,,
1423.0,Ric Burns; James Sanders; Lisa Ades,New York: An Illustrated History,,Anglų,Knopf,,Istorija / albumas,,,,"Spinta J, 14 niša (Vilnius, miestai)","keli leidimai (1999, 2003, 2021) – metai nenustatyti",E31. Istorijos biblioteka,Šalių ir epochų istorijos,K01433,Lentynoje,,,,,,,,,2026-09-16 17:51:00,g@cool.lt,Paupio 2 aukštas,49.0
1426.0,Rainer Zerbst,Gaudí: The Complete Works,,Anglų,Taschen,,Architektūra / albumas,,,,"Spinta J, 14 niša (Vilnius, miestai)",Taschen 40 serija,"H48. Menas, kalbos, pomėgiai",Architektūra ir miestai,K01436,Lentynoje,,,,,,,,,2026-09-16 17:51:00,g@cool.lt,Paupio 2 aukštas,49.0
1427.0,,Vilniaus menas,,Lietuvių,,,Menotyra,,,,"Spinta J, 14 niša (Vilnius, miestai)",Padėta gulsčiai dešinėje,E28. Vilniaus biblioteka,,K01437,Lentynoje,,,,,,,,,2026-09-16 17:51:00,g@cool.lt,Paupio 2 aukštas,49.0
1428.0,Lao Tzu,Tao Te Ching,道德經,Anglų,,,Filosofija / religija,,,,"Spinta J, 15 niša (religijotyra)",guli plokščiai ant knygų · daug leidimų; konkretus leidimas neidentifikuotas,D22. Rytų praktikos ir ezoterika,Dzen ir Rytų klasika,K01438,Lentynoje,,,,,,,,,2026-09-16 17:51:00,g@cool.lt,Paupio 2 aukštas,50.0
1429.0,,Sayings of the Buddha,,Anglų,Oxford University Press,,Religija,Oxford World's Classics,,,"Spinta J, 15 niša (religijotyra)","Oxford, guli plokščiai · galimi bent du skirtingi leidiniai (R. Gethin, OUP 2008; W. Wray, Barnes & Noble 2004) – neidentifikuota",D21. Religijotyra ir šventraščiai,Krikščionybė ir religijotyra,K01439,Lentynoje,,,,,,,,,2026-09-16 17:51:00,g@cool.lt,Paupio 2 aukštas,50.0
1430.0,Kirilas Privalovas (Кирилл Привалов),Секты: досье страха,,Rusų,,,Religijotyra,,,,"Spinta J, 15 niša (religijotyra)",,D21. Religijotyra ir šventraščiai,Krikščionybė ir religijotyra,K01440,Lentynoje,,,,,,,,,,,,
1432.0,Ernest Gellner,"Postmodernizmas, protas ir religija","Postmodernism, Reason and Religion",Lietuvių,ALK,1993.0,Filosofija / religijotyra,,,9986405068.0,"Spinta J, 15 niša (religijotyra)",,D21. Religijotyra ir šventraščiai,Krikščionybė ir religijotyra,K01442,Lentynoje,,,,,,,,,2026-09-16 17:51:00,g@cool.lt,Paupio 2 aukštas,50.0
1433.0,G. P. Aksionovas (Г. П. Аксенов),От христианства до ноосферы,,Rusų,,,Religijotyra / filosofija,,,,"Spinta J, 15 niša (religijotyra)",PATIKSLINTI,D21. Religijotyra ir šventraščiai,Krikščionybė ir religijotyra,K01443,Lentynoje,,,,,,,,,,,,
1437.0,,Krikščioniškasis mokymas,,Lietuvių,Naujasis Židinys-Aidai,,Religija,,,,"Spinta J, 15 niša (religijotyra)",nepavyko patikimai identifikuoti (galimai Aurelijaus Augustino „Krikščioniškasis mokymas“),D21. Religijotyra ir šventraščiai,Krikščionybė ir religijotyra,K01447,Lentynoje,,,,,,,,,2026-09-16 17:51:00,g@cool.lt,Paupio 2 aukštas,50.0
1438.0,Robert Wright,The Evolution of God,,Anglų,Back Bay Books,2009.0,Religijotyra,,,9780316734912.0,"Spinta J, 15 niša (religijotyra)",,D21. Religijotyra ir šventraščiai,Krikščionybė ir religijotyra,K01448,Lentynoje,,,,,,,,,2026-09-16 17:51:00,g@cool.lt,Paupio 2 aukštas,50.0
1440.0,"Giorgio Montefoschi, Hanna Nikstein","Vienas Dievas, trys tiesos",,Lietuvių,,,Religijotyra,,,,"Spinta J, 15 niša (religijotyra)",PATIKSLINTI autorių,D21. Religijotyra ir šventraščiai,Krikščionybė ir religijotyra,K01450,Lentynoje,,,,,,,,,2026-09-16 17:51:00,g@cool.lt,Paupio 2 aukštas,50.0
1441.0,Jack Miles,God: A Biography,,Anglų,Vintage,,Religijotyra,,,,"Spinta J, 15 niša (religijotyra)","keli leidimai (1995 Knopf, 1996 Vintage) – neidentifikuota",D21. Religijotyra ir šventraščiai,Krikščionybė ir religijotyra,K01451,Lentynoje,,,,,,,,,2026-09-16 17:51:00,g@cool.lt,Paupio 2 aukštas,50.0
1443.0,Ilan Pappe,10 mitų apie Izraelį,Ten Myths About Israel,Lietuvių,,,Istorija / politika,,,,"Spinta J, 15 niša (religijotyra)",lietuviško leidimo duomenų rasti nepavyko,E31. Istorijos biblioteka,Šalių ir epochų istorijos,K01453,Lentynoje,,,,,,,,,2026-09-16 17:51:00,g@cool.lt,Paupio 2 aukštas,50.0
1444.0,Beatrice Bruteau (sud.),Jesus Through Jewish Eyes,,Anglų,Orbis,,Religijotyra / judaika,,,,"Spinta J, 15 niša (religijotyra)",Orbis · leidinio rasti nepavyko,D21. Religijotyra ir šventraščiai,Judaika,K01454,Lentynoje,,,,,,,,,2026-09-16 17:51:00,g@cool.lt,Paupio 2 aukštas,50.0
1445.0,Morris Goldstein,Jesus in the Jewish Tradition,,Anglų,Macmillan,1950.0,Religijotyra / judaika,,,,"Spinta J, 15 niša (religijotyra)",PATIKSLINTI (Goldstein?),D21. Religijotyra ir šventraščiai,Judaika,K01455,Lentynoje,,,,,,,,,2026-09-16 17:51:00,g@cool.lt,Paupio 2 aukštas,50.0
1447.0,R. G. Price,Deciphering the Gospels,,Anglų,Lulu Publishing Services,2018.0,Religijotyra,,,,"Spinta J, 15 niša (religijotyra)","pakrypusi knyga · kietas ir minkštas viršelis – du ISBN, konkretus nenustatytas",D21. Religijotyra ir šventraščiai,Krikščionybė ir religijotyra,K01457,Lentynoje,,,,,,,,,2026-09-16 17:51:00,g@cool.lt,Paupio 2 aukštas,50.0
1449.0,Konfucijus,Pašnekesiai,論語,Lietuvių,Tyto alba,,Filosofija,,,,"Spinta J, 16 niša (Rytų religijos)","greičiausiai „Apmąstymai ir pašnekesiai“; keli leidimai (Pradai 1994, Vaga 2022) – neidentifikuota",D22. Rytų praktikos ir ezoterika,Dzen ir Rytų klasika,K01459,Lentynoje,,,,,,,,,2026-09-16 17:51:00,g@cool.lt,Paupio 2 aukštas,51.0
1450.0,Swami Vivekananda,Selections from the Complete Works of Swami Vivekananda,,Anglų,Advaita Ashrama,2001.0,Religija / hinduizmas,,,9788185301600.0,"Spinta J, 16 niša (Rytų religijos)",leidinys turi daug perspaudų,D22. Rytų praktikos ir ezoterika,Ezoterika ir praktikos,K01460,Lentynoje,,,,,,,,,2026-09-16 17:51:00,g@cool.lt,Paupio 2 aukštas,51.0
1451.0,Bernhard Moestl,Šaolinas,Shaolin,Lietuvių,,,Rytų filosofija,,,,"Spinta J, 16 niša (Rytų religijos)",,D22. Rytų praktikos ir ezoterika,Ezoterika ir praktikos,K01461,Lentynoje,,,,,,,,,,,,
1453.0,Jamada Mumonas Rošis,Dešimt jaučio ganymo paveikslėlių,,Lietuvių,,,Dzenbudizmas,,,,"Spinta J, 16 niša (Rytų religijos)",leidinio rasti nepavyko,D22. Rytų praktikos ir ezoterika,Dzen ir Rytų klasika,K01463,Lentynoje,,,,,,,,,2026-09-16 17:51:00,g@cool.lt,Paupio 2 aukštas,51.0
1455.0,Elena Kurklietytė; Vytautas Bubnys,Slaptingoji prema,,Lietuvių,Santara,2001.0,Dvasingumas / kelionės,,,9789986868187.0,"Spinta J, 16 niša (Rytų religijos)",geraknyga.lt nurodo 2000 m. – galimas kitas leidimas,D22. Rytų praktikos ir ezoterika,Ezoterika ir praktikos,K01465,Lentynoje,,,,,,,,,2026-09-16 17:51:00,g@cool.lt,Paupio 2 aukštas,51.0
1456.0,Šunriu Sudzukis (Сюнрю Судзуки),Rinktinė (dzen),"Zen Mind, Beginner's Mind (?)",Rusų,,,Dzenbudizmas,,,,"Spinta J, 16 niša (Rytų religijos)",PATIKSLINTI pavadinimą,D22. Rytų praktikos ir ezoterika,Dzen ir Rytų klasika,K01466,Lentynoje,,,,,,,,,,,,
1459.0,,Махабхарата: книга о Карне,,Rusų,,,Epas / hinduizmas,,,,"Spinta J, 16 niša (Rytų religijos)",leidinio rasti nepavyko,D21. Religijotyra ir šventraščiai,Rytų religijos,K01469,Lentynoje,,,,,,,,,2026-09-16 17:51:00,g@cool.lt,Paupio 2 aukštas,51.0
1461.0,,The Bhagavad Gita,,Anglų,Oxford (?),,Religija / hinduizmas,,,,"Spinta J, 16 niša (Rytų religijos)",Oxford · daug leidimų; konkretus leidimas neidentifikuotas,D21. Religijotyra ir šventraščiai,Šventraščiai,K01471,Lentynoje,,,,,,,,,2026-09-16 17:51:00,g@cool.lt,Paupio 2 aukštas,51.0
1462.0,,Коран,,Rusų,,,Religija / islamas,,,,"Spinta J, 16 niša (Rytų religijos)",Rusiškas vertimas (lietuviškas — Nr. 924),D21. Religijotyra ir šventraščiai,Šventraščiai ★ pora: originalas + vertimas,K01472,Lentynoje,,,,,,,,,2026-09-16 17:51:00,g@cool.lt,Paupio 2 aukštas,51.0
1463.0,,The Meanings of the Qur'an in English,,Anglų,,,Religija / islamas,,,,"Spinta J, 16 niša (Rytų religijos)","OpenLibrary įrašas be metų, leidyklos ir ISBN",D21. Religijotyra ir šventraščiai,Islamas,K01473,Lentynoje,,,,,,,,,2026-09-16 17:51:00,g@cool.lt,Paupio 2 aukštas,51.0
1464.0,Reza Aslan,No God but God,,Anglų,Random House,,Religijotyra / islamas,,,,"Spinta J, 16 niša (Rytų religijos)",keli leidimai (2005; 2006 papildytas) – metai nenustatyti,D21. Religijotyra ir šventraščiai,Islamas,K01474,Lentynoje,,,,,,,,,2026-09-16 17:51:00,g@cool.lt,Paupio 2 aukštas,51.0
1465.0,Tom Holland,Persian Fire,,Anglų,Abacus,,Istorija,,,,"Spinta J, 16 niša (Rytų religijos)",13 leidimų (2005–2021) – neidentifikuota,E26. Antikos ir viduramžių istorija,,K01475,Lentynoje,,,,,,,,,2026-09-16 17:51:00,g@cool.lt,Paupio 2 aukštas,51.0
1467.0,Algimantas Kutas (?),Kuksando,,Lietuvių,,,Rytų praktikos / sveikata,,,,"Spinta J, 16 niša (Rytų religijos)",PATIKSLINTI autorių,D22. Rytų praktikos ir ezoterika,Ezoterika ir praktikos,K01477,Lentynoje,,,,,,,,,,,,
1468.0,Albertas Vijūkas-Kojelavičius,Lietuvos istorija (senasis leidimas),,Lietuvių,,,Istorija,,,,"Spinta J, 17 lentyna (Lietuvos istoriografija)",Gali sutapti su Nr. 538,E27. LDK ir Lietuvos istorija,Sintezės ir monografijos,K01478,Lentynoje,,,,,,,,,,,,
1469.0,Stasys Samalavičius,An Outline of Lithuanian History,,Anglų,Diemedis,1995.0,Istorija,,,9789986230175.0,"Spinta J, 17 lentyna (Lietuvos istoriografija)",,E31. Istorijos biblioteka,Šalių ir epochų istorijos,K01479,Lentynoje,,,,,,,,,2026-09-16 17:51:00,g@cool.lt,Paupio 2 aukštas,52.0
1472.0,Mečislovas Jučas,Lietuvos Didžioji Kunigaikštystė,,Lietuvių,,,Istorija,,,,"Spinta J, 17 lentyna (Lietuvos istoriografija)",M. Jučo leidinio duomenų patvirtinti nepavyko,E27. LDK ir Lietuvos istorija,Sintezės ir monografijos,K01482,Lentynoje,,,,,,,,,2026-09-16 17:51:00,g@cool.lt,Paupio 2 aukštas,52.0
1473.0,Tomas Venclova,Lietuvos istorija visiems (I tomas),,Lietuvių,R. Paknio leidykla,2018.0,Istorija,,,9789955736783.0,"Spinta J, 17 lentyna (Lietuvos istoriografija)",,E27. LDK ir Lietuvos istorija,Sintezės ir monografijos,K01483,Lentynoje,,,,,,,,,2026-09-16 17:51:00,g@cool.lt,Paupio 2 aukštas,52.0
1474.0,Tomas Venclova,Lietuvos istorija visiems (II tomas),,Lietuvių,R. Paknio leidykla,2019.0,Istorija,,,9789955736813.0,"Spinta J, 17 lentyna (Lietuvos istoriografija)",,E27. LDK ir Lietuvos istorija,Sintezės ir monografijos,K01484,Lentynoje,,,,,,,,,2026-09-16 17:51:00,g@cool.lt,Paupio 2 aukštas,52.0
1476.0,Romualdas Granauskas,Lietuvos įdomybės / „Lietuvos žinioms“ 100 metų,,Lietuvių,Lietuvos žinios,2009.0,Publicistika,,,9789986837022.0,"Spinta J, 17 lentyna (Lietuvos istoriografija)",PATIKSLINTI,A50. Lietuvių XX–XXI a. literatūra,Sovietmečio karta,K01486,Lentynoje,,,,,,,,,2026-09-16 17:51:00,g@cool.lt,Paupio 2 aukštas,52.0
1477.0,Zenonas Norkus,Istorika,,Lietuvių,Aidai,1996.0,Istoriografija,,,9789986514121.0,"Spinta J, 17 lentyna (Lietuvos istoriografija)",,E31. Istorijos biblioteka,Istoriografijos teorija,K01487,Lentynoje,,,,,,,,,2026-09-16 17:51:00,g@cool.lt,Paupio 2 aukštas,52.0
1478.0,Peter Dinzelbacher (sud.),Europos mentaliteto istorija,,Lietuvių,Aidai,1998.0,Istorija,,,,"Spinta J, 17 lentyna (Lietuvos istoriografija)",Aidai,E31. Istorijos biblioteka,Šalių ir epochų istorijos,K01488,Lentynoje,,,,,,,,,2026-09-16 17:51:00,g@cool.lt,Paupio 2 aukštas,52.0
1479.0,Zenonas Norkus,Nepasiskelbusioji imperija,,Lietuvių,Aidai,2009.0,Istorija,,,9789955656739.0,"Spinta J, 17 lentyna (Lietuvos istoriografija)",Aidai,E31. Istorijos biblioteka,Istoriografijos teorija,K01489,Lentynoje,,,,,,,,,2026-09-16 17:51:00,g@cool.lt,Paupio 2 aukštas,52.0
1480.0,Jörn Rüsen,Istorika,,Lietuvių,ALK / Margi raštai,,Istoriografija,,,,"Spinta J, 17 lentyna (Lietuvos istoriografija)",ALK · J. Rüseno lietuviško leidimo duomenų rasti nepavyko (nepainioti su Z. Norkaus „Istorika“),E31. Istorijos biblioteka,Istoriografijos teorija,K01490,Lentynoje,,,,,,,,,2026-09-16 17:51:00,g@cool.lt,Paupio 2 aukštas,52.0
1481.0,Edvardas Gudavičius,Lietuvos istorija (I tomas): nuo seniausių laikų iki 1569 metų,,Lietuvių,,,Istorija,,,,"Spinta J, 17 lentyna (Lietuvos istoriografija)",,E27. LDK ir Lietuvos istorija,Sintezės ir monografijos,K01491,Lentynoje,,,,,,,,,,,,
1482.0,Johan Huizinga,Viduramžių ruduo,Herfsttij der Middeleeuwen,Lietuvių,ALK,1996.0,Kultūros istorija,,,,"Spinta J, 17 lentyna (Lietuvos istoriografija)",ALK · serija „Atviros Lietuvos knyga“; yra ir 2023 m. Aukso žuvų leidimas,E26. Antikos ir viduramžių istorija,,K01492,Lentynoje,,,,,,,,,2026-09-16 17:51:00,g@cool.lt,Paupio 2 aukštas,52.0
1483.0,,Regni Poloniae Magnique Ducatus Lithuaniae... (faksimilė),,Lotynų,,,Istorija / kartografija,,,,"Spinta J, 17 lentyna (Lietuvos istoriografija)",Senas žemėlapių/istorijos leidimas. PATIKSLINTI,E31. Istorijos biblioteka,Šalių ir epochų istorijos,K01493,Lentynoje,,,,,,,,,,,,
1485.0,Bronius Genzelis,Kultūrų sąveika,,Lietuvių,Mintis,1989.0,Kultūrologija,,,5417003751.0,"Spinta J, 18 lentyna (kultūros istorija)",,"D25. Sociologija, semiotika, antropologija",,K01495,Lentynoje,,,,,,,,,2026-09-16 17:51:00,g@cool.lt,Paupio 2 aukštas,53.0
1487.0,,Religijos filosofija,,Lietuvių,Aidai,,Filosofija,,,,"Spinta J, 18 lentyna (kultūros istorija)",PATIKSLINTI autorių,D19. Filosofijos klasika,Antika–Apšvieta,K01497,Lentynoje,,,,,,,,,2026-09-16 17:51:00,g@cool.lt,Paupio 2 aukštas,53.0
1490.0,Leonas Karsavinas,Europos kultūros istorija (2 tomas),,Lietuvių,,,Kultūros istorija,,,,"Spinta J, 18 lentyna (kultūros istorija)",,E31. Istorijos biblioteka,Kultūros istorija,K01500,Lentynoje,,,,,,,,,,,,
1491.0,Leonas Karsavinas,Europos kultūros istorija (3 tomas),,Lietuvių,,,Kultūros istorija,,,,"Spinta J, 18 lentyna (kultūros istorija)",Gali sutapti su Nr. 491 (kitas tomas/leidimas),E31. Istorijos biblioteka,Kultūros istorija,K01501,Lentynoje,,,,,,,,,,,,
1492.0,Antanas Andrijauskas,Meno filosofija,,Lietuvių,Mintis,1990.0,Estetika / menotyra,,,5417003352.0,"Spinta J, 18 lentyna (kultūros istorija)",,D19. Filosofijos klasika,Antika–Apšvieta,K01502,Lentynoje,,,,,,,,,2026-09-16 17:51:00,g@cool.lt,Paupio 2 aukštas,53.0
1495.0,Algirdas Julius Greimas,Apie netobulumą,De l'imperfection,Lietuvių,baltos lankos,2004.0,Semiotika,,,9955000643.0,"Spinta J, 18 lentyna (kultūros istorija)",serija „Idėjos“,"D25. Sociologija, semiotika, antropologija",,K01505,Lentynoje,,,,,,,,,2026-09-16 17:51:00,g@cool.lt,Paupio 2 aukštas,53.0
1496.0,,Kultūros prigimtis,,Lietuvių,,,Kultūrologija,,,,"Spinta J, 18 lentyna (kultūros istorija)",PATIKSLINTI autorių,"D25. Sociologija, semiotika, antropologija",,K01506,Lentynoje,,,,,,,,,2026-09-16 17:51:00,g@cool.lt,Paupio 2 aukštas,53.0
1498.0,Jacques Derrida,Apie gramatologiją,De la grammatologie,Lietuvių,baltos lankos / ALK,2006.0,Filosofija,,,9955230568.0,"Spinta J, 18 lentyna (kultūros istorija)",,D20. XX a. ir lietuvių filosofija,,K01508,Lentynoje,,,,,,,,,2026-09-16 17:51:00,g@cool.lt,Paupio 2 aukštas,53.0
1499.0,Juozas Vosylius (sud.),Lotyniški posakiai ir sentencijos,,Lietuvių / lotynų,Mokslas,1981.0,Žinynas,,,,"Spinta J, 18 lentyna (kultūros istorija)",galimi ir vėlesni leidimai,A50. Lietuvių XX–XXI a. literatūra,Šiuolaikinė proza,K01509,Lentynoje,,,,,,,,,2026-09-16 17:51:00,g@cool.lt,Paupio 2 aukštas,53.0
1500.0,"Kazys Kuzavinis, Bronys Savukynas",Lietuvių vardų kilmės žodynas,,Lietuvių,,,Kalbotyra / žodynas,,,,"Spinta J, 18 lentyna (kultūros istorija)","keli leidimai (Mokslas 1987; Mokslo ir enciklopedijų leidybos institutas 2003, 2007) – neidentifikuota","H48. Menas, kalbos, pomėgiai",Kalbos ir žodynai,K01510,Lentynoje,,,,,,,,,2026-09-16 17:51:00,g@cool.lt,Paupio 2 aukštas,53.0
1501.0,Vytautas Kavolis,Kultūrinė psichologija,,Lietuvių,Baltos lankos,1995.0,Psichologija,,,9789986403425.0,"Spinta J, 18 lentyna (kultūros istorija)",PATIKSLINTI autorių,D23. Psichologija ir saviugda,Šiuolaikinė psichologija,K01511,Lentynoje,,,,,,,,,2026-09-16 17:51:00,g@cool.lt,Paupio 2 aukštas,53.0
1502.0,Vytenis Almonaitis; Junona Almonaitienė,Pietų ceklis,,Lietuvių,Keliautojo žinynas,,Kraštotyra,,,,"Spinta J, 19 niša (baltistika)",,E27. LDK ir Lietuvos istorija,Kraštotyra,K01512,Lentynoje,,,,,,,,,,,,
1505.0,Raimonda Ragauskienė,Lietuvos Didžiosios Kunigaikštystės kancleris Mikalojus Radvila Rudasis,,Lietuvių,,,Istorija / biografija,,,,"Spinta J, 19 niša (baltistika)",autorės pavardė įskaityta tik iš dalies · PATIKSLINTI,E32. Biografijos ir memuarai,Asmenybės ir memuarai,K01515,Lentynoje,,,,,,,,,2026-09-16 17:51:00,g@cool.lt,Paupio 2 aukštas,62.0
1506.0,Laurynas Katkus,Už 7 gatvių (eilėraščiai),,Lietuvių,,,Poezija,,,,"Spinta J, 20 niša (mišri apatinė)",,A50. Lietuvių XX–XXI a. literatūra,Poezija,K01516,Lentynoje,,,,,,,,,,,,
1507.0,Klaudijus Maniokas,Europos Sąjungos plėtra ir europeizacija,,Lietuvių,Eugrimas,2003.0,Politologija,,,9789955501404.0,"Spinta J, 20 niša (mišri apatinė)",,F33. Geopolitika ir publicistika,,K01517,Lentynoje,,,,,,,,,2026-09-16 17:51:00,g@cool.lt,Paupio 2 aukštas,63.0
1508.0,Vytautas Tarasonis,Fizika (atskiras tomas),,Lietuvių,,,Fizika / vadovėlis,,,,"Spinta J, 20 niša (mišri apatinė)","Dar vienas egz. (žr. Nr. 341, 1253)","F34. Kosmosas, fizika, matematika",,K01518,Lentynoje,,,,,,,,,,,,
1509.0,,Lietuvos narystė Europos Sąjungoje (3),,Lietuvių,,,Politologija,,,,"Spinta J, 20 niša (mišri apatinė)",,F33. Geopolitika ir publicistika,,K01519,Lentynoje,,,,,,,,,,,,
1511.0,,,,,,,,,,,"Spinta J, 20 niša (mišri apatinė)","PATIKSLINTI: dar 2-3 smulkūs leidiniai kairėje (mėlynas albumas, žalias tomas)","X. Ūkinė zona: žinynai, vadovėliai, periodika",,K01521,Lentynoje,,,,,,,,,,,,
1512.0,Diktis Kretietis; Daretas Frygas,Apie Trojos karą; Apie Trojos žlugimą,,Lietuvių,Lietuvių literatūros ir tautosakos institutas,2008.0,Antikos literatūra,,,9789955698609.0,"Spinta J, 21 niša (Antika, Troja)",Viduramžių biblioteka X · Serija „Viduramžių biblioteka“,A1. Antikos literatūra ir istorikai,,K01522,Lentynoje,,,,,,,,,2026-09-16 17:51:00,g@cool.lt,Paupio 2 aukštas,60.0
1513.0,,Ancient Britain,,Anglų,AA,,Istorija / gidas,,,,"Spinta J, 21 niša (Antika, Troja)","AA · Įvestyje nėra autoriaus, pavadinimas per bendras — identifikuoti neįmanoma",E31. Istorijos biblioteka,Šalių ir epochų istorijos,K01523,Lentynoje,,,,,,,,,2026-09-16 17:51:00,g@cool.lt,Paupio 2 aukštas,60.0
1514.0,,Chejeros dalados (?),,Lietuvių,,,,,,,"Spinta J, 21 niša (Antika, Troja)",PATIKSLINTI: labai apiplyšęs senas tomas,"X. Ūkinė zona: žinynai, vadovėliai, periodika",,K01524,Lentynoje,,,,,,,,,,,,
1515.0,A. Šveiceris (Albert Schweitzer) (?),Rinktinė,,Lietuvių,,,Filosofija / memuarai,,,,"Spinta J, 21 niša (Antika, Troja)",PATIKSLINTI (senas tomas gotikinėmis raidėmis),D19. Filosofijos klasika,Antika–Apšvieta,K01525,Lentynoje,,,,,,,,,,,,
1519.0,,Ant septynių kalvų,,Lietuvių,,,Istorija (apie Romą?),,,,"Spinta J, 22 niša (tautų mitai)",PATIKSLINTI autorių,E31. Istorijos biblioteka,Šalių ir epochų istorijos,K01529,Lentynoje,,,,,,,,,2026-09-16 17:51:00,g@cool.lt,Paupio 2 aukštas,61.0
1520.0,,,,,,,,,,,"Spinta J, 22 niša (tautų mitai)",PATIKSLINTI: mėlynas tomas kairėje — nugarėlė neįskaitoma,"X. Ūkinė zona: žinynai, vadovėliai, periodika",,K01530,Lentynoje,,,,,,,,,,,,
1522.0,,South Africa (Insight Guides),,Anglų,Insight Guides / Discovery,,Kelionių gidas,,,,"Spinta J, 23 niša (kelionių istorijos)",,"H47. Kelionės, atlasai, geografija",Gidai ir atlasai,K01532,Lentynoje,,,,,,,,,,,,
1523.0,David Birmingham,A Concise History of Portugal,,Anglų,Cambridge University Press,1993.0,Istorija,,,,"Spinta J, 23 niša (kelionių istorijos)","Cambridge · Keli leidimai (1993, 2003, 2018); nurodyti pirmojo leidimo metai, ISBN nepatikslintas",E31. Istorijos biblioteka,Šalių ir epochų istorijos,K01533,Lentynoje,,,,,,,,,2026-09-16 17:51:00,g@cool.lt,Paupio 2 aukštas,58.0
1524.0,Paul Arblaster,A History of the Low Countries,,Anglų,Palgrave Macmillan,2005.0,Istorija,,,,"Spinta J, 23 niša (kelionių istorijos)","Palgrave Macmillan, second edition · Keli leidimai (2005, 2012); nurodyti pirmojo leidimo metai, ISBN nepatikslintas",E31. Istorijos biblioteka,Šalių ir epochų istorijos,K01534,Lentynoje,,,,,,,,,2026-09-16 17:51:00,g@cool.lt,Paupio 2 aukštas,58.0
1525.0,Marion Kaplan,The Portuguese: The Land and Its People,,Anglų,Penguin,1991.0,Istorija / kultūra,,,,"Spinta J, 23 niša (kelionių istorijos)",Penguin · OpenLibrary: pirmas leidimas 1991 m. (7 leidimai); leidykla ir ISBN nepatikslinti,E31. Istorijos biblioteka,Šalių ir epochų istorijos,K01535,Lentynoje,,,,,,,,,2026-09-16 17:51:00,g@cool.lt,Paupio 2 aukštas,58.0
1526.0,I. Denešas,Prie Kilimandžaro,,Lietuvių,,,Kelionės,,,,"Spinta J, 23 niša (kelionių istorijos)",Sovietmečio vertimas; patikimo šaltinio su metais/leidykla rasti nepavyko,"H47. Kelionės, atlasai, geografija",Kelionių literatūra,K01536,Lentynoje,,,,,,,,,2026-09-16 17:51:00,g@cool.lt,Paupio 2 aukštas,58.0
1527.0,,Гималаи: каменная книга (?),,Rusų,,,Kelionės / kalnai,,,,"Spinta J, 23 niša (kelionių istorijos)",PATIKSLINTI,"H47. Kelionės, atlasai, geografija",Kelionių literatūra,K01537,Lentynoje,,,,,,,,,,,,
1529.0,Ą. Jakštas (?),Everesto glėbyje,,Lietuvių,,,Kelionės / kalnai,,,,"Spinta J, 24 niša (seni apiplyšę tomai)",PATIKSLINTI autorių,"H47. Kelionės, atlasai, geografija",Kelionių literatūra,K01539,Lentynoje,,,,,,,,,2026-09-16 17:51:00,g@cool.lt,Paupio 2 aukštas,59.0
1530.0,,,,Lietuvių,,,,,,,"Spinta J, 24 niša (seni apiplyšę tomai)","PATIKSLINTI: 4-5 labai apiplyšę seni tomai (tarp jų juodas „Anatolijus Fangovas“(?), „Dženius Tiri“(?), „Šeimyniškoji enciklopedija“(?)) — nugarėlės sunkiai įskaitomos","X. Ūkinė zona: žinynai, vadovėliai, periodika",,K01540,Lentynoje,,,,,,,,,,,,
1532.0,F. Scott Fitzgerald,The Last Tycoon,,Anglų,Collins Classics,,Romanas,,,,"Spinta J, 25 niša (Mark Twain)",Collins Classics · 63 leidimai – neidentifikuota,A7. Prarastoji karta ir Amerikos XX a.,,K01542,Lentynoje,,,,,,,,,2026-09-16 17:51:00,g@cool.lt,Paupio 2 aukštas,56.0
1533.0,Markas Tvenas (Марк Твен),Жанна д'Арк,Personal Recollections of Joan of Arc,Rusų,,,Istorinis romanas,,,,"Spinta J, 25 niša (Mark Twain)",,A4. Rusų lentyna (originalo k.),XIX a. klasika (Gogolis–Čechovas),K01543,Lentynoje,,,,,,,,,,,,
1534.0,Mark Twain,The Mysterious Stranger and Other Stories,,Anglų,,,Apsakymai,,,,"Spinta J, 25 niša (Mark Twain)",68 leidimai – neidentifikuota,A3. Klasikos kanonas (pagal šalis),Amerikos klasika,K01544,Lentynoje,,,,,,,,,2026-09-16 17:51:00,g@cool.lt,Paupio 2 aukštas,56.0
1535.0,Mark Twain,Roughing It,,Anglų,Signet,,Memuarai / humoras,,,,"Spinta J, 25 niša (Mark Twain)",CT 143,A3. Klasikos kanonas (pagal šalis),Amerikos klasika,K01545,Lentynoje,,,,,,,,,2026-09-16 17:51:00,g@cool.lt,Paupio 2 aukštas,56.0
1536.0,Mark Twain,The Best Short Stories of Mark Twain,,Anglų,Modern Library Classics,,Apsakymai,,,,"Spinta J, 25 niša (Mark Twain)",sud. Lawrence I. Berkove · OpenLibrary nerado tikslaus atitikmens (grąžino kitas Twaino knygas); konkretus antologijos leidimas nenustatytas,A3. Klasikos kanonas (pagal šalis),Amerikos klasika,K01546,Lentynoje,,,,,,,,,2026-09-16 17:51:00,g@cool.lt,Paupio 2 aukštas,56.0
1537.0,O. Henris; Džekas Londonas,Rinktinė (bendras tomas),,Lietuvių,,,Apsakymai,,,,"Spinta J, 25 niša (Mark Twain)",,A3. Klasikos kanonas (pagal šalis),Amerikos klasika,K01547,Lentynoje,,,,,,,,,,,,
1539.0,Molière,The Misanthrope and Other Plays,,Anglų,Penguin Classics,,Dramaturgija,,,,"Spinta J, 26 niša (Penguin klasika)","Penguin Classics · OpenLibrary: pjesių rinktinė (vert. John Wood), pirmas leidimas 1959 m., 16 leidimų; konkretus leidimas, leidykla ir ISBN nenustatyti",A3. Klasikos kanonas (pagal šalis),Prancūzų klasika,K01549,Lentynoje,,,,,,,,,2026-09-16 17:51:00,g@cool.lt,Paupio 2 aukštas,57.0
1541.0,Jane Austen,Persuasion,,Anglų,Fawcett Premier,,Romanas,,,,"Spinta J, 26 niša (Penguin klasika)",Fawcett Premier · Originalas 1817 m.; OpenLibrary nurodo klaidingus 1789 m. 1200+ leidimų — konkretus nenustatytas,A3. Klasikos kanonas (pagal šalis),Anglų klasika,K01551,Lentynoje,,,,,,,,,2026-09-16 17:51:00,g@cool.lt,Paupio 2 aukštas,57.0
1542.0,Honoré de Balzac,Tėvas Gorijo,Le Père Goriot,Lietuvių,Obuolys,,Romanas,Geriausia iš geriausių,,,"Spinta J, 26 niša (Penguin klasika)",Obuolys · Lietuviškų leidimų yra keli; patikimo konkretaus leidimo aprašo (metai/leidykla/ISBN) rasti nepavyko,A3. Klasikos kanonas (pagal šalis),Prancūzų klasika,K01552,Lentynoje,,,,,,,,,2026-09-16 17:51:00,g@cool.lt,Paupio 2 aukštas,57.0
1543.0,John Cleland,"Fanny Hill, or Memoirs of a Woman of Pleasure",,Anglų,,,Romanas,,,,"Spinta J, 26 niša (Penguin klasika)",Penguin · Keli leidimai; OpenLibrary metai nepatikimi (1749/1849). Konkretus leidimas nenustatytas,A3. Klasikos kanonas (pagal šalis),Anglų klasika,K01553,Lentynoje,,,,,,,,,2026-09-16 17:51:00,g@cool.lt,Paupio 2 aukštas,57.0
1544.0,Oscar Wilde,Selections (Volume One),,Anglų,Progress Publishers,,Rinktinė,,,,"Spinta J, 26 niša (Penguin klasika)",Gali sutapti su Nr. 59 (kitas tomas),A3. Klasikos kanonas (pagal šalis),Anglų klasika ★ pora: originalas + vertimas,K01554,Lentynoje,,,,,,,,,2026-09-17 15:21:00,g@cool.lt,Paupio 2 aukštas,57.0
1550.0,J. Kenji López-Alt,The Food Lab: Better Home Cooking Through Science,,Anglų,W. W. Norton,2015.0,Kulinarija,,,9780393081084.0,"Virtuvės spinta, 1 lentyna (kulinarijos klasika)",,H42. Kulinarija ir gėrimai,Chef'ų klasika,K01560,Lentynoje,,,,,,,,,2026-09-16 17:51:00,g@cool.lt,Paupio virtuvė,1.0
1551.0,Yotam Ottolenghi,Ottolenghi Simple,,Anglų,Ebury Press,2018.0,Kulinarija,,,,"Virtuvės spinta, 1 lentyna (kulinarijos klasika)",keli leidėjai (Ebury Press JK; Ten Speed Press JAV) — konkretus nepatvirtintas,H42. Kulinarija ir gėrimai,Chef'ų klasika,K01561,Lentynoje,,,,,,,,,2026-09-16 17:51:00,g@cool.lt,Paupio virtuvė,1.0
1552.0,Samin Nosrat,"Salt, Fat, Acid, Heat",,Anglų,Simon & Schuster,2017.0,Kulinarija,,,,"Virtuvės spinta, 1 lentyna (kulinarijos klasika)",keli leidėjai (Simon & Schuster JAV; Canongate JK) — konkretus nepatvirtintas,H42. Kulinarija ir gėrimai,Chef'ų klasika,K01562,Lentynoje,,,,,,,,,2026-09-16 17:51:00,g@cool.lt,Paupio virtuvė,1.0
1553.0,,Spaghetti (kolekcinis leidimas dėžutėje),,Anglų / italų,Springhill (?),,Kulinarija,,,,"Virtuvės spinta, 1 lentyna (kulinarijos klasika)",PATIKSLINTI,C18. Kolekciniai leidimai,,K01563,Lentynoje,,,,,,,,,,,,
1555.0,Sergio Herman,Simple Food,,Anglų,,,Kulinarija,,,,"Virtuvės spinta, 2 lentyna (kulinarija)",OpenLibrary nerado; WebSearch biudžetas išnaudotas — leidimas nepatvirtintas,H42. Kulinarija ir gėrimai,Chef'ų klasika,K01565,Lentynoje,,,,,,,,,2026-09-16 17:51:00,g@cool.lt,Paupio virtuvė,2.0
1556.0,,Vaistinė jūsų virtuvėje,,Lietuvių,,,Sveikata / mityba,,,,"Virtuvės spinta, 2 lentyna (kulinarija)",Antras egz. arba tas pats kaip sodininkystės kolekcijoje (Nr. 1375) | PAŠALINTA 2026-09-18 (g@cool.lt) · buvusi būsena: Lentynoje,H43. Sveikata ir mityba,,K01566,Pašalintas,,,,,,,,,2026-09-18 20:13:00,g@cool.lt,,
1558.0,Liz Franklin,Oils & Vinegars,,Anglų,Ryland Peters & Small,2008.0,Kulinarija,,,9781845975968.0,"Virtuvės spinta, 2 lentyna (kulinarija)",,H42. Kulinarija ir gėrimai,Pasaulio virtuvės,K01568,Lentynoje,,,,,,,,,2026-09-16 17:51:00,g@cool.lt,Paupio virtuvė,2.0
1559.0,,Veganiška virtuvė,,Lietuvių,,,Kulinarija,,,,"Virtuvės spinta, 2 lentyna (kulinarija)",,H42. Kulinarija ir gėrimai,Lietuviška ir dvaro virtuvė,K01569,Lentynoje,,,,,,,,,,,,
1560.0,"Alfas Ivanauskas, Ali Gadžijevas",7 ingredientai,,Lietuvių,Žurnalų leidybos grupė,2012.0,Kulinarija,,,9786094100581.0,"Virtuvės spinta, 2 lentyna (kulinarija)",Smaguris · ĮSPĖJIMAS: įvesties autorius „Pagal Mi ir Do“ neatitinka rastos knygos autorių — gali būti kita knyga (plg. „Veganiška virtuvė pagal Mi ir Do“),H42. Kulinarija ir gėrimai,Lietuviška ir dvaro virtuvė,K01570,Lentynoje,,,,,,,,,2026-09-16 17:51:00,g@cool.lt,Paupio virtuvė,2.0
1561.0,Francis Mallmann,Seven Fires: Grilling the Argentine Way,,Anglų,Artisan,2009.0,Kulinarija,,278.0,9781579653545.0,"Virtuvės spinta, 2 lentyna (kulinarija)",Artisan,H42. Kulinarija ir gėrimai,Chef'ų klasika,K01571,Lentynoje,,,30.0,2011-04-13 00:00:00,,,,,2026-09-18 15:04:00,g@cool.lt,Paupio virtuvė,2.0
1562.0,,Anthropologie de la cuisine (?),,,,,Kulinarija,,,,"Virtuvės spinta, 2 lentyna (kulinarija)",PATIKSLINTI: geltona knyga raudonu užrašu (nugarėlė pasukta),H42. Kulinarija ir gėrimai,Pasaulio virtuvės,K01572,Lentynoje,,,,,,,,,,,,
1563.0,Jamie Oliver,VEG,,Anglų,Penguin Michael Joseph,2019.0,Kulinarija,,,9780718187767.0,"Virtuvės spinta, 2 lentyna (kulinarija)","JAV leidimas vadinasi „Ultimate Veg“ (2020, Flatiron)",H42. Kulinarija ir gėrimai,Chef'ų klasika,K01573,Lentynoje,,,,,,,,,2026-09-16 17:51:00,g@cool.lt,Paupio virtuvė,2.0
1565.0,Olga Džindželeta (?),Geriausi receptai žaliavalgiams,,Lietuvių,,,Kulinarija / žaliavalgystė,,,,"Virtuvės spinta, 2 lentyna (kulinarija)",PATIKSLINTI autorę,H42. Kulinarija ir gėrimai,Lietuviška ir dvaro virtuvė,K01575,Lentynoje,,,,,,,,,2026-09-16 17:51:00,g@cool.lt,Paupio virtuvė,2.0
1566.0,Darius Pietaris,Paglostymas prieš plauką,,Lietuvių,Balto,2021.0,Kulinarija / eseistika,,,,"Virtuvės spinta, 2 lentyna (kulinarija)",Alma littera · ISBN šaltinyje nenurodytas,A3. Klasikos kanonas (pagal šalis),Kita klasika ir antologijos,K01576,Lentynoje,,,,,,,,,2026-09-16 17:51:00,g@cool.lt,Paupio virtuvė,2.0
1567.0,Guoda Azguridienė,Maistas,,Lietuvių,Alma littera,,Kulinarija / žinynas,,,,"Virtuvės spinta, 2 lentyna (kulinarija)","didelė knyga, autorius nematomas · PATIKSLINTI",H42. Kulinarija ir gėrimai,Lietuviška ir dvaro virtuvė,K01577,Lentynoje,,,,,,,,,2026-09-17 15:21:00,g@cool.lt,Paupio virtuvė,2.0
1568.0,Žvilė Povilaitytė-Buzaitė (?),Skanaus! Dėl angliavandenių,,Lietuvių,,,Mityba,,,,"Virtuvės spinta, 2 lentyna (kulinarija)",PATIKSLINTI autorę,H43. Sveikata ir mityba,,K01578,Lentynoje,,,,,,,,,,,,
1570.0,Marius Abramavičius-Neboisia,Vizionierius (?),,Lietuvių,,,Kulinarija / menas,,,,"Virtuvės spinta, 2 lentyna (kulinarija)",PATIKSLINTI pavadinimą,H42. Kulinarija ir gėrimai,Lietuviška ir dvaro virtuvė,K01580,Lentynoje,,,,,,,,,,,,
1572.0,Renata Ničajienė,Gero maisto dienoraštis: Pavasaris,,Lietuvių,,2016.0,Kulinarija,Gero maisto dienoraštis,,,"Virtuvės spinta, 2 lentyna (kulinarija)",4 knygų sezoninė serija; leidykla ir atskiros dalies ISBN nepatvirtinti (komplekto ISBN 9786094089497),H42. Kulinarija ir gėrimai,Lietuviška ir dvaro virtuvė,K01582,Lentynoje,,,,,,,,,2026-09-16 17:51:00,g@cool.lt,Paupio virtuvė,2.0
1573.0,Renata Ničajienė,Gero maisto dienoraštis: Vasara,,Lietuvių,,2017.0,Kulinarija,Gero maisto dienoraštis,,9786094086953.0,"Virtuvės spinta, 2 lentyna (kulinarija)",leidykla šaltinyje nenurodyta,H42. Kulinarija ir gėrimai,Lietuviška ir dvaro virtuvė,K01583,Lentynoje,,,,,,,,,2026-09-16 17:51:00,g@cool.lt,Paupio virtuvė,2.0
1574.0,,Literatų virtuvė,,Lietuvių,,,Kulinarija / kultūra,,,,"Virtuvės spinta, 2 lentyna (kulinarija)",,H42. Kulinarija ir gėrimai,Lietuviška ir dvaro virtuvė,K01584,Lentynoje,,,,,,,,,,,,
1575.0,Brigita Petrulė,Geros savijautos virtuvė,,Lietuvių,Alma littera,2022.0,Kulinarija / sveikata,,,9786090150221.0,"Virtuvės spinta, 2 lentyna (kulinarija)",,H42. Kulinarija ir gėrimai,Lietuviška ir dvaro virtuvė,K01585,Lentynoje,,,,,,,,,2026-09-16 17:51:00,g@cool.lt,Paupio virtuvė,2.0
1576.0,Brigita Petrulė,Gurmano knyga,,Lietuvių,,,Kulinarija,,,,"Virtuvės spinta, 2 lentyna (kulinarija)",autorius neįskaitytas · PATIKSLINTI,H42. Kulinarija ir gėrimai,Lietuviška ir dvaro virtuvė,K01586,Lentynoje,,,,,,,,,2026-09-16 17:51:00,g@cool.lt,Paupio virtuvė,2.0
1577.0,Gérard Depardieu,Kulinarijos knyga,Ma cuisine,Lietuvių (?),,,Kulinarija,,,,"Virtuvės spinta, 2 lentyna (kulinarija)",PATIKSLINTI pavadinimą ir kalbą,H42. Kulinarija ir gėrimai,Lietuviška ir dvaro virtuvė,K01587,Lentynoje,,,,,,,,,,,,
1578.0,,Vynas lengvai,,Lietuvių,,,Vynas / gėrimai,,,,"Virtuvės spinta, 2 lentyna (kulinarija)",autorius neįskaitytas · PATIKSLINTI,H42. Kulinarija ir gėrimai,Gėrimai ir vynas,K01588,Lentynoje,,,,,,,,,2026-09-16 17:51:00,g@cool.lt,Paupio virtuvė,2.0
1581.0,Cathy Fisher,Straight Up Food,,Anglų,,2016.0,Kulinarija / mityba,,,9780997636901.0,"Virtuvės spinta, 2 lentyna (kulinarija)","Green Bite Publishing · leidėjas – autorės savilaida (Straight Up Food), šaltinyje aiškiai nenurodytas",H42. Kulinarija ir gėrimai,Pasaulio virtuvės,K01591,Lentynoje,,,,,,,,,2026-09-16 17:51:00,g@cool.lt,Paupio virtuvė,2.0
1582.0,,Deutsche Volksbücher,,Vokiečių,,,Klasika / liaudies knygos,,,,"Spinta A, 8 lentyna (apatinė)",Šalia Klassische Upanishaden (žr. Nr. 149),A5. Vokiškoji lentyna (originalo k.),,K01592,Lentynoje,,,,,,,,,,,,
1583.0,Winston S. Churchill,Antrasis pasaulinis karas: Pakeliui į katastrofą (I tomas),The Second World War,Lietuvių,Briedis,,Istorija / memuarai,,,,Ant stalo (be lentynos),"Papildo Nr. 959, 1470, 1471 kolekciją",E29. XX a. totalitarizmai ir karai,,K01593,Lentynoje,,,,,,,,,,,,
1584.0,Alfredas Bumblauskas,Lietuvos kryžkelės: istorijos etiudai,,Lietuvių,Naujasis Židinys-Aidai,2023.0,Istorija,,,,Ant stalo (be lentynos),ISBN leidėjo puslapyje nenurodytas,E27. LDK ir Lietuvos istorija,Sintezės ir monografijos,K01594,Lentynoje,,,,,,,,,2026-09-16 17:51:00,g@cool.lt,Paupio Žydriaus,6.0
1585.0,Julio Cortázar,Žaidžiame klases,Rayuela,Lietuvių,Kitos knygos,2006.0,Romanas,,,9789955241614.0,Ant stalo (be lentynos),"Keli lietuviški leidimai (1978, 2006, 2025); pasirinktas 2006 m. Alma littera leidimas, vertė Valdas V. Petrauskas",B9. Šiuolaikinė pasaulio proza,Šiuolaikinis pasaulio romanas,K01595,Lentynoje,,,,,,,,,2026-09-16 17:51:00,g@cool.lt,Paupio Žydriaus,1.0
1586.0,Hannah Arendt,Totalitarizmo ištakos,The Origins of Totalitarianism,Lietuvių,Tyto alba,2001.0,Politinė filosofija,,,,Ant stalo (be lentynos),Tyto alba · ISBN šaltinyje nenurodytas,D20. XX a. ir lietuvių filosofija,,K01596,Lentynoje,,,,,,,,,2026-09-16 17:51:00,g@cool.lt,Paupio Žydriaus,17a
1588.0,Kristina Sabaliauskaitė,Petro imperatorė (II knyga),,Lietuvių,baltos lankos,,Istorinis romanas,Petro imperatorė,,,"Spinta D (balta), 10 lentyna (lietuvių proza)",,A50. Lietuvių XX–XXI a. literatūra,Šiuolaikinė proza,K01598,Lentynoje,,,,,,,,,,,,
1589.0,Jurga Ivanauskaitė,Mėnulio vaikai,,Lietuvių,,,Romanas,,,,"Spinta D (balta), 10 lentyna (lietuvių proza)",,A50. Lietuvių XX–XXI a. literatūra,Šiuolaikinė proza,K01599,Lentynoje,,,,,,,,,,,,
1590.0,Romualdas Granauskas,Rūkas virš slėnių,,Lietuvių,Lietuvos rašytojų sąjungos leidykla,,Proza,,,,"Spinta D (balta), 10 lentyna (lietuvių proza)",,A50. Lietuvių XX–XXI a. literatūra,Sovietmečio karta,K01600,Lentynoje,,,,,,,,,,,,
1591.0,Romualdas Granauskas,Kai reikės nebebūti,,Lietuvių,,,Proza,,,,"Spinta D (balta), 10 lentyna (lietuvių proza)",Antras egz. (pirmas — Nr. 1225),A50. Lietuvių XX–XXI a. literatūra,Sovietmečio karta,K01601,Lentynoje,,,,,,,,,,,,
1592.0,Vanda Juknaitė,Tariamas iš tamsos,,Lietuvių,,,Proza / pokalbiai,,,,"Spinta D (balta), 10 lentyna (lietuvių proza)",,A50. Lietuvių XX–XXI a. literatūra,Šiuolaikinė proza,K01602,Lentynoje,,,,,,,,,,,,
1593.0,Ričardas Gavelis,Vilniaus pokeris,,Lietuvių,,,Romanas,,,,"Spinta D (balta), 10 lentyna (lietuvių proza)",Patikslina Nr. 926,A50. Lietuvių XX–XXI a. literatūra,Šiuolaikinė proza,K01603,Lentynoje,,,,,,,,,,,,
1594.0,Julius Sasnauskas,Dar kartą – Žmogaus Sūnus,,Lietuvių,,,Eseistika / religija,,,,"Spinta D (balta), 10 lentyna (lietuvių proza)",,A50. Lietuvių XX–XXI a. literatūra,Eseistika ir humoras,K01604,Lentynoje,,,,,,,,,,,,
1595.0,Sigitas Parulskis,Mano tikėjimo iltys,,Lietuvių,Alma littera,,Eseistika,,,,"Spinta D (balta), 10 lentyna (lietuvių proza)",,A50. Lietuvių XX–XXI a. literatūra,Eseistika ir humoras,K01605,Lentynoje,,,,,,,,,,,,
1596.0,Alvydas Šlepikas,Mano tėvas žūsta,,Lietuvių,Alma littera,,Proza,,,,"Spinta D (balta), 10 lentyna (lietuvių proza)",,A50. Lietuvių XX–XXI a. literatūra,Šiuolaikinė proza,K01606,Lentynoje,,,,,,,,,,,,
1597.0,Juozas Požėra,Mano teismai (?),,Lietuvių,,,Proza,,,,"Spinta D (balta), 10 lentyna (lietuvių proza)",PATIKSLINTI pavadinimą (oranžinis tomas),A3. Klasikos kanonas (pagal šalis),Kita klasika ir antologijos,K01607,Lentynoje,,,,,,,,,,,,
1598.0,Helmutas Arnašius,Keliai ir klystkeliai,,Lietuvių,,,Publicistika,,,,"Spinta D (balta), 10 lentyna (lietuvių proza)",,F33. Geopolitika ir publicistika,,K01608,Lentynoje,,,,,,,,,,,,
1599.0,Gintaras Beresnevičius,Dausos,,Lietuvių,,,Religijotyra / mitologija,,,,"Spinta D (balta), 10 lentyna (lietuvių proza)",Patikslina Nr. 927,A50. Lietuvių XX–XXI a. literatūra,Šiuolaikinė proza,K01609,Lentynoje,,,,,,,,,,,,
1600.0,Liudas Dapkus,"Žuvis, kuri supainiojo duris",,Lietuvių,Balto,,Publicistika / proza,,,,"Spinta D (balta), 10 lentyna (lietuvių proza)",,A50. Lietuvių XX–XXI a. literatūra,Eseistika ir humoras,K01610,Lentynoje,,,,,,,,,,,,
1601.0,Tomas Staniulis,"Diena, kurią verkiau visą",,Lietuvių,,,Proza,,,,"Spinta D (balta), 10 lentyna (lietuvių proza)",PATIKSLINTI pavadinimą,A50. Lietuvių XX–XXI a. literatūra,Šiuolaikinė proza,K01611,Lentynoje,,,,,,,,,,,,
1602.0,,,,Lietuvių,,,,,,,"Spinta D (balta), 10 lentyna (lietuvių proza)","PATIKSLINTI: dar 1-2 tomai (rausvas „ARVYDAS“, geltonas be užrašo)","X. Ūkinė zona: žinynai, vadovėliai, periodika",,K01612,Lentynoje,,,,,,,,,,,,
1603.0,Barton,Life of Abraham Lincoln,,Anglų,,,Biografija,,,,"Spinta D (balta), 11 lentyna (rusų literatūra, memuarai)",Žymė E 457 B3. Uždaro Nr. 613 senąjį placeholderį,E32. Biografijos ir memuarai,Valstybininkų biografijos,K01613,Lentynoje,,,,,,,,,,,,
1604.0,Aleksejus N. Tolstojus (А. Н. Толстой),Пётр Первый,,Rusų,,,Istorinis romanas,,,,"Spinta D (balta), 11 lentyna (rusų literatūra, memuarai)",,A4. Rusų lentyna (originalo k.),XIX a. klasika (Gogolis–Čechovas),K01614,Lentynoje,,,,,,,,,,,,
1605.0,,Русская поэзия конца XIX – начала XX века,,Rusų,,,Poezija / antologija,,,,"Spinta D (balta), 11 lentyna (rusų literatūra, memuarai)",,A4. Rusų lentyna (originalo k.),XIX a. klasika (Gogolis–Čechovas),K01615,Lentynoje,,,,,,,,,,,,
1606.0,Vladimiras Pozneris (Владимир Познер),Прощание с иллюзиями,,Rusų,,,Memuarai,,,,"Spinta D (balta), 11 lentyna (rusų literatūra, memuarai)",,E32. Biografijos ir memuarai,Asmenybės ir memuarai,K01616,Lentynoje,,,,,,,,,,,,
1607.0,Osipas Mandelštamas (Осип Мандельштам),Камень,,Rusų,,,Poezija,,,,"Spinta D (balta), 11 lentyna (rusų literatūra, memuarai)",,A4. Rusų lentyna (originalo k.),Sidabro amžius ir poezija,K01617,Lentynoje,,,,,,,,,,,,
1608.0,Vladimiras Sorokinas (Владимир Сорокин),Очередь,,Rusų,,,Romanas,,,,"Spinta D (balta), 11 lentyna (rusų literatūra, memuarai)",,A4. Rusų lentyna (originalo k.),Posovietinė proza,K01618,Lentynoje,,,,,,,,,,,,
1609.0,Broliai Vaineriai (А. и Г. Вайнеры),Город принял,,Rusų,,,Detektyvas,,,,"Spinta D (balta), 11 lentyna (rusų literatūra, memuarai)",PATIKSLINTI,B15. Modernūs trileriai ir kriminalai,Kiti trileriai,K01619,Lentynoje,,,,,,,,,,,,
1610.0,Craig Foster,Amphibious Soul,,Anglų,HarperOne,,Gamta / memuarai,,,,"Spinta D (balta), 11 lentyna (rusų literatūra, memuarai)",,E32. Biografijos ir memuarai,Asmenybės ir memuarai,K01620,Lentynoje,,,,,,,,,,,,
1611.0,,,,,,,,,,,"Spinta D (balta), 11 lentyna (rusų literatūra, memuarai)",PATIKSLINTI: keli apiplyšę seni tomeliai ir juodas tomas dešinėje („Up and Coming Young Lithuanian...“?),"X. Ūkinė zona: žinynai, vadovėliai, periodika",,K01621,Lentynoje,,,,,,,,,,,,
1612.0,Eduardas Mieželaitis,Svetimi akmenys,,Lietuvių,,,Poezija,,,,"Spinta D (balta), 12 lentyna (lietuvių klasika, seni tomai)",,A49. Lietuvių klasika ir raštai,,K01622,Lentynoje,,,,,,,,,,,,
1613.0,Antanas Venclova,Mirtis Lisabonoj,,Lietuvių,,,Proza,,,,"Spinta D (balta), 12 lentyna (lietuvių klasika, seni tomai)",,A49. Lietuvių klasika ir raštai,,K01623,Lentynoje,,,,,,,,,,,,
1614.0,Arvydas Ambrasas,Rinktinė (2 tomai),,Lietuvių,,,Poezija / proza,,,,"Spinta D (balta), 12 lentyna (lietuvių klasika, seni tomai)",PATIKSLINTI pavadinimus,A50. Lietuvių XX–XXI a. literatūra,Poezija,K01624,Lentynoje,,,,,,,,,,,,
1615.0,Algimantas Baltakis,Rinktinė,,Lietuvių,,,Poezija,,,,"Spinta D (balta), 12 lentyna (lietuvių klasika, seni tomai)",PATIKSLINTI pavadinimą,A50. Lietuvių XX–XXI a. literatūra,Poezija,K01625,Lentynoje,,,,,,,,,,,,
1616.0,Kazys Boruta,Mediniai stebuklai,,Lietuvių,,,Proza,,,,"Spinta D (balta), 12 lentyna (lietuvių klasika, seni tomai)",,A49. Lietuvių klasika ir raštai,,K01626,Lentynoje,,,,,,,,,,,,
1617.0,Kazys Boruta,Rinktinė (antras tomas),,Lietuvių,,,Proza,,,,"Spinta D (balta), 12 lentyna (lietuvių klasika, seni tomai)",PATIKSLINTI,A49. Lietuvių klasika ir raštai,,K01627,Lentynoje,,,,,,,,,,,,
1618.0,Šatrijos Ragana,Raštai (II tomas),,Lietuvių,,,Proza / raštai,,,,"Spinta D (balta), 12 lentyna (lietuvių klasika, seni tomai)",,A49. Lietuvių klasika ir raštai,,K01628,Lentynoje,,,,,,,,,,,,
1619.0,Vincas Kudirka,Raštai (II tomas),,Lietuvių,,,Raštai,,,,"Spinta D (balta), 12 lentyna (lietuvių klasika, seni tomai)",,A49. Lietuvių klasika ir raštai,,K01629,Lentynoje,,,,,,,,,,,,
1620.0,Kristijonas Donelaitis,Metai (dar vienas leidimas),,Lietuvių,,,Poema,,,,"Spinta D (balta), 12 lentyna (lietuvių klasika, seni tomai)",Padėta gulsčiai. Žr. Nr. 329-330,A49. Lietuvių klasika ir raštai,,K01630,Lentynoje,,,,,,,,,,,,
1621.0,,,,Lietuvių,,,,,,,"Spinta D (balta), 12 lentyna (lietuvių klasika, seni tomai)","PATIKSLINTI: dar keli tomai (Vincas Krėvė?, pilkas A. Venclova, „Ivanas Jefremovas“, „Protų dvikova“, N. Michailovas, „Apie Tvaną ir Atlantidą“ ir apiplyšę tomeliai kairėje)","X. Ūkinė zona: žinynai, vadovėliai, periodika",,K01631,Lentynoje,,,,,,,,,,,,
1622.0,Artūras Dovydėnas,Pramoginiai laivai,,Lietuvių,Sodra / Žinios,,Buriavimas / žinynas,,,,"Spinta D (balta), spintelė (sportas, teisė)",,"H47. Kelionės, atlasai, geografija",Kelionių literatūra,K01632,Lentynoje,,,,,,,,,,,,
1623.0,,Школа альпинизма,,Rusų,,,Alpinizmas,,,,"Spinta D (balta), spintelė (sportas, teisė)",,"H47. Kelionės, atlasai, geografija",Kelionių literatūra,K01633,Lentynoje,,,,,,,,,,,,
1624.0,,Человек открывает Землю,,Rusų,,,Geografija / atradimai,,,,"Spinta D (balta), spintelė (sportas, teisė)",,F36. Mokslo ir idėjų istorija,,K01634,Lentynoje,,,,,,,,,,,,
1625.0,,Žygis per Atlantą / Across the Atlantic,,Lietuvių / anglų,,,Buriavimas / kelionės,,,,"Spinta D (balta), spintelė (sportas, teisė)",,"H47. Kelionės, atlasai, geografija",Kelionių literatūra,K01635,Lentynoje,,,,,,,,,,,,
1626.0,Keir Radnedge,Olympic World Records 2012,,Anglų,Carlton,,Sportas / žinynas,,,,"Spinta D (balta), spintelė (sportas, teisė)",,"H48. Menas, kalbos, pomėgiai",Sportas,K01636,Lentynoje,,,,,,,,,,,,
1627.0,Sergejus Jovaiša,Krepšinio ABC (?),,Lietuvių,,,Sportas,,,,"Spinta D (balta), spintelė (sportas, teisė)",PATIKSLINTI pavadinimą,"H48. Menas, kalbos, pomėgiai",Sportas,K01637,Lentynoje,,,,,,,,,,,,
1628.0,,Судебные речи известных русских юристов,,Rusų,,,Teisė,,,,"Spinta D (balta), spintelė (sportas, teisė)",,A4. Rusų lentyna (originalo k.),XIX a. klasika (Gogolis–Čechovas),K01638,Lentynoje,,,,,,,,,,,,
1629.0,,Rinktinės advokatų kalbos teisme,,Lietuvių,Justitia,,Teisė,,,,"Spinta D (balta), spintelė (sportas, teisė)",,A50. Lietuvių XX–XXI a. literatūra,Šiuolaikinė proza,K01639,Lentynoje,,,,,,,,,,,,
1630.0,,,,,,,,,,,"Spinta D (balta), spintelė (sportas, teisė)",PATIKSLINTI: žalias tomas ir keli balti leidiniai be matomų nugarėlių,"X. Ūkinė zona: žinynai, vadovėliai, periodika",,K01640,Lentynoje,,,,,,,,,,,,
1631.0,Karlas Popperis (Карл Поппер),Открытое общество и его враги (I tomas),The Open Society and Its Enemies,Rusų,,,Filosofija,,,,"Spinta D (balta), filosofijos lentyna (viršutinė)",,D20. XX a. ir lietuvių filosofija,,K01641,Lentynoje,,,,,,,,,,,,
1632.0,Karlas Popperis (Карл Поппер),Открытое общество и его враги (II tomas),The Open Society and Its Enemies,Rusų,,,Filosofija,,,,"Spinta D (balta), filosofijos lentyna (viršutinė)",,D20. XX a. ir lietuvių filosofija,,K01642,Lentynoje,,,,,,,,,,,,
1633.0,John Locke (Локк),Сочинения (1 tomas),,Rusų,Философское наследие,,Filosofija,,,,"Spinta D (balta), filosofijos lentyna (viršutinė)",,D19. Filosofijos klasika,Antika–Apšvieta,K01643,Lentynoje,,,,,,,,,,,,
1634.0,John Locke (Локк),Сочинения (2 tomas),,Rusų,Философское наследие,,Filosofija,,,,"Spinta D (balta), filosofijos lentyna (viršutinė)",,D19. Filosofijos klasika,Antika–Apšvieta,K01644,Lentynoje,,,,,,,,,,,,
1635.0,John Locke (Локк),Сочинения (3 tomas),,Rusų,Философское наследие,,Filosofija,,,,"Spinta D (balta), filosofijos lentyna (viršutinė)",,D19. Filosofijos klasika,Antika–Apšvieta,K01645,Lentynoje,,,,,,,,,,,,
1636.0,F. W. J. Schelling (Шеллинг),Сочинения (2 tomas),,Rusų,Философское наследие,,Filosofija,,,,"Spinta D (balta), filosofijos lentyna (viršutinė)",,D19. Filosofijos klasika,Vokiečių idealizmas ir XIX a.,K01646,Lentynoje,,,,,,,,,,,,
1637.0,Alfonsas Maldonis,Rytas vakaras,,Lietuvių,,,Poezija,,,,"Spinta D (balta), filosofijos lentyna (viršutinė)",,A50. Lietuvių XX–XXI a. literatūra,Poezija,K01647,Lentynoje,,,,,,,,,,,,
1638.0,Eduardas Selelionis,Sąžinė,,Lietuvių,,,Poezija,,,,"Spinta D (balta), filosofijos lentyna (viršutinė)",,A49. Lietuvių klasika ir raštai,,K01648,Lentynoje,,,,,,,,,,,,
1639.0,,"Kur eini, žmogau",,Lietuvių,,,Publicistika,,,,"Spinta D (balta), filosofijos lentyna (viršutinė)",PATIKSLINTI autorių,F33. Geopolitika ir publicistika,,K01649,Lentynoje,,,,,,,,,,,,
1640.0,O. Šneidereitas (Otto Schneidereit),Prūsai,Preußen,Lietuvių,,,Istorija,,,,"Spinta D (balta), filosofijos lentyna (viršutinė)",,E27. LDK ir Lietuvos istorija,Sintezės ir monografijos,K01650,Lentynoje,,,,,,,,,,,,
1641.0,Konstantinas Avižonis,Rinktiniai raštai (IV tomas),,Lietuvių,,,Istorija / raštai,,,,"Spinta D (balta), filosofijos lentyna (viršutinė)",Pilkoje dėžutėje,E31. Istorijos biblioteka,Šalių ir epochų istorijos,K01651,Lentynoje,,,,,,,,,,,,
1642.0,,,,Lietuvių,,,,,,,"Spinta D (balta), filosofijos lentyna (viršutinė)","PATIKSLINTI: keli smulkūs tomeliai tarp Selelionio ir „Kur eini, žmogau“","X. Ūkinė zona: žinynai, vadovėliai, periodika",,K01652,Lentynoje,,,,,,,,,,,,
1643.0,Piotras Kropotkinas (П. А. Кропоткин),Этика,,Rusų,,,Filosofija / etika,,,,"Spinta D (balta), filosofijos lentyna (apatinė)",,D19. Filosofijos klasika,Vokiečių idealizmas ir XIX a.,K01653,Lentynoje,,,,,,,,,,,,
1645.0,Kazimieras Narbutas (K. Narbutas),Raštai,,Lietuvių,,,Filosofija,,,,"Spinta D (balta), filosofijos lentyna (apatinė)",,D20. XX a. ir lietuvių filosofija,,K01655,Lentynoje,,,,,,,,,,,,
1647.0,Émile Durkheim (Э. Дюркгейм),Rinktinė (mėlynas tomas),,Rusų,СН,,Sociologija,,,,"Spinta D (balta), filosofijos lentyna (apatinė)",Gali sutapti su Nr. 1000,"D25. Sociologija, semiotika, antropologija",,K01657,Lentynoje,,,,,,,,,,,,
1648.0,Algirdas Julius Greimas,Semiotika,,Lietuvių,Mintis,,Semiotika,,,,"Spinta D (balta), filosofijos lentyna (apatinė)",,"D25. Sociologija, semiotika, antropologija",,K01658,Lentynoje,,,,,,,,,,,,
1649.0,Carlas Gustavas Jungas (Карл Густав Юнг),Rinktinė (raudonas tomas),,Rusų,,,Psichologija,,,,"Spinta D (balta), filosofijos lentyna (apatinė)",PATIKSLINTI pavadinimą,D23. Psichologija ir saviugda,Psichoanalizės ir raidos klasika,K01659,Lentynoje,,,,,,,,,,,,
1650.0,"Ibn Sina (Avicena, Ибн Сина)",Rinktinė,,Rusų,,,Filosofija,,,,"Spinta D (balta), filosofijos lentyna (apatinė)",Ornamentuotas tomas,D19. Filosofijos klasika,Antika–Apšvieta,K01660,Lentynoje,,,,,,,,,,,,
1651.0,Viktoras Franklis (В. Франкл),Человек в поисках смысла,Man's Search for Meaning,Rusų,Прогресс,,Psichologija,,,,"Spinta D (balta), filosofijos lentyna (apatinė)",,D23. Psichologija ir saviugda,Psichoanalizės ir raidos klasika,K01661,Lentynoje,,,,,,,,,,,,
1652.0,,Западноевропейская философия XVII века,,Rusų,,,Filosofijos istorija,,,,"Spinta D (balta), filosofijos lentyna (apatinė)",,D19. Filosofijos klasika,Antika–Apšvieta,K01662,Lentynoje,,,,,,,,,,,,
1653.0,J. V. Vinciūnas,Raštai,,Lietuvių,,,Filosofija,,,,"Spinta D (balta), filosofijos lentyna (apatinė)",PATIKSLINTI,D20. XX a. ir lietuvių filosofija,,K01663,Lentynoje,,,,,,,,,,,,
1654.0,,Утопия и утопическое мышление,,Rusų,,,Filosofija / antologija,,,,"Spinta D (balta), filosofijos lentyna (apatinė)",,B10. Distopijos ir utopijos,,K01664,Lentynoje,,,,,,,,,,,,
1655.0,Thomas Hobbes,Leviathan,,Anglų,Everyman's Library,,Politinė filosofija,Everyman's Library,,,"Spinta D (balta), filosofijos lentyna (apatinė)",,D19. Filosofijos klasika,Antika–Apšvieta,K01665,Lentynoje,,,,,,,,,,,,
1656.0,Juozas Nekrošius,Tas akmenų švelnumas,,Lietuvių,,,Poezija,,,,"Spinta D (balta), filosofijos lentyna (apatinė)",,A49. Lietuvių klasika ir raštai,,K01666,Lentynoje,,,,,,,,,,,,
1657.0,Robertas Keturakis,Saulabroliai,,Lietuvių,,,Poezija,,,,"Spinta D (balta), filosofijos lentyna (apatinė)",,A49. Lietuvių klasika ir raštai,,K01667,Lentynoje,,,,,,,,,,,,
1658.0,Petras Vaičiūnas,Pernykštis sniegas,,Lietuvių,,,Poezija / drama,,,,"Spinta D (balta), filosofijos lentyna (apatinė)",,A49. Lietuvių klasika ir raštai,,K01668,Lentynoje,,,,,,,,,,,,
1659.0,Jimmy Petterson,Skiing Around the World,,Anglų,Zetterqvist Publishing,,Kelionės / sportas,,,,"Medinė lentyna, 1 lentyna (kelionės)",,"H47. Kelionės, atlasai, geografija",Kelionių literatūra,K01669,Lentynoje,,,,,,,,,,,,
1660.0,Jurga ir Ričardas Anusauskai,Azijos dvasia,,Lietuvių,Alma littera,,Kelionės,,,,"Medinė lentyna, 1 lentyna (kelionės)",,"H47. Kelionės, atlasai, geografija",Kelionių literatūra,K01670,Lentynoje,,,,,,,,,,,,
1661.0,,Beijing (北京),,Anglų / kinų,,,Kelionės / albumas,,,,"Medinė lentyna, 1 lentyna (kelionės)",,"H47. Kelionės, atlasai, geografija",Kelionių literatūra,K01671,Lentynoje,,,,,,,,,,,,
1662.0,V. L. Larinas (В. Л. Ларин),По Юго-Западному Китаю,,Rusų,,,Kelionės,,,,"Medinė lentyna, 1 lentyna (kelionės)",,"H47. Kelionės, atlasai, geografija",Kelionių literatūra,K01672,Lentynoje,,,,,,,,,,,,
1663.0,,По Западным районам КНР,,Rusų,,,Kelionės,,,,"Medinė lentyna, 1 lentyna (kelionės)",PATIKSLINTI autorių,"H47. Kelionės, atlasai, geografija",Kelionių literatūra,K01673,Lentynoje,,,,,,,,,,,,
1664.0,Vita Vilimaitė Lefebvre Delattre,Šešeri metai Saigone,,Lietuvių,Alma littera,,Kelionės / memuarai,,,,"Medinė lentyna, 1 lentyna (kelionės)",,E32. Biografijos ir memuarai,Asmenybės ir memuarai,K01674,Lentynoje,,,,,,,,,,,,
1665.0,Jim Baker,Crossroads: A Popular History of Malaysia and Singapore,,Anglų,Marshall Cavendish,,Istorija,,,,"Medinė lentyna, 1 lentyna (kelionės)",,E31. Istorijos biblioteka,Šalių ir epochų istorijos,K01675,Lentynoje,,,,,,,,,,,,
1667.0,Tomkinson,Tomkinson's Tunisia,,Anglų,,,Kelionės,,,,"Medinė lentyna, 1 lentyna (kelionės)",,"H47. Kelionės, atlasai, geografija",Kelionių literatūra,K01677,Lentynoje,,,,,,,,,,,,
1668.0,,Ägypten,,Vokiečių,Kunst der Welt,,Menas / istorija,Kunst der Welt,,,"Medinė lentyna, 1 lentyna (kelionės)",,E31. Istorijos biblioteka,Šalių ir epochų istorijos,K01678,Lentynoje,,,,,,,,,,,,
1669.0,Gabrielė Štaraitė (?),Apie Afrikos žmones ir žvėris,,Lietuvių,,,Kelionės,,,,"Medinė lentyna, 1 lentyna (kelionės)",PATIKSLINTI autorę,"H47. Kelionės, atlasai, geografija",Kelionių literatūra,K01679,Lentynoje,,,,,,,,,,,,
1670.0,Saulius Norkevičius,Paslaptinga Amazonija: Mato Šalčiaus klajonių pėdsakais,,Lietuvių,Balto,,Kelionės,,,,"Medinė lentyna, 1 lentyna (kelionės)",PATIKSLINTI tikslų pavadinimą,"H47. Kelionės, atlasai, geografija",Kelionių literatūra,K01680,Lentynoje,,,,,,,,,,,,
1671.0,,Polinezijos salos,,Lietuvių,,,Kelionės,,,,"Medinė lentyna, 1 lentyna (kelionės)",,"H47. Kelionės, atlasai, geografija",Kelionių literatūra,K01681,Lentynoje,,,,,,,,,,,,
1672.0,Gerimantas Statinis,Rinktinė (kelionių),,Lietuvių,Versus aureus,,Kelionės,,,,"Medinė lentyna, 1 lentyna (kelionės)",PATIKSLINTI pavadinimą (žalias tomas),"H47. Kelionės, atlasai, geografija",Kelionių literatūra,K01682,Lentynoje,,,,,,,,,,,,
1673.0,,Through My Father's Eyes (Revised Edition),,Anglų,,,Memuarai,,,,"Medinė lentyna, 1 lentyna (kelionės)",,E32. Biografijos ir memuarai,Asmenybės ir memuarai,K01683,Lentynoje,,,,,,,,,,,,
1674.0,,Israel Then & Now,,Anglų,,,Istorija / albumas,,,,"Medinė lentyna, 1 lentyna (kelionės)",,E31. Istorijos biblioteka,Šalių ir epochų istorijos,K01684,Lentynoje,,,,,,,,,,,,
1675.0,Magnus,Athens,,Anglų,,,Kelionės,,,,"Medinė lentyna, 1 lentyna (kelionės)",,"H47. Kelionės, atlasai, geografija",Kelionių literatūra,K01685,Lentynoje,,,,,,,,,,,,
1676.0,,Jerusalem Through My...,,Anglų,,,Kelionės / istorija,,,,"Medinė lentyna, 1 lentyna (kelionės)",PATIKSLINTI pavadinimą (juodas tomas viršuje),E31. Istorijos biblioteka,Šalių ir epochų istorijos,K01686,Lentynoje,,,,,,,,,,,,
1677.0,,Journey in Venetia,,Anglų,,,Kelionės / albumas,,,,"Medinė lentyna, 1 lentyna (kelionės)",,"H47. Kelionės, atlasai, geografija",Kelionių literatūra,K01687,Lentynoje,,,,,,,,,,,,
1678.0,,Sardegna: Between Legend and History,,Anglų,,,Kelionės / istorija,,,,"Medinė lentyna, 1 lentyna (kelionės)",,E31. Istorijos biblioteka,Šalių ir epochų istorijos,K01688,Lentynoje,,,,,,,,,,,,
1679.0,,A Pinch of Sicily (?),,Anglų,,,Kelionės / kulinarija,,,,"Medinė lentyna, 1 lentyna (kelionės)",PATIKSLINTI,H42. Kulinarija ir gėrimai,Pasaulio virtuvės,K01689,Lentynoje,,,,,,,,,,,,
1680.0,,Living on the Edge: Leonardo's Florence (?),,Anglų,,,Kelionės / istorija,,,,"Medinė lentyna, 1 lentyna (kelionės)",PATIKSLINTI,E31. Istorijos biblioteka,Šalių ir epochų istorijos,K01690,Lentynoje,,,,,,,,,,,,
1681.0,Luciano Artusi (?),Firenze: gidas,,Italų,,,Kelionės,,,,"Medinė lentyna, 1 lentyna (kelionės)",PATIKSLINTI,"H47. Kelionės, atlasai, geografija",Kelionių literatūra,K01691,Lentynoje,,,,,,,,,,,,
1682.0,,Mallorca: la isla de mil caras,,Ispanų,Triangle Postals,,Kelionės / albumas,,,,"Medinė lentyna, 1 lentyna (kelionės)",,"H47. Kelionės, atlasai, geografija",Kelionių literatūra,K01692,Lentynoje,,,,,,,,,,,,
1683.0,,Lionginas Šepetys,,Lietuvių,,,Biografija / menas,,,,"Medinė lentyna, 1 lentyna (kelionės)",PATIKSLINTI,E32. Biografijos ir memuarai,Asmenybės ir memuarai,K01693,Lentynoje,,,,,,,,,,,,
1684.0,Justas Vincas Paleckis,Rinktinė,,Lietuvių,,,Publicistika,,,,"Medinė lentyna, 1 lentyna (kelionės)",PATIKSLINTI pavadinimą (juodas tomas),F33. Geopolitika ir publicistika,,K01694,Lentynoje,,,,,,,,,,,,
1685.0,,The Golden Book of the Châteaux of the Loire (English Edition),,Anglų,Bonechi,,Kelionės / albumas,,,,"Medinė lentyna, 1 lentyna (kelionės)",Antras egz. (pirmas — Nr. 674),"H47. Kelionės, atlasai, geografija",Kelionių literatūra ★ pora: originalas + vertimas,K01695,Lentynoje,,,,,,,,,,,,
1686.0,,Histoire de France,,Prancūzų,,,Istorija,,,,"Medinė lentyna, 1 lentyna (kelionės)",,E31. Istorijos biblioteka,Šalių ir epochų istorijos,K01696,Lentynoje,,,,,,,,,,,,
1687.0,,Les Dirigeants (de Verringetorix à la Ve République),,Prancūzų,,,Istorija,,,,"Medinė lentyna, 1 lentyna (kelionės)",PATIKSLINTI,E31. Istorijos biblioteka,Šalių ir epochų istorijos,K01697,Lentynoje,,,,,,,,,,,,
1688.0,,,,,,,,,,,"Medinė lentyna, 1 lentyna (kelionės)","PATIKSLINTI: dar 2-3 tomai (apiplyšęs senas, oranžinis, „...iamas su Prancūzija“) — iš dalies matomi","X. Ūkinė zona: žinynai, vadovėliai, periodika",,K01698,Lentynoje,,,,,,,,,,,,
1689.0,,"Vilniaus istorija (XIII a.–1795 m., I tomas)",,Lietuvių,,,Istorija,,,,"Medinė lentyna, 2 lentyna (dailės albumai)",,E28. Vilniaus biblioteka,,K01699,Lentynoje,,,,,,,,,,,,
1690.0,Joel K. Kahn,The Plant-Based Solution,,Anglų,,,Mityba / sveikata,,,,"Medinė lentyna, 2 lentyna (dailės albumai)",,H43. Sveikata ir mityba,,K01700,Lentynoje,,,,,,,,,,,,
1691.0,,Public Space,,Anglų,,,Architektūra / urbanistika,,,,"Medinė lentyna, 2 lentyna (dailės albumai)",PATIKSLINTI,"H48. Menas, kalbos, pomėgiai",Architektūra ir miestai,K01701,Lentynoje,,,,,,,,,,,,
1692.0,Gil Imaná,Pintores Bolivianos Contemporáneos,,Ispanų,Aguilar,,Dailės albumas,,,,"Medinė lentyna, 2 lentyna (dailės albumai)",,"H48. Menas, kalbos, pomėgiai",Pasaulio dailės albumai,K01702,Lentynoje,,,,,,,,,,,,
1693.0,,Микеланджело,,Rusų,,,Dailės monografija,,,,"Medinė lentyna, 2 lentyna (dailės albumai)",,"H48. Menas, kalbos, pomėgiai",Pasaulio dailės albumai,K01703,Lentynoje,,,,,,,,,,,,
1694.0,Selemonas Paltanavičius,Lietuvos gyvūnai (?),,Lietuvių,,,Gamta,,,,"Medinė lentyna, 2 lentyna (dailės albumai)",PATIKSLINTI pavadinimą,B11. SF aukso amžius,,K01704,Lentynoje,,,,,,,,,,,,
1695.0,,Vakarų Europos tapyba (I tomas),,Lietuvių,,,Dailės albumas,,,,"Medinė lentyna, 2 lentyna (dailės albumai)",,"H48. Menas, kalbos, pomėgiai",Pasaulio dailės albumai,K01705,Lentynoje,,,,,,,,,,,,
1696.0,,Vakarų Europos tapyba (II tomas),,Lietuvių,,,Dailės albumas,,,,"Medinė lentyna, 2 lentyna (dailės albumai)",,"H48. Menas, kalbos, pomėgiai",Pasaulio dailės albumai,K01706,Lentynoje,,,,,,,,,,,,
1697.0,,Caspar David Friedrich,,Vokiečių / rusų,,,Dailės monografija,,,,"Medinė lentyna, 2 lentyna (dailės albumai)",PATIKSLINTI leidimą,"H48. Menas, kalbos, pomėgiai",Pasaulio dailės albumai,K01707,Lentynoje,,,,,,,,,,,,
1698.0,,Lietuvos tapyba (2 egz.),,Lietuvių,,,Dailės albumas,,,,"Medinė lentyna, 2 lentyna (dailės albumai)",Du vienodi/panašūs tomai,"H48. Menas, kalbos, pomėgiai",Lietuvių dailė,K01708,Lentynoje,,,,,,,,,,,,
1699.0,,Mikalojus Konstantinas Čiurlionis (albumas),,Lietuvių,,,Dailės albumas,,,,"Medinė lentyna, 2 lentyna (dailės albumai)",Gali sutapti su Nr. 1393,"H48. Menas, kalbos, pomėgiai",Lietuvių dailė,K01709,Lentynoje,,,,,,,,,,,,
1700.0,Stasys Krasauskas (Стасис Красаускас),Albumas,,Lietuvių / rusų,,,Dailės albumas,,,,"Medinė lentyna, 2 lentyna (dailės albumai)",,"H48. Menas, kalbos, pomėgiai",Lietuvių dailė,K01710,Lentynoje,,,,,,,,,,,,
1701.0,,Kazys Šimonis (albumas),,Lietuvių,,,Dailės albumas,,,,"Medinė lentyna, 2 lentyna (dailės albumai)",,"H48. Menas, kalbos, pomėgiai",Lietuvių dailė,K01711,Lentynoje,,,,,,,,,,,,
1702.0,Craig Foster; Ross Frylinck,Underwater Wild,,Anglų,HMH,,Gamta / fotografija,,,,"Medinė lentyna, 2 lentyna (dailės albumai)",,H46. Gamta ir gyvūnija,,K01712,Lentynoje,,,,,,,,,,,,
1703.0,,Petras Repšys (monografija),,Lietuvių,Kultūros barai,,Dailės monografija,,,,"Medinė lentyna, 2 lentyna (dailės albumai)",Patikslina Nr. 689,"H48. Menas, kalbos, pomėgiai",Lietuvių dailė,K01713,Lentynoje,,,,,,,,,,,,
1704.0,Algimantas Aleksandravičius,Fotografijų albumas,,Lietuvių,,,Fotografija,,,,"Medinė lentyna, 2 lentyna (dailės albumai)",PATIKSLINTI pavadinimą,"H48. Menas, kalbos, pomėgiai",Lietuvių dailė,K01714,Lentynoje,,,,,,,,,,,,
1705.0,,Augustinas Savickas (2 tomai),,Lietuvių,,,Dailės monografija,,,,"Medinė lentyna, 2 lentyna (dailės albumai)",Gali sietis su Nr. 690,"H48. Menas, kalbos, pomėgiai",Lietuvių dailė,K01715,Lentynoje,,,,,,,,,,,,
1706.0,Mikalojus Vilutis,Tortas,,Lietuvių,,,Eseistika / dailė,,,,"Medinė lentyna, 2 lentyna (dailės albumai)",Patikslina Nr. 913,A3. Klasikos kanonas (pagal šalis),Kita klasika ir antologijos,K01716,Lentynoje,,,,,,,,,,,,
1707.0,,Lietuvių grafika,,Lietuvių,,,Dailės albumas,,,,"Medinė lentyna, 2 lentyna (dailės albumai)",Minėta Nr. 698 pastaboje,"H48. Menas, kalbos, pomėgiai",Lietuvių dailė,K01717,Lentynoje,,,,,,,,,,,,
1708.0,,Lietuvos sakralinė dailė / Sacred Art of Lithuania,,Lietuvių / anglų,,,Dailės albumas,,,,"Medinė lentyna, 2 lentyna (dailės albumai)",Antras egz. (pirmas — Nr. 691),"H48. Menas, kalbos, pomėgiai",Pasaulio dailės albumai ★ pora: originalas + vertimas,K01718,Lentynoje,,,,,,,,,,,,
1709.0,,,,Lietuvių,,,,,,,"Medinė lentyna, 2 lentyna (dailės albumai)","PATIKSLINTI: dešinėje dar „Grafika 197...“, „Lietuvos istorija“ ir 2-3 užstoti tomai","X. Ūkinė zona: žinynai, vadovėliai, periodika",,K01719,Lentynoje,,,,,,,,,,,,
1710.0,,Охота и политика: десять веков русской охоты,,Rusų,,,Istorija / medžioklė,,,,"Medinė lentyna, 3 lentyna (atlasai, geografija)",,E31. Istorijos biblioteka,Šalių ir epochų istorijos,K01720,Lentynoje,,,,,,,,,,,,
1711.0,,The Times Atlas of the World,,Anglų,Times Books,,Atlasas,,,,"Medinė lentyna, 3 lentyna (atlasai, geografija)",,"H47. Kelionės, atlasai, geografija",Gidai ir atlasai,K01721,Lentynoje,,,,,,,,,,,,
1712.0,Marc Kaufman,Mars Up Close,,Anglų,National Geographic,,Astronomija,,,,"Medinė lentyna, 3 lentyna (atlasai, geografija)",,"F34. Kosmosas, fizika, matematika",,K01722,Lentynoje,,,,,,,,,,,,
1713.0,Dana Berry,Pirmyn į Marsą,Mars: Our Future on the Red Planet (?),Lietuvių,Eugrimas (?),,Astronomija,,,,"Medinė lentyna, 3 lentyna (atlasai, geografija)",PATIKSLINTI originalą,"F34. Kosmosas, fizika, matematika",,K01723,Lentynoje,,,,,,,,,,,,
1714.0,,Naujasis pasaulio geografijos atlasas,,Lietuvių,,,Atlasas,,,,"Medinė lentyna, 3 lentyna (atlasai, geografija)",,"H47. Kelionės, atlasai, geografija",Gidai ir atlasai,K01724,Lentynoje,,,,,,,,,,,,
1715.0,,Pasaulio geografijos enciklopedija ir viso pasaulio atlasas,,Lietuvių,Usborne,,Enciklopedija / atlasas,,,,"Medinė lentyna, 3 lentyna (atlasai, geografija)",Su nuorodomis į interneto puslapius,"H47. Kelionės, atlasai, geografija",Gidai ir atlasai,K01725,Lentynoje,,,,,,,,,,,,
1716.0,,Geographica: World Atlas & Encyclopedia,,Anglų,h.f.ullmann,,Atlasas / enciklopedija,,,,"Medinė lentyna, 3 lentyna (atlasai, geografija)",,"H47. Kelionės, atlasai, geografija",Gidai ir atlasai,K01726,Lentynoje,,,,,,,,,,,,
1717.0,,Pasaulio atlasas,,Lietuvių,Naujoji Rosma,,Atlasas,,,,"Medinė lentyna, 3 lentyna (atlasai, geografija)",,"H47. Kelionės, atlasai, geografija",Gidai ir atlasai,K01727,Lentynoje,,,,,,,,,,,,
1718.0,Laurent Ballesta; Pierre Descamp (?),Planeta / vandenynai (mėlynas tomas),,Lietuvių (?),,,Gamta,,,,"Medinė lentyna, 3 lentyna (atlasai, geografija)",PATIKSLINTI (tamsiai mėlynas tomas su skirtuku),H46. Gamta ir gyvūnija,,K01728,Lentynoje,,,,,,,,,,,,
1719.0,,Jūrų planeta,,Lietuvių,Alma littera,,Gamta / jūros,,,,"Medinė lentyna, 3 lentyna (atlasai, geografija)",,H46. Gamta ir gyvūnija,,K01729,Lentynoje,,,,,,,,,,,,
1720.0,,Žemė,,Lietuvių,DK / Alma littera,,Gamta / enciklopedija,,,,"Medinė lentyna, 3 lentyna (atlasai, geografija)",,H46. Gamta ir gyvūnija,,K01730,Lentynoje,,,,,,,,,,,,
1721.0,,Toli iš arti,,Lietuvių,Aktėja,,Fotografija / geografija,,,,"Medinė lentyna, 3 lentyna (atlasai, geografija)",,"H47. Kelionės, atlasai, geografija",Kelionių literatūra,K01731,Lentynoje,,,,,,,,,,,,
1722.0,,100 gražiausių pasaulio aikščių,,Lietuvių,,,Architektūra / albumas,,,,"Medinė lentyna, 3 lentyna (atlasai, geografija)",,"H48. Menas, kalbos, pomėgiai",Architektūra ir miestai,K01732,Lentynoje,,,,,,,,,,,,
1723.0,Marcello Morelli (proj. vad.),Pasaulio valdovų rūmai,,Lietuvių,Aktėja,,Architektūra / albumas,,,,"Medinė lentyna, 3 lentyna (atlasai, geografija)",,"H48. Menas, kalbos, pomėgiai",Architektūra ir miestai,K01733,Lentynoje,,,,,,,,,,,,
1724.0,,Šventyklos ir vienuolynai,,Lietuvių,Alma littera,,Architektūra / religija,,,,"Medinė lentyna, 3 lentyna (atlasai, geografija)",,D21. Religijotyra ir šventraščiai,Krikščionybė ir religijotyra,K01734,Lentynoje,,,,,,,,,,,,
1725.0,Ingo F. Walther,Pablo Picasso,,Anglų / vokiečių,Taschen,,Dailės monografija,,,,"Medinė lentyna, 4 lentyna (albumai, Vilniaus istorija)",,"H48. Menas, kalbos, pomėgiai",Pasaulio dailės albumai,K01735,Lentynoje,,,,,,,,,,,,
1726.0,,Vilniaus miesto istorijos skaitiniai,,Lietuvių,,,Istorija,,,,"Medinė lentyna, 4 lentyna (albumai, Vilniaus istorija)",,E28. Vilniaus biblioteka,,K01736,Lentynoje,,,,,,,,,,,,
1727.0,Olga Tuberozova (?),Svečiuose pas paveikslus,,Lietuvių,,,Menotyra / vaikams,,,,"Medinė lentyna, 4 lentyna (albumai, Vilniaus istorija)",PATIKSLINTI autorę,"H48. Menas, kalbos, pomėgiai",Pasaulio dailės albumai,K01737,Lentynoje,,,,,,,,,,,,
1728.0,Rokas Pralgauskas (?),Rinktinė,,Lietuvių,,,Proza,,,,"Medinė lentyna, 4 lentyna (albumai, Vilniaus istorija)",PATIKSLINTI (nugarėlė sunkiai įskaitoma),A3. Klasikos kanonas (pagal šalis),Kita klasika ir antologijos,K01738,Lentynoje,,,,,,,,,,,,
1729.0,Aziz Ansari,Modern Romance,,Anglų,Penguin,,Sociologija / humoras,,,,"Medinė lentyna, 4 lentyna (albumai, Vilniaus istorija)",,A3. Klasikos kanonas (pagal šalis),Kita klasika ir antologijos,K01739,Lentynoje,,,,,,,,,,,,
1730.0,,Knyga armėnų kalba,,Armėnų,,,,,,,"Medinė lentyna, 4 lentyna (albumai, Vilniaus istorija)",PATIKSLINTI (Գ. հանրագ...),"X. Ūkinė zona: žinynai, vadovėliai, periodika",,K01740,Lentynoje,,,,,,,,,,,,
1731.0,,Šventasis Raštas,,Lietuvių,,,Religija,,,,"Medinė lentyna, 4 lentyna (albumai, Vilniaus istorija)",Bordinis leidimas su Α Ω. Žr. Nr. 297 (II tomas),D21. Religijotyra ir šventraščiai,Šventraščiai,K01741,Lentynoje,,,,,,,,,,,,
1732.0,George R. R. Martin,Fire & Blood,,Anglų,,,Fantastika,A Song of Ice and Fire,,,"Medinė lentyna, 4 lentyna (albumai, Vilniaus istorija)",,B12. Šiuolaikinė SF ir fantasy,Epinė fantasy,K01742,Lentynoje,,,,,,,,,,,,
1733.0,,Витторе Карпаччо (Vittore Carpaccio),,Rusų,,,Dailės monografija,,,,"Medinė lentyna, 4 lentyna (albumai, Vilniaus istorija)",,"H48. Menas, kalbos, pomėgiai",Pasaulio dailės albumai,K01743,Lentynoje,,,,,,,,,,,,
1734.0,,Vilniaus istorija: 1915–1990 metai (III tomas),,Lietuvių,,,Istorija,,,,"Medinė lentyna, 4 lentyna (albumai, Vilniaus istorija)",,E28. Vilniaus biblioteka,,K01744,Lentynoje,,,,,,,,,,,,
1735.0,,Vilniaus istorija: 1795–1914 metai (II tomas),,Lietuvių,,,Istorija,,,,"Medinė lentyna, 4 lentyna (albumai, Vilniaus istorija)",I tomas — Nr. 1689,E28. Vilniaus biblioteka,,K01745,Lentynoje,,,,,,,,,,,,
1736.0,Federico García Lorca,Selected Poems,,Anglų,Oxford University Press,,Poezija,,,,"Medinė lentyna, 4 lentyna (albumai, Vilniaus istorija)",,A3. Klasikos kanonas (pagal šalis),Italų ir ispanų klasika,K01746,Lentynoje,,,,,,,,,,,,
1737.0,,Виталий Бутырин: избранные работы,,Rusų,,,Fotografija / albumas,,,,"Medinė lentyna, 4 lentyna (albumai, Vilniaus istorija)",PATIKSLINTI,"H48. Menas, kalbos, pomėgiai",Lietuvių dailė,K01747,Lentynoje,,,,,,,,,,,,
1738.0,,,,,,,,,,,"Medinė lentyna, 4 lentyna (albumai, Vilniaus istorija)","PATIKSLINTI: dar keli tomai (vokiškas „...der Kunst“, „Государственный музей изобразительных искусств“(?), gulsčiai sudėti rudi tomai viršuje, „Teesie“) — nugarėlės iš dalies matomos","X. Ūkinė zona: žinynai, vadovėliai, periodika",,K01748,Lentynoje,,,,,,,,,,,,
1739.0,,Советское кино / Soviet Cinema,,Rusų / anglų,,,Kinas / albumas,,,,"Medinė lentyna, 5 lentyna (kinas, menas, muzika)",,"H48. Menas, kalbos, pomėgiai",Kinas,K01749,Lentynoje,,,,,,,,,,,,
1740.0,Philip Kemp,Cinema: The Whole Story,,Anglų,Thames & Hudson,,Kinas,,,,"Medinė lentyna, 5 lentyna (kinas, menas, muzika)",,"H48. Menas, kalbos, pomėgiai",Kinas,K01750,Lentynoje,,,,,,,,,,,,
1741.0,,Režisierius Almantas Grikevičius: epizodai paskutiniam filmui,,Lietuvių,,,Kinas / biografija,,,,"Medinė lentyna, 5 lentyna (kinas, menas, muzika)",,E32. Biografijos ir memuarai,Asmenybės ir memuarai,K01751,Lentynoje,,,,,,,,,,,,
1742.0,Barry Norman,100 Best Films of the Century,,Anglų,,,Kinas,,,,"Medinė lentyna, 5 lentyna (kinas, menas, muzika)",,"H48. Menas, kalbos, pomėgiai",Kinas,K01752,Lentynoje,,,,,,,,,,,,
1743.0,Vidas Poškus,Menininko dirbtuvė: 42 istorijos,,Lietuvių,Tyto alba,,Menas / eseistika,,,,"Medinė lentyna, 5 lentyna (kinas, menas, muzika)",,A3. Klasikos kanonas (pagal šalis),Kita klasika ir antologijos,K01753,Lentynoje,,,,,,,,,,,,
1744.0,M. Zakas (М. Зак),Михаил Ромм и его фильмы,,Rusų,,,Kinas / biografija,,,,"Medinė lentyna, 5 lentyna (kinas, menas, muzika)",,E32. Biografijos ir memuarai,Asmenybės ir memuarai,K01754,Lentynoje,,,,,,,,,,,,
1745.0,Markas Petuchauskas,Ekrane ir už ekrano,,Lietuvių,,,Kinas / teatras,,,,"Medinė lentyna, 5 lentyna (kinas, menas, muzika)",PATIKSLINTI tikslų pavadinimą,"H48. Menas, kalbos, pomėgiai",Kinas,K01755,Lentynoje,,,,,,,,,,,,
1746.0,Zero Mostel; Robert Frank (fotogr.),Zero Mostel Reads a Book,,Anglų,,,Fotografija / humoras,,,,"Medinė lentyna, 5 lentyna (kinas, menas, muzika)",,A3. Klasikos kanonas (pagal šalis),Kita klasika ir antologijos,K01756,Lentynoje,,,,,,,,,,,,
1747.0,,An den Hängen der Berge die Zypressen,,Vokiečių,Steidl (?),,Fotografija / poezija,,,,"Medinė lentyna, 5 lentyna (kinas, menas, muzika)",PATIKSLINTI,A5. Vokiškoji lentyna (originalo k.),,K01757,Lentynoje,,,,,,,,,,,,
1748.0,Vilius Kavaliauskas (?),Lietuvos karininko fotoalbumas,,Lietuvių,,,Istorija / fotografija,,,,"Medinė lentyna, 5 lentyna (kinas, menas, muzika)",Patikslina / antras egz. Nr. 472,E27. LDK ir Lietuvos istorija,Sintezės ir monografijos,K01758,Lentynoje,,,,,,,,,,,,
1749.0,,1000 Photo Icons (George Eastman House),,Anglų,Taschen,,Fotografija,,,,"Medinė lentyna, 5 lentyna (kinas, menas, muzika)",,"H48. Menas, kalbos, pomėgiai",Fotografija,K01759,Lentynoje,,,,,,,,,,,,
1750.0,Arvydas Šliogeris,Melancholijos archipelagai,,Lietuvių,,,Filosofija / fotografija,,,,"Medinė lentyna, 5 lentyna (kinas, menas, muzika)",,D20. XX a. ir lietuvių filosofija,,K01760,Lentynoje,,,,,,,,,,,,
1751.0,,"Distelgewächs, das mich ergriff (?)",,Vokiečių,,,Poezija / menas,,,,"Medinė lentyna, 5 lentyna (kinas, menas, muzika)",PATIKSLINTI,A5. Vokiškoji lentyna (originalo k.),,K01761,Lentynoje,,,,,,,,,,,,
1752.0,,Gitarre (mokykla / albumas),,Vokiečių (?),,,Muzika,,,,"Medinė lentyna, 5 lentyna (kinas, menas, muzika)",PATIKSLINTI,"H48. Menas, kalbos, pomėgiai",Muzika,K01762,Lentynoje,,,,,,,,,,,,
1753.0,,The World's Greatest Artists and Bands: Chord Songbook,,Anglų,,,Muzika / natos,,,,"Medinė lentyna, 5 lentyna (kinas, menas, muzika)",,"H48. Menas, kalbos, pomėgiai",Muzika,K01763,Lentynoje,,,,,,,,,,,,
1754.0,Andrius Kulikauskas,Pašėlęs vėjas: grokim su Andriumi Kulikausku,,Lietuvių,,,Muzika / natos,,,,"Medinė lentyna, 5 lentyna (kinas, menas, muzika)",PATIKSLINTI,"H48. Menas, kalbos, pomėgiai",Muzika,K01764,Lentynoje,,,,,,,,,,,,
1755.0,Juozas Statkevičius,Grožio kirtis,,Lietuvių,Tyto alba,,Mada / memuarai,,,,"Medinė lentyna, 5 lentyna (kinas, menas, muzika)",,E32. Biografijos ir memuarai,Menininkų biografijos,K01765,Lentynoje,,,,,,,,,,,,
1756.0,,Didžioji Lietuvos grybų knyga,,Lietuvių,,,Gamta / grybai,,,,"Medinė lentyna, 5 lentyna (kinas, menas, muzika)",,H46. Gamta ir gyvūnija,,K01766,Lentynoje,,,,,,,,,,,,
1757.0,Dick Grote,The Complete Guide to Performance Appraisal,,Anglų,AMACOM,,Vadyba / HR,,,,"Medinė lentyna, 5 lentyna (kinas, menas, muzika)",,G37. Strategija ir vadyba,,K01767,Lentynoje,,,,,,,,,,,,
1758.0,Anne Sverdrup-Thygeson,Vabzdžių planeta,Insektenes planet,Lietuvių,Kitos knygos,,Mokslo populiarinimas,,,,"Medinė lentyna, 5 lentyna (kinas, menas, muzika)",,F36. Mokslo ir idėjų istorija,,K01768,Lentynoje,,,,,,,,,,,,
1759.0,Janet Lowe,Kalba Warrenas Buffettas,Warren Buffett Speaks,Lietuvių,baltos lankos,,Finansai / verslas,,,,"Medinė lentyna, 5 lentyna (kinas, menas, muzika)",,F32. Ekonomika ir politinė ekonomija,,K01769,Lentynoje,,,,,,,,,,,,
1760.0,,Master (versija 1.1),,Lietuvių,,,Saviugda / verslas,,,,"Medinė lentyna, 5 lentyna (kinas, menas, muzika)",PATIKSLINTI autorių,D23. Psichologija ir saviugda,Saviugda,K01770,Lentynoje,,,,,,,,,,,,
1761.0,Antanas Marcelionis,Meno pažinimas: mokytojas – mokinys,,Lietuvių,,,Menotyra,,,,"Medinė lentyna, 5 lentyna (kinas, menas, muzika)",,"H48. Menas, kalbos, pomėgiai",Pasaulio dailės albumai,K01771,Lentynoje,,,,,,,,,,,,
1762.0,,Vilnius (albumas),,Lietuvių,baltos lankos,,Albumas,,,,"Medinė lentyna, 5 lentyna (kinas, menas, muzika)",,E28. Vilniaus biblioteka,,K01772,Lentynoje,,,,,,,,,,,,
1763.0,Hannelore Fischer-Reska,Knyga apie gydomąsias zonas,,Lietuvių,,,Sveikata,,,,"Medinė lentyna, 6 lentyna (sveikata, gamta)",Padėta gulsčiai,H43. Sveikata ir mityba,,K01773,Lentynoje,,,,,,,,,,,,
1764.0,,Sąnarių ir kaulų ligos,,Lietuvių,,,Medicina,,,,"Medinė lentyna, 6 lentyna (sveikata, gamta)",Padėta gulsčiai,H44. Alternatyvi ir Rytų medicina,,K01774,Lentynoje,,,,,,,,,,,,
1765.0,,Sing Out!,,Anglų,,,Muzika,,,,"Medinė lentyna, 6 lentyna (sveikata, gamta)",Padėta gulsčiai,"H48. Menas, kalbos, pomėgiai",Muzika,K01775,Lentynoje,,,,,,,,,,,,
1766.0,Tsai,The People's Race Inc.,,Anglų,,,Sportas / visuomenė,,,,"Medinė lentyna, 6 lentyna (sveikata, gamta)",Padėta gulsčiai,"H48. Menas, kalbos, pomėgiai",Sportas,K01776,Lentynoje,,,,,,,,,,,,
1767.0,Joe Vitale,Jokių ribų,Zero Limits,Lietuvių,,,Saviugda,,,,"Medinė lentyna, 6 lentyna (sveikata, gamta)",Padėta gulsčiai,D23. Psichologija ir saviugda,Saviugda,K01777,Lentynoje,,,,,,,,,,,,
1768.0,,150 of the Most Beautiful Songs Ever,,Anglų,Hal Leonard,,Muzika / natos,,,,"Medinė lentyna, 6 lentyna (sveikata, gamta)",,"H48. Menas, kalbos, pomėgiai",Muzika,K01778,Lentynoje,,,,,,,,,,,,
1769.0,,An Easy Guide to Ayurveda,,Anglų,,,Sveikata / ajurveda,,,,"Medinė lentyna, 6 lentyna (sveikata, gamta)",,H44. Alternatyvi ir Rytų medicina,,K01779,Lentynoje,,,,,,,,,,,,
1770.0,Maria Treben,Vaistingieji augalai iš Dievo sodo,Gesundheit aus der Apotheke Gottes,Lietuvių,,,Žolininkystė,,,,"Medinė lentyna, 6 lentyna (sveikata, gamta)",,H44. Alternatyvi ir Rytų medicina,,K01780,Lentynoje,,,,,,,,,,,,
1771.0,,Sveika širdis – tik per 30 minučių kasdien,,Lietuvių,Reader's Digest,,Sveikata,,,,"Medinė lentyna, 6 lentyna (sveikata, gamta)",,H43. Sveikata ir mityba,,K01781,Lentynoje,,,,,,,,,,,,
1772.0,Klaus Oberbeil; Christiane Lentz,Gamtos dovanoti vaistai,,Lietuvių,,,Sveikata / mityba,,,,"Medinė lentyna, 6 lentyna (sveikata, gamta)",,H43. Sveikata ir mityba,,K01782,Lentynoje,,,,,,,,,,,,
1773.0,Filomena Taunytė,9/10 laimės,,Lietuvių,,,Sveikata / eseistika,,,,"Medinė lentyna, 6 lentyna (sveikata, gamta)",PATIKSLINTI (žr. Nr. 1154),A3. Klasikos kanonas (pagal šalis),Kita klasika ir antologijos,K01783,Lentynoje,,,,,,,,,,,,
1774.0,Michael F. Roizen; Mehmet C. Oz,TU ir tavo dieta,You: On a Diet,Lietuvių,Alma littera,,Sveikata / mityba,,,,"Medinė lentyna, 6 lentyna (sveikata, gamta)",,H43. Sveikata ir mityba,,K01784,Lentynoje,,,,,,,,,,,,
1775.0,Ann Wigmore,Kam kentėti?,Why Suffer?,Lietuvių,,,Sveikata / mityba,,,,"Medinė lentyna, 6 lentyna (sveikata, gamta)",,H43. Sveikata ir mityba,,K01785,Lentynoje,,,,,,,,,,,,
1776.0,Juozas Ruolia,Septynios galimybės,,Lietuvių,Alma littera,,Sveikata,,,,"Medinė lentyna, 6 lentyna (sveikata, gamta)",,H43. Sveikata ir mityba,,K01786,Lentynoje,,,,,,,,,,,,
1777.0,"Danguolė, Juozas ir Andrius Vasiliauskai",Ilgo gyvenimo paslaptys,,Lietuvių,Alma littera,,Sveikata,,,,"Medinė lentyna, 6 lentyna (sveikata, gamta)",,H43. Sveikata ir mityba,,K01787,Lentynoje,,,,,,,,,,,,
1778.0,,Maistas gydo,,Lietuvių,Reader's Digest,,Sveikata / mityba,,,,"Medinė lentyna, 6 lentyna (sveikata, gamta)",,H43. Sveikata ir mityba,,K01788,Lentynoje,,,,,,,,,,,,
1779.0,,Prieskoninių augalų ir jų vartojimo žinynas,,Lietuvių,,,Žinynas / kulinarija,,,,"Medinė lentyna, 6 lentyna (sveikata, gamta)",,H42. Kulinarija ir gėrimai,Lietuviška ir dvaro virtuvė,K01789,Lentynoje,,,,,,,,,,,,
1780.0,Yu-Lin Lian; Chun-Yan Chen ir kt.,Pictorial Atlas of Acupuncture (針灸),,Anglų,h.f.ullmann,,Medicina / akupunktūra,,,,"Medinė lentyna, 6 lentyna (sveikata, gamta)",,H44. Alternatyvi ir Rytų medicina,,K01790,Lentynoje,,,,,,,,,,,,
1781.0,,Vyrų sveikata: didžioji knyga vyrams,,Lietuvių,,,Sveikata,,,,"Medinė lentyna, 6 lentyna (sveikata, gamta)",PATIKSLINTI,H43. Sveikata ir mityba,,K01791,Lentynoje,,,,,,,,,,,,
1782.0,Bill Manley,Senovės Egipto paslaptys,The Seventy Great Mysteries of Ancient Egypt (?),Lietuvių,Alma littera,,Istorija,,,,"Medinė lentyna, 6 lentyna (sveikata, gamta)",,E26. Antikos ir viduramžių istorija,,K01792,Lentynoje,,,,,,,,,,,,
1783.0,,Paskutinės pasaulio paslaptys,,Lietuvių,Reader's Digest / Alma littera,,Populiarioji istorija,,,,"Medinė lentyna, 6 lentyna (sveikata, gamta)",,E31. Istorijos biblioteka,Šalių ir epochų istorijos,K01793,Lentynoje,,,,,,,,,,,,
1784.0,,Žūklės enciklopedija,,Lietuvių,Alma littera,,Enciklopedija / žūklė,,,,"Medinė lentyna, 6 lentyna (sveikata, gamta)",,H46. Gamta ir gyvūnija,,K01794,Lentynoje,,,,,,,,,,,,
1785.0,,Атлас тибетской медицины,,Rusų,,,Medicina / albumas,,,,"Medinė lentyna, 6 lentyna (sveikata, gamta)",,H44. Alternatyvi ir Rytų medicina,,K01795,Lentynoje,,,,,,,,,,,,
1786.0,,,,,,,,,,,"Medinė lentyna, 6 lentyna (sveikata, gamta)","PATIKSLINTI: oranžinis apiplyšęs tomas kairėje, spiralinis leidinys ir 2-3 užstoti tomeliai","X. Ūkinė zona: žinynai, vadovėliai, periodika",,K01796,Lentynoje,,,,,,,,,,,,
1787.0,Ignas Burneika,Vilniaus panoramos,,Lietuvių,,,Fotografija / albumas,,,,"Medinė lentyna, 5 lentyna (kinas, menas, muzika)",PATIKSLINTI tikslų pavadinimą,E28. Vilniaus biblioteka,,K01797,Lentynoje,,,,,,,,,,,,
1788.0,,Filosofija Vilniaus universitete 1579–1832,,Lietuvių,,,Filosofijos istorija,,,,"Medinė lentyna, 5 lentyna (kinas, menas, muzika)",,D19. Filosofijos klasika,Antika–Apšvieta,K01798,Lentynoje,,,,,,,,,,,,
1789.0,,CN Tower Toronto / La Tour CN (suvenyrinis leidinys),,Anglų / prancūzų,,,Kelionės / albumas,,,,"Medinė lentyna, 6 lentyna (sveikata, gamta)",Padėtas apatinėje nišoje,"H47. Kelionės, atlasai, geografija",Kelionių literatūra,K01799,Lentynoje,,,,,,,,,,,,
1790.0,Adam Perry Lang,Charred & Scruffed,,Anglų,Artisan,,Kulinarija / grilis,,,,"Medinė lentyna, 7 lentyna (kulinarija)",,H42. Kulinarija ir gėrimai,Pasaulio virtuvės,K01800,Lentynoje,,,,,,,,,,,,
1791.0,,Kasdienė ir šventinė duona,,Lietuvių,,,Kulinarija / kepiniai,,,,"Medinė lentyna, 7 lentyna (kulinarija)",,H42. Kulinarija ir gėrimai,Lietuviška ir dvaro virtuvė,K01801,Lentynoje,,,,,,,,,,,,
1792.0,Rudolf Jaeger (?),Grillmeister: die besten Rezepte,,Vokiečių,,,Kulinarija / grilis,,,,"Medinė lentyna, 7 lentyna (kulinarija)",PATIKSLINTI,H42. Kulinarija ir gėrimai,Pasaulio virtuvės,K01802,Lentynoje,,,,,,,,,,,,
1793.0,,Parduotos rungtynės (I dalis),,Lietuvių,,,Sportas / dokumentika,,,,"Medinė lentyna, 7 lentyna (kulinarija)",Padėta gulsčiai. PATIKSLINTI autorių,E31. Istorijos biblioteka,Šalių ir epochų istorijos,K01803,Lentynoje,,,,,,,,,,,,
1794.0,,Kokteiliai ir gėrimai,,Lietuvių,,,Gėrimai,,,,"Medinė lentyna, 7 lentyna (kulinarija)",PATIKSLINTI pavadinimą,H42. Kulinarija ir gėrimai,Gėrimai ir vynas,K01804,Lentynoje,,,,,,,,,,,,
1795.0,Paolo Petroni,Ricette della Cucina Toscana,,Italų,,,Kulinarija,,,,"Medinė lentyna, 7 lentyna (kulinarija)",,H42. Kulinarija ir gėrimai,Pasaulio virtuvės,K01805,Lentynoje,,,,,,,,,,,,
1796.0,Marie Tegnér (?),5:2 dieta moterims,,Lietuvių,,,Mityba / dieta,,,,"Medinė lentyna, 7 lentyna (kulinarija)",PATIKSLINTI autorę,H43. Sveikata ir mityba,,K01806,Lentynoje,,,,,,,,,,,,
1797.0,,Gaivinantys gėrimai,,Lietuvių,,,Gėrimai,,,,"Medinė lentyna, 7 lentyna (kulinarija)",,H42. Kulinarija ir gėrimai,Gėrimai ir vynas,K01807,Lentynoje,,,,,,,,,,,,
1798.0,Julia Child (Джулия Чайлд),Уроки французской кухни,Mastering the Art of French Cooking,Rusų,,,Kulinarija,,,,"Medinė lentyna, 7 lentyna (kulinarija)",Rusiškas leidimas (angliškas — Nr. 1554),H42. Kulinarija ir gėrimai,Chef'ų klasika ★ pora: originalas + vertimas,K01808,Lentynoje,,,,,,,,,,,,
1799.0,Elžbieta Monkevič,Salotos,,Lietuvių,,,Kulinarija,,,,"Medinė lentyna, 7 lentyna (kulinarija)",PATIKSLINTI,H42. Kulinarija ir gėrimai,Lietuviška ir dvaro virtuvė,K01809,Lentynoje,,,,,,,,,,,,
1800.0,,Žvaigždžių virtuvė (?),,Lietuvių,,,Kulinarija,,,,"Medinė lentyna, 7 lentyna (kulinarija)",PATIKSLINTI pavadinimą,H42. Kulinarija ir gėrimai,Lietuviška ir dvaro virtuvė,K01810,Lentynoje,,,,,,,,,,,,
1801.0,,Greek Cookery & Wines,,Anglų,,,Kulinarija,,,,"Medinė lentyna, 7 lentyna (kulinarija)",,H42. Kulinarija ir gėrimai,Pasaulio virtuvės,K01811,Lentynoje,,,,,,,,,,,,
1802.0,,Pasaulio puodai,,Lietuvių,,,Kulinarija,,,,"Medinė lentyna, 7 lentyna (kulinarija)",,H42. Kulinarija ir gėrimai,Lietuviška ir dvaro virtuvė,K01812,Lentynoje,,,,,,,,,,,,
1804.0,Julia Child (Джулия Чайлд),Rinktinė (raudonas tomas),,Rusų,,,Kulinarija,,,,"Medinė lentyna, 7 lentyna (kulinarija)",PATIKSLINTI (antra rusiška J. Child knyga),H42. Kulinarija ir gėrimai,Chef'ų klasika,K01814,Lentynoje,,,,,,,,,,,,
1805.0,Dagmar von Cramm (?),"Stilingos puotos, priėmimai, vakarėliai...",,Lietuvių,,,Kulinarija / etiketas,,,,"Medinė lentyna, 7 lentyna (kulinarija)",,H42. Kulinarija ir gėrimai,Lietuviška ir dvaro virtuvė,K01815,Lentynoje,,,,,,,,,,,,
1806.0,,Кулинарная мудрость,,Rusų,,,Kulinarija,,,,"Medinė lentyna, 7 lentyna (kulinarija)",,H42. Kulinarija ir gėrimai,Pasaulio virtuvės,K01816,Lentynoje,,,,,,,,,,,,
1807.0,,Grilis: valgiai po atviru dangum,,Lietuvių,,,Kulinarija / grilis,,,,"Medinė lentyna, 7 lentyna (kulinarija)",,H42. Kulinarija ir gėrimai,Lietuviška ir dvaro virtuvė,K01817,Lentynoje,,,,,,,,,,,,
1808.0,Cindy Burda,Mediterranean Cuisine: Italy,,Anglų,,,Kulinarija,,,,"Medinė lentyna, 7 lentyna (kulinarija)",,H42. Kulinarija ir gėrimai,Pasaulio virtuvės,K01818,Lentynoje,,,,,,,,,,,,
1809.0,,Oginskių dvaro virtuvė,,Lietuvių,,,Kulinarija / istorija,,,,"Medinė lentyna, 7 lentyna (kulinarija)",,E31. Istorijos biblioteka,Šalių ir epochų istorijos,K01819,Lentynoje,,,,,,,,,,,,
1810.0,,The Pizza & Pasta Cookbook,,Anglų,,,Kulinarija,,,,"Medinė lentyna, 7 lentyna (kulinarija)",,H42. Kulinarija ir gėrimai,Pasaulio virtuvės,K01820,Lentynoje,,,,,,,,,,,,
1811.0,,Taste Vietnam: The Morning Glory Cookbook,,Anglų,,,Kulinarija,,,,"Medinė lentyna, 7 lentyna (kulinarija)",,H42. Kulinarija ir gėrimai,Pasaulio virtuvės,K01821,Lentynoje,,,,,,,,,,,,
1812.0,,Didžioji lietuvių valgių knyga,,Lietuvių,,,Kulinarija,,,,"Medinė lentyna, 7 lentyna (kulinarija)",,H42. Kulinarija ir gėrimai,Lietuviška ir dvaro virtuvė,K01822,Lentynoje,,,,,,,,,,,,
1813.0,Ferran Adrià,The Family Meal: Home Cooking with Ferran Adrià,,Anglų,Phaidon,,Kulinarija,,,,"Medinė lentyna, 7 lentyna (kulinarija)",,H42. Kulinarija ir gėrimai,Chef'ų klasika,K01823,Lentynoje,,,,,,,,,,,,
1814.0,,Das Tiroler Schnaps Buch,,Vokiečių,,,Gėrimai,,,,"Medinė lentyna, 7 lentyna (kulinarija)",,H42. Kulinarija ir gėrimai,Gėrimai ir vynas,K01824,Lentynoje,,,,,,,,,,,,
1815.0,Jamie Oliver (Джейми Оливер),Кулинарная книга (rusiškas leidimas),,Rusų,Эксмо / Кукбукс,,Kulinarija,,,,"Medinė lentyna, 7 lentyna (kulinarija)",PATIKSLINTI pavadinimą,H42. Kulinarija ir gėrimai,Chef'ų klasika,K01825,Lentynoje,,,,,,,,,,,,
1816.0,James Peterson (Джеймс Петерсон),Моя первая кулинарная книга,,Rusų,Эксмо,,Kulinarija,,,,"Medinė lentyna, 7 lentyna (kulinarija)",PATIKSLINTI,H42. Kulinarija ir gėrimai,Chef'ų klasika,K01826,Lentynoje,,,,,,,,,,,,
1817.0,Henrietta Green,Country Foods,,Anglų,CICO Books,,Kulinarija,,,,"Medinė lentyna, 7 lentyna (kulinarija)",,H42. Kulinarija ir gėrimai,Pasaulio virtuvės,K01827,Lentynoje,,,,,,,,,,,,
1818.0,Deborah Krasner,The New Outdoor Kitchen,,Anglų,Taunton,,Kulinarija / grilis,,,,"Medinė lentyna, 7 lentyna (kulinarija)",,H42. Kulinarija ir gėrimai,Pasaulio virtuvės,K01828,Lentynoje,,,,,,,,,,,,
1819.0,,"Golf Digest: Golf's Greatest Players, Courses and Voices",,Anglų,,,Sportas / golfas,,,,"Medinė lentyna, 8 niša (golfas, sportas)",,"H48. Menas, kalbos, pomėgiai",Sportas,K01829,Lentynoje,,,,,,,,,,,,
1820.0,,"Golf in Portugal: alle Plätze, alle Daten",,Vokiečių,,,Sportas / golfas,,,,"Medinė lentyna, 8 niša (golfas, sportas)",,"H48. Menas, kalbos, pomėgiai",Sportas,K01830,Lentynoje,,,,,,,,,,,,
1821.0,,Теннис,,Rusų,,,Sportas / tenisas,,,,"Medinė lentyna, 8 niša (golfas, sportas)",,"H48. Menas, kalbos, pomėgiai",Sportas,K01831,Lentynoje,,,,,,,,,,,,
1822.0,Charles Applewhaite (?),Teniso vadovas,,Lietuvių,,,Sportas / tenisas,,,,"Medinė lentyna, 8 niša (golfas, sportas)",PATIKSLINTI autorių,"H48. Menas, kalbos, pomėgiai",Sportas,K01832,Lentynoje,,,,,,,,,,,,
1823.0,,1000 gamtos stebuklų,,Lietuvių,Reader's Digest,,Gamta,,,,"Medinė lentyna, 8 niša (golfas, sportas)",,H46. Gamta ir gyvūnija,,K01833,Lentynoje,,,,,,,,,,,,
1824.0,,Mokslas ir visata,,Lietuvių,Alma littera (?),,Mokslas / enciklopedija,,,,"Medinė lentyna, 8 niša (golfas, sportas)",,F36. Mokslo ir idėjų istorija,,K01834,Lentynoje,,,,,,,,,,,,
1825.0,Juozas Virbickas,Lietuvos žuvys,,Lietuvių,,,Gamta / žuvys,,,,"Medinė lentyna, 8 niša (golfas, sportas)",,H46. Gamta ir gyvūnija,,K01835,Lentynoje,,,,,,,,,,,,
1826.0,,From Gutterballs to Strikes,,Anglų,,,Sportas / boulingas,,,,"Medinė lentyna, 8 niša (golfas, sportas)",,"H48. Menas, kalbos, pomėgiai",Sportas,K01836,Lentynoje,,,,,,,,,,,,
1827.0,Bob Rotella,The Golfer's Mind,,Anglų,,,Sportas / psichologija,,,,"Medinė lentyna, 8 niša (golfas, sportas)",,D23. Psichologija ir saviugda,Šiuolaikinė psichologija,K01837,Lentynoje,,,,,,,,,,,,
1828.0,,,,,,,,,,,"Medinė lentyna, 8 niša (golfas, sportas)","PATIKSLINTI: dar keli leidiniai (spiraliniai sąsiuviniai, ploni albumai, raudonas segtuvas)","X. Ūkinė zona: žinynai, vadovėliai, periodika",,K01838,Lentynoje,,,,,,,,,,,,
1829.0,,"Namai, pilni gėlių: kambarinių augalų žinynas",,Lietuvių,IMP,,Augalai / žinynas,,,,"Medinė lentyna, 9 niša (gamta, gyvūnai)",,H45. Sodininkystė ir augalai,,K01839,Lentynoje,,,,,,,,,,,,
1830.0,Vincentas Urbonas (?),Lietuvos grybų atlasas,,Lietuvių,,,Gamta / grybai,,,,"Medinė lentyna, 9 niša (gamta, gyvūnai)",,H46. Gamta ir gyvūnija,,K01840,Lentynoje,,,,,,,,,,,,
1831.0,Davidas Attenborough (Дэвид Эттенборо),Жизнь на Земле,Life on Earth,Rusų,,,Gamta,,,,"Medinė lentyna, 9 niša (gamta, gyvūnai)",,F35. Gyvybės mokslai ir evoliucija,,K01841,Lentynoje,,,,,,,,,,,,
1832.0,Erich Hoyt (?),Whale Rescue,,Anglų,,,Gamta / jūros,,,,"Medinė lentyna, 9 niša (gamta, gyvūnai)",PATIKSLINTI,H46. Gamta ir gyvūnija,,K01842,Lentynoje,,,,,,,,,,,,
1833.0,Ernesto Che Guevara,Guerrilla Warfare,,Anglų,,,Politika / istorija,,,,"Medinė lentyna, 9 niša (gamta, gyvūnai)",,E31. Istorijos biblioteka,Šalių ir epochų istorijos,K01843,Lentynoje,,,,,,,,,,,,
1834.0,Rocco Mediate; John Feinstein,Are You Kidding Me?,,Anglų,,,Sportas / golfas,,,,"Medinė lentyna, 9 niša (gamta, gyvūnai)",,"H48. Menas, kalbos, pomėgiai",Sportas,K01844,Lentynoje,,,,,,,,,,,,
1835.0,,Garden Birds,,Anglų,,,Gamta / paukščiai,,,,"Medinė lentyna, 9 niša (gamta, gyvūnai)",,H46. Gamta ir gyvūnija,,K01845,Lentynoje,,,,,,,,,,,,
1836.0,Dr. Bruce Fogle,Dog (DK),,Anglų,DK,,Gyvūnai / šunys,,,,"Medinė lentyna, 9 niša (gamta, gyvūnai)",,H46. Gamta ir gyvūnija,,K01846,Lentynoje,,,,,,,,,,,,
1837.0,,701 (raudonas leidinys),,Lietuvių,,,,,,,"Medinė lentyna, 9 niša (gamta, gyvūnai)",PATIKSLINTI (stirtoje),"X. Ūkinė zona: žinynai, vadovėliai, periodika",,K01847,Lentynoje,,,,,,,,,,,,
1838.0,,Mažasis pasaulio atlasas,,Lietuvių,,,Atlasas,,,,"Medinė lentyna, 9 niša (gamta, gyvūnai)",,"H47. Kelionės, atlasai, geografija",Gidai ir atlasai,K01848,Lentynoje,,,,,,,,,,,,
1839.0,,Birds of Britain and Europe (RSPB),,Anglų,DK,,Gamta / paukščiai,,,,"Medinė lentyna, 9 niša (gamta, gyvūnai)",,H46. Gamta ir gyvūnija,,K01849,Lentynoje,,,,,,,,,,,,
1840.0,Petras Kurlavičius (?),Vadovas Lietuvos paukščiams pažinti,,Lietuvių,,,Gamta / paukščiai,,,,"Medinė lentyna, 9 niša (gamta, gyvūnai)",,H46. Gamta ir gyvūnija,,K01850,Lentynoje,,,,,,,,,,,,
1841.0,James Le Fanu,Kodėl mes?,Why Us?,Lietuvių,,,Mokslas,,,,"Medinė lentyna, 9 niša (gamta, gyvūnai)",PATIKSLINTI,F36. Mokslo ir idėjų istorija,,K01851,Lentynoje,,,,,,,,,,,,
1842.0,,Lietuvos raudonoji knyga,,Lietuvių,,,Gamta / apsauga,,,,"Medinė lentyna, 9 niša (gamta, gyvūnai)",,H46. Gamta ir gyvūnija,,K01852,Lentynoje,,,,,,,,,,,,
1843.0,,Gyvoji gamta,,Lietuvių,,,Gamta,,,,"Medinė lentyna, 9 niša (gamta, gyvūnai)",,H46. Gamta ir gyvūnija,,K01853,Lentynoje,,,,,,,,,,,,
1844.0,Sarah Whitehead (?),Clever Dog!,,Anglų,,,Gyvūnai / šunys,,,,"Medinė lentyna, 9 niša (gamta, gyvūnai)",PATIKSLINTI,H46. Gamta ir gyvūnija,,K01854,Lentynoje,,,,,,,,,,,,
1845.0,,,,,,,,,,,"Medinė lentyna, 9 niša (gamta, gyvūnai)","PATIKSLINTI: stirtoje dar keli ploni leidiniai ir žurnalai (tarp jų „Lietuvos Red...“, vaikiškas leidinys)","X. Ūkinė zona: žinynai, vadovėliai, periodika",,K01855,Lentynoje,,,,,,,,,,,,
1846.0,Al Ramadan; Dave Peterson; Christopher Lochhead; Kevin Maney,Play Bigger,,Anglų,Harper Business,2016.0,Verslas / strategija,,,,"Kampinė lentyna (darbo kambarys), 1 lentyna (verslas)","keli leidėjai (HarperBusiness JAV; Piatkus/Little, Brown JK) — konkretus nepatvirtintas",G37. Strategija ir vadyba,,K01856,Lentynoje,,,,,,,,,2026-09-16 17:51:00,g@cool.lt,Paupio Rūtos,2.0
1847.0,Nancy Duarte,slide:ology: The Art and Science of Creating Great Presentations,,Anglų,O'Reilly,,Prezentacijos / komunikacija,,,,"Kampinė lentyna (darbo kambarys), 1 lentyna (verslas)",OpenLibrary nerado; WebSearch biudžetas išnaudotas — leidimas nepatvirtintas,G40. Komunikacija ir rašymas,,K01857,Lentynoje,,,,,,,,,2026-09-16 17:51:00,g@cool.lt,Paupio Rūtos,2.0
1848.0,Joseph Campbell,"Mitai, kuriais gyvename (?)",Myths to Live By,Lietuvių,Tyto alba,2022.0,Mitologija / filosofija,,,9786094662867.0,"Kampinė lentyna (darbo kambarys), 1 lentyna (verslas)",PATIKSLINTI pavadinimą,D24. Mitologija ir tautosaka,,K01858,Lentynoje,,,,,,,,,2026-09-16 17:51:00,g@cool.lt,Paupio Rūtos,2.0
1849.0,John Doerr,Measure What Matters,,Anglų,Portfolio Penguin,2018.0,Vadyba / OKR,,,,"Kampinė lentyna (darbo kambarys), 1 lentyna (verslas)",keli leidimai (JAV Portfolio; JK Portfolio Penguin) — ISBN nepatvirtintas,G37. Strategija ir vadyba,,K01859,Lentynoje,,,,,,,,,2026-09-16 17:51:00,g@cool.lt,Paupio Rūtos,2.0
1850.0,Jason Fried; David Heinemeier Hansson,Rework,,Anglų,Crown Business,2010.0,Verslas,,,,"Kampinė lentyna (darbo kambarys), 1 lentyna (verslas)",daug leidimų ir vertimų — konkretus ISBN nepatvirtintas,G37. Strategija ir vadyba,,K01860,Lentynoje,,,,,,,,,2026-09-16 17:51:00,g@cool.lt,Paupio Rūtos,2.0
1852.0,,Digital Marketing Fundamentals,,Anglų,Noordhoff,,Marketingas / vadovėlis,,,,"Kampinė lentyna (darbo kambarys), 1 lentyna (verslas)","Yra bent du skirtingi tokio paties pavadinimo leidiniai (Visser & Sikkenga, Routledge/Noordhoff; Bailey & Stebbins, Wiley) — be autoriaus neįmanoma nustatyti",G38. Marketingas ir prekės ženklai,,K01862,Lentynoje,,,,,,,,,2026-09-16 17:51:00,g@cool.lt,Paupio Rūtos,2.0
1853.0,Peter Fader; Sarah Toms,The Customer Centricity Playbook,,Anglų,Wharton School Press,,Marketingas,,,,"Kampinė lentyna (darbo kambarys), 1 lentyna (verslas)",,G38. Marketingas ir prekės ženklai,,K01863,Lentynoje,,,,,,,,,,,,
1854.0,Richard H. Thaler; Cass R. Sunstein,"Nudge: Improving Decisions About Health, Wealth and Happiness",,Anglų,Penguin,,Elgsenos ekonomika,,,,"Kampinė lentyna (darbo kambarys), 1 lentyna (verslas)",,F32. Ekonomika ir politinė ekonomija,,K01864,Lentynoje,,,,,,,,,,,,
1855.0,Harley Manning; Kerry Bodine,Outside In,,Anglų,New Harvest,2012.0,Klientų patirtis,,,9780547913988.0,"Kampinė lentyna (darbo kambarys), 1 lentyna (verslas)",,G38. Marketingas ir prekės ženklai,,K01865,Lentynoje,,,,,,,,,2026-09-16 17:51:00,g@cool.lt,Paupio Rūtos,2.0
1856.0,Rajat Paharia,Loyalty 3.0,,Anglų,McGraw-Hill,,Marketingas / lojalumas,,,,"Kampinė lentyna (darbo kambarys), 1 lentyna (verslas)",autorius neįskaitytas · PATIKSLINTI,G38. Marketingas ir prekės ženklai,,K01866,Lentynoje,,,,,,,,,2026-09-16 17:51:00,g@cool.lt,Paupio Rūtos,2.0
1857.0,Robert Shaw; David Merrick,Marketing Payback,,Anglų,FT Prentice Hall,2005.0,Marketingas / ROI,,,273688847.0,"Kampinė lentyna (darbo kambarys), 1 lentyna (verslas)",FT Prentice Hall,G38. Marketingas ir prekės ženklai,,K01867,Lentynoje,,,,,,,,,2026-09-16 17:51:00,g@cool.lt,Paupio Rūtos,2.0
1858.0,Thomas H. Davenport; Jeanne G. Harris,Competing on Analytics,,Anglų,Harvard Business School Press,,Analitika,,,,"Kampinė lentyna (darbo kambarys), 1 lentyna (verslas)","keli leidimai (2007 originalas, Harvard Business School Press; 2017 atnaujintas) — konkretus nepatvirtintas",G39. Analitika ir duomenys,,K01868,Lentynoje,,,,,,,,,2026-09-16 17:51:00,g@cool.lt,Paupio Rūtos,2.0
1859.0,Eric Siegel,Predictive Analytics,,Anglų,Wiley,,Analitika,,,,"Kampinė lentyna (darbo kambarys), 1 lentyna (verslas)",Wiley · keli leidimai (2013 ir 2016 revised) — konkretus nepatvirtintas,G39. Analitika ir duomenys,,K01869,Lentynoje,,,,,,,,,2026-09-16 17:51:00,g@cool.lt,Paupio Rūtos,2.0
1860.0,David H. Maister,Managing the Professional Service Firm,,Anglų,Free Press,,Vadyba / konsultacijos,,,,"Kampinė lentyna (darbo kambarys), 1 lentyna (verslas)",PATIKSLINTI,G37. Strategija ir vadyba,,K01870,Lentynoje,,,,,,,,,2026-09-16 17:51:00,g@cool.lt,Paupio Rūtos,2.0
1861.0,Annet Aris; Jacques Bughin,Managing Media Companies,,Anglų,Wiley,,Vadyba / medijos,,,,"Kampinė lentyna (darbo kambarys), 1 lentyna (verslas)",keli leidimai (2005 ir 2009) — konkretus nepatvirtintas,"D25. Sociologija, semiotika, antropologija",,K01871,Lentynoje,,,,,,,,,2026-09-16 17:51:00,g@cool.lt,Paupio Rūtos,2.0
1862.0,Frederic Laloux,Reinventing Organizations,,Anglų,Nelson Parker,,Vadyba / organizacijos,,,,"Kampinė lentyna (darbo kambarys), 1 lentyna (verslas)",PATIKSLINTI,G37. Strategija ir vadyba,,K01872,Lentynoje,,,,,,,,,2026-09-16 17:51:00,g@cool.lt,Paupio Rūtos,2.0
1863.0,Jesper Kunde,Corporate Religion,,Anglų,FT Prentice Hall,,Prekės ženklas / vadyba,,,,"Kampinė lentyna (darbo kambarys), 1 lentyna (verslas)",PATIKSLINTI,G38. Marketingas ir prekės ženklai,,K01873,Lentynoje,,,,,,,,,2026-09-16 17:51:00,g@cool.lt,Paupio Rūtos,2.0
1865.0,Patrick van der Pijl; Justin Lokitz; Lisa Kay Solomon,Design a Better Business,,Anglų,Wiley,2016.0,Verslo dizainas,,,9781119272113.0,"Kampinė lentyna (darbo kambarys), 1 lentyna (verslas)",,G37. Strategija ir vadyba,,K01875,Lentynoje,,,,,,,,,2026-09-16 17:51:00,g@cool.lt,Paupio Rūtos,2.0
1867.0,Dominic O'Brien,How to Develop a Brilliant Memory,,Anglų,Watkins,,Saviugda / atmintis,,,,"Kampinė lentyna (darbo kambarys), 2 lentyna (analitika)",,D23. Psichologija ir saviugda,Saviugda,K01877,Lentynoje,,,,,,,,,,,,
1868.0,Carlo Rovelli,Seven Brief Lessons on Physics,,Anglų,Penguin,,Fizika / mokslo populiarinimas,,,,"Kampinė lentyna (darbo kambarys), 2 lentyna (analitika)",,"F34. Kosmosas, fizika, matematika",,K01878,Lentynoje,,,,,,,,,,,,
1869.0,Bart de Langhe; Stefano Puntoni,Decision-Driven Analytics,,Anglų,Wharton School Press,,Analitika,,,,"Kampinė lentyna (darbo kambarys), 2 lentyna (analitika)",PATIKSLINTI,G39. Analitika ir duomenys,,K01879,Lentynoje,,,,,,,,,2026-09-16 17:51:00,g@cool.lt,Paupio Rūtos,3.0
1870.0,Julian Barnes,A History of the World in 10½ Chapters,,Anglų,Vintage,,Romanas,,,,"Kampinė lentyna (darbo kambarys), 2 lentyna (analitika)",daug leidimų; pirmasis 1989 (Jonathan Cape) — turimas egzempliorius nepatvirtintas,B9. Šiuolaikinė pasaulio proza,Šiuolaikinis pasaulio romanas,K01880,Lentynoje,,,,,,,,,2026-09-16 17:51:00,g@cool.lt,Paupio Rūtos,3.0
1871.0,Oscar Wilde,The Canterville Ghost / Il fantasma di Canterville,,Anglų / italų,,,Apysaka (dvikalbė),,,,"Kampinė lentyna (darbo kambarys), 2 lentyna (analitika)",,A3. Klasikos kanonas (pagal šalis),Anglų klasika,K01881,Lentynoje,,,,,,,,,,,,
1872.0,,Devyni pasivaikščiojimai po Romą,,Lietuvių,,,Kelionės,,,,"Kampinė lentyna (darbo kambarys), 2 lentyna (analitika)",PATIKSLINTI autorių,"H47. Kelionės, atlasai, geografija",Kelionių literatūra,K01882,Lentynoje,,,,,,,,,2026-09-16 17:51:00,g@cool.lt,Paupio Rūtos,3.0
1875.0,David McCandless,Information is Beautiful,,Anglų,Collins,,Duomenų vizualizacija,,,,"Kampinė lentyna (darbo kambarys), 2 lentyna (analitika)",Collins · keli leidimai (2009 Collins; 2010; 2012 nauja laida) — konkretus nepatvirtintas,G39. Analitika ir duomenys,,K01885,Lentynoje,,,,,,,,,2026-09-16 17:51:00,g@cool.lt,Paupio Rūtos,3.0
1876.0,Joshua Cooper Ramo,The Seventh Sense,,Anglų,"Little, Brown",2016.0,Technologijos / geopolitika,,,9780316285070.0,"Kampinė lentyna (darbo kambarys), 2 lentyna (analitika)",,F33. Geopolitika ir publicistika,,K01886,Lentynoje,,,,,,,,,2026-09-16 17:51:00,g@cool.lt,Paupio Rūtos,3.0
1878.0,Chris Anderson,The Long Tail,,Anglų,Hyperion,2006.0,Ekonomika / technologijos,,,,"Kampinė lentyna (darbo kambarys), 2 lentyna (analitika)",keli leidimai (2006; 2008 papildytas) — ISBN nepatvirtintas,F32. Ekonomika ir politinė ekonomija,,K01888,Lentynoje,,,,,,,,,2026-09-16 17:51:00,g@cool.lt,Paupio Rūtos,3.0
1879.0,Avinash Kaushik,Web Analytics 2.0,,Anglų,Sybex,,Analitika,,,,"Kampinė lentyna (darbo kambarys), 2 lentyna (analitika)",OpenLibrary nerado; WebSearch biudžetas išnaudotas — leidimas nepatvirtintas,G39. Analitika ir duomenys,,K01889,Lentynoje,,,,,,,,,2026-09-16 17:51:00,g@cool.lt,Paupio Rūtos,3.0
1880.0,Hans Rosling; Ola Rosling; Anna Rosling Rönnlund,Factfulness,,Anglų,Sceptre,2018.0,Statistika / pasaulėžiūra,,,,"Kampinė lentyna (darbo kambarys), 2 lentyna (analitika)",keli leidėjai (Flatiron Books JAV; Sceptre JK) — konkretus nepatvirtintas,G39. Analitika ir duomenys,,K01890,Lentynoje,,,,,,,,,2026-09-16 17:51:00,g@cool.lt,Paupio Rūtos,3.0
1881.0,Steven D. Levitt; Stephen J. Dubner,Keistonomika,Freakonomics,Lietuvių,,,Ekonomika,,,,"Kampinė lentyna (darbo kambarys), 2 lentyna (analitika)",Antras egz. (pirmas — Nr. 438),F32. Ekonomika ir politinė ekonomija,★ pora: originalas + vertimas,K01891,Lentynoje,,,,,,,,,,,,
1882.0,Robert Anton Wilson (Роберт Антон Уилсон),Квантовая психология,Quantum Psychology,Rusų,,,Psichologija,,,,"Kampinė lentyna (darbo kambarys), 2 lentyna (analitika)",,D23. Psichologija ir saviugda,Šiuolaikinė psichologija,K01892,Lentynoje,,,,,,,,,,,,
1883.0,Karlos Kastaneda (Карлос Кастанеда),The Art of Dreaming / Искусство сновидения,,Rusų,София,,Ezoterika,,,,"Kampinė lentyna (darbo kambarys), 2 lentyna (analitika)",Papildo Nr. 1124 kolekciją,D22. Rytų praktikos ir ezoterika,Castaneda,K01893,Lentynoje,,,,,,,,,,,,
1884.0,Stephen Few,Information Dashboard Design,,Anglų,Analytics Press,,Duomenų vizualizacija,,,,"Kampinė lentyna (darbo kambarys), 2 lentyna (analitika)",Matomi 2 egz.,G39. Analitika ir duomenys,,K01894,Lentynoje,,,,,,,,,,,,
1885.0,Stephen Few,Now You See It,,Anglų,Analytics Press,,Duomenų vizualizacija,,,,"Kampinė lentyna (darbo kambarys), 2 lentyna (analitika)",,G39. Analitika ir duomenys,,K01895,Lentynoje,,,,,,,,,,,,
1886.0,,,,,,,,,,,"Kampinė lentyna (darbo kambarys), 2 lentyna (analitika)","PATIKSLINTI: kairėje užrašinės/planeriai ir 2-3 tomai („Vita kanistros testamentas“(?), spalvotas albumas) — iš dalies matomi","X. Ūkinė zona: žinynai, vadovėliai, periodika",,K01896,Lentynoje,,,,,,,,,,,,
1887.0,"N. D. Turton, J. B. Heaton",Longman Dictionary of Common Errors,,Anglų,Longman,1997.0,Kalbos / žodynas,,,582290465.0,"Kampinė lentyna (darbo kambarys), 3 lentyna (kalbos)",antrasis (new) leidimas; yra ir 1987 m. pirmasis (tik Heaton) — keli leidimai,"H48. Menas, kalbos, pomėgiai",Kalbos ir žodynai,K01897,Lentynoje,,,,,,,,,2026-09-16 17:51:00,g@cool.lt,Paupio Rūtos,1.0
1888.0,,Longman Pocket Phrasal Verbs Dictionary,,Anglų,Longman,,Kalbos / žodynas,,,582471567.0,"Kampinė lentyna (darbo kambarys), 3 lentyna (kalbos)","keli leidimai (2002 ir 2005, ISBN 0582776422) — metai nepatvirtinti","H48. Menas, kalbos, pomėgiai",Kalbos ir žodynai,K01898,Lentynoje,,,,,,,,,2026-09-16 17:51:00,g@cool.lt,Paupio Rūtos,1.0
1889.0,Jevgenij Zamiatin,Mes,Мы,Lietuvių,Kitos knygos,2009.0,Distopija,,,9789955640936.0,"Kampinė lentyna (darbo kambarys), 3 lentyna (kalbos)",lietuviškas leidimas,B10. Distopijos ir utopijos,,K01899,Lentynoje,,,,,,,,,2026-09-16 17:51:00,g@cool.lt,Paupio Rūtos,1.0
1890.0,Lawrence Ingrassia,Billion Dollar Brand Club,,Anglų,Collins,2020.0,Verslas / prekės ženklai,,,9781250313058.0,"Kampinė lentyna (darbo kambarys), 3 lentyna (kalbos)",yra ir minkštviršis (St. Martin's Griffin) bei audio leidimai,G38. Marketingas ir prekės ženklai,,K01900,Lentynoje,,,,,,,,,2026-09-16 17:51:00,g@cool.lt,Paupio Rūtos,1.0
1892.0,Alec Ross,The Industries of the Future,,Anglų,Simon & Schuster,2016.0,Technologijos / ateitis,,,9781476753652.0,"Kampinė lentyna (darbo kambarys), 3 lentyna (kalbos)",yra ir JK leidimas (Simon & Schuster UK),B9. Šiuolaikinė pasaulio proza,Šiuolaikinis pasaulio romanas,K01902,Lentynoje,,,,,,,,,2026-09-16 17:51:00,g@cool.lt,Paupio Rūtos,1.0
1893.0,Jeremey Donovan,How to Deliver a TED Talk,,Anglų,McGraw-Hill,2014.0,Komunikacija / prezentacijos,,,9780071831598.0,"Kampinė lentyna (darbo kambarys), 3 lentyna (kalbos)",keli leidimai (2012 savilaida Createspace; 2014 McGraw-Hill),G40. Komunikacija ir rašymas,,K01903,Lentynoje,,,,,,,,,2026-09-16 17:51:00,g@cool.lt,Paupio Rūtos,1.0
1894.0,Gay Hendricks,The Big Leap,,Anglų,HarperOne,2009.0,Saviugda,,,9780061735349.0,"Kampinė lentyna (darbo kambarys), 3 lentyna (kalbos)",,D23. Psichologija ir saviugda,Saviugda,K01904,Lentynoje,,,,,,,,,2026-09-16 17:51:00,g@cool.lt,Paupio Rūtos,1.0
1895.0,Haruki Murakami,What I Talk About When I Talk About Running,,Anglų,Vintage,2008.0,Memuarai,,,,"Kampinė lentyna (darbo kambarys), 3 lentyna (kalbos)",angliškas vertimas pirmą kartą 2008 (Knopf / Harvill Secker) — konkretus leidėjas ir laida nepatvirtinti,B9. Šiuolaikinė pasaulio proza,Šiuolaikinis pasaulio romanas,K01905,Lentynoje,,,,,,,,,2026-09-16 17:51:00,g@cool.lt,Paupio Rūtos,1.0
1896.0,Thomas Curran,Tobulumo spąstai,The Perfection Trap,Lietuvių,,,Psichologija,,,,"Kampinė lentyna (darbo kambarys), 3 lentyna (kalbos)",,D23. Psichologija ir saviugda,Šiuolaikinė psichologija,K01906,Lentynoje,,,,,,,,,,,,
1897.0,Zygmunt Bauman; Rein Raud,Praktikos ir savastis (?),Practices of Selfhood,Lietuvių,,,Filosofija / sociologija,,,,"Kampinė lentyna (darbo kambarys), 3 lentyna (kalbos)",PATIKSLINTI pavadinimą,B9. Šiuolaikinė pasaulio proza,Šiuolaikinis pasaulio romanas,K01907,Lentynoje,,,,,,,,,,,,
1898.0,,Quick and Easy Way to Learn Hindi,,Anglų / hindi,,,Kalbos,,,,"Kampinė lentyna (darbo kambarys), 3 lentyna (kalbos)",PATIKSLINTI,"H48. Menas, kalbos, pomėgiai",Kalbos ir žodynai,K01908,Lentynoje,,,,,,,,,2026-09-16 17:51:00,g@cool.lt,Paupio Rūtos,1.0
1901.0,A. J. Thomson; A. V. Martinet,A Practical English Grammar,,Anglų,Oxford University Press,,Kalbos / gramatika,,,,"Kampinė lentyna (darbo kambarys), 3 lentyna (kalbos)",,"H48. Menas, kalbos, pomėgiai",Kalbos ir žodynai,K01911,Lentynoje,,,,,,,,,,,,
1902.0,David Morley,The Cambridge Introduction to Creative Writing,,Anglų,Cambridge University Press,2007.0,Rašymas,,,9780521547543.0,"Kampinė lentyna (darbo kambarys), 3 lentyna (kalbos)",,G40. Komunikacija ir rašymas,,K01912,Lentynoje,,,,,,,,,2026-09-16 17:51:00,g@cool.lt,Paupio Rūtos,1.0
1903.0,A. Ashley,A Handbook of Commercial Correspondence,,Anglų,Oxford University Press,,Verslo komunikacija,,,194572056.0,"Kampinė lentyna (darbo kambarys), 3 lentyna (kalbos)",Oxford · keli leidimai/perspaudai (1984 ir vėlesni; 2003 m. „Oxford Handbook of Commercial Correspondence“) — metai nepatvirtinti,G40. Komunikacija ir rašymas,,K01913,Lentynoje,,,,,,,,,2026-09-16 17:51:00,g@cool.lt,Paupio Rūtos,1.0
1905.0,,Berlitz Essential Italian,,Anglų / italų,Berlitz,,Kalbos,,,,"Kampinė lentyna (darbo kambarys), 3 lentyna (kalbos)",,"H48. Menas, kalbos, pomėgiai",Kalbos ir žodynai,K01915,Lentynoje,,,,,,,,,,,,
1906.0,Simonas Jurkevičius,AmoRoma: italų kalbos gidas pradedantiesiems,,Lietuvių / italų,,,Kalbos,,,,"Kampinė lentyna (darbo kambarys), 3 lentyna (kalbos)",,"H48. Menas, kalbos, pomėgiai",Kalbos ir žodynai,K01916,Lentynoje,,,,,,,,,,,,
1907.0,,Instant Italiano,,Anglų / italų,,,Kalbos,,,,"Kampinė lentyna (darbo kambarys), 3 lentyna (kalbos)",PATIKSLINTI,"H48. Menas, kalbos, pomėgiai",Kalbos ir žodynai,K01917,Lentynoje,,,,,,,,,2026-09-16 17:51:00,g@cool.lt,Paupio Rūtos,1.0
1908.0,,Point of Purchase,,EN,,,DESIGN,,,,,"serija, leidimas nepatvirtintas",,,K01918,Lentynoje,,,,,,,,,2026-09-16 13:02:00,g@cool.lt,Fabula,1.0
1909.0,,Point of Purchase. Design Annual (Visual Reference Publications),,EN,,,DESIGN,,,,,"serija, leidimas nepatvirtintas",,,K01919,Lentynoje,,,,,,,,,2026-09-16 13:02:00,g@cool.lt,Fabula,1.0
1910.0,Point of Purchase Advertising Institute (POPAI),Point of Purchase Design Annual No. 7,,EN,Visual Reference Publications,2000.0,DESIGN,,,9781584710103.0,,,,,K01920,Lentynoje,,,,,,,,,2026-09-16 13:02:00,g@cool.lt,Fabula,1.0
1911.0,Supon Design Group,"More Great Design Using 1, 2 & 3 Colors",,EN,Nippan,1994.0,DESIGN,,,9783910052529.0,,,,,K01921,Lentynoje,,,,,,,,,2026-09-16 13:02:00,g@cool.lt,Fabula,1.0
1912.0,The Curators,P.O.P. Design 5,,EN,Azur Corporation,2006.0,DESIGN,,,9784900781467.0,,,,,K01922,Lentynoje,,,,,,,,,2026-09-16 13:02:00,g@cool.lt,Fabula,1.0
1913.0,The Editors at Azur Corp.,New P.O.P. Design 2,,EN,Azur Corporation,2007.0,DESIGN,,,9784862670151.0,,,,,K01923,Lentynoje,,,,,,,,,2026-09-16 13:02:00,g@cool.lt,Fabula,1.0
1914.0,B. Martin Pedersen,Brochures 4 (Graphis Brochures),,EN,Graphis Press,2001.0,DESIGN,,,9781888001518.0,,Graphis serija; priskirta pagal tikslų pavadinimo atitikimą,,,K01924,Lentynoje,,,,,,,,,2026-09-16 13:02:00,g@cool.lt,Fabula,1.0
1915.0,Jason Godfrey,The Best of Brochure Design 9,,EN,Rockport Publishers,2006.0,DESIGN,,,9781592532827.0,,,,,K01925,Lentynoje,,,,,,,,,2026-09-16 13:02:00,g@cool.lt,Fabula,1.0
1916.0,Jason Godfrey,The Best of Brochure Design 9,,EN,Rockport Publishers,2006.0,DESIGN,,,9781592532827.0,,tos pačios knygos dėklas · tas pats leidimas kaip ID 8 (dubliuotas egzempliorius) · PATIKSLINTI,,,K01926,Lentynoje,,,,,,,,,2026-09-16 13:02:00,g@cool.lt,Fabula,1.0
1917.0,Ann Willoughby / Willoughby Design Group,The Best of Brochure Design 8,,EN,Rockport Publishers,2005.0,DESIGN,,,9781592531219.0,,,,,K01927,Lentynoje,,,,,,,,,2026-09-16 13:02:00,g@cool.lt,Fabula,1.0
1918.0,Roger Fawcett-Tang,"Experimental Formats.2: Books, Brochures, Catalogs",,EN,RotoVision,2005.0,DESIGN,,,9782880468071.0,,,,,K01928,Lentynoje,,,,,,,,,2026-09-16 13:02:00,g@cool.lt,Fabula,1.0
1919.0,"Bill Gardner, Catharine Fishel",LogoLounge 2,,EN,Rockport Publishers,2005.0,DESIGN,,,9781592531127.0,,,,,K01929,Lentynoje,,,,,,,,,2026-09-16 13:02:00,g@cool.lt,Fabula,1.0
1920.0,MINE,Letterhead & Logo Design 9,,EN,Rockport Publishers,2005.0,DESIGN,,,9781592531820.0,,,,,K01930,Lentynoje,,,,,,,,,2026-09-16 13:02:00,g@cool.lt,Fabula,1.0
1921.0,"Bill Gardner, Catharine Fishel",LogoLounge 3,,EN,Rockport Publishers,2006.0,DESIGN,,,9781592532384.0,,,,,K01931,Lentynoje,,,,,,,,,2026-09-16 13:02:00,g@cool.lt,Fabula,1.0
1922.0,Roger Walton,The Big Book of Graphic Design,,EN,Collins Design,2007.0,DESIGN,,,9780061215247.0,,,,,K01932,Lentynoje,,,,,,,,,2026-09-16 13:02:00,g@cool.lt,Fabula,1.0
1923.0,Diana Martin,Fresh Ideas in Letterhead & Business Card Design,,EN,North Light Books,1993.0,DESIGN,,,9780891345053.0,,serija (yra 2-4 tomai); priskirta nenumeruotam 1-am tomui,,,K01933,Lentynoje,,,,,,,,,2026-09-16 13:02:00,g@cool.lt,Fabula,1.0
1924.0,,Office Design,,EN,Loft Publications,2023.0,DESIGN,,,9788499366470.0,,"Loft leidinys patvirtintas, bet gali būti ankstesnis to paties pavadinimo leidimas",,,K01934,Lentynoje,,,,,,,,,2026-09-16 13:02:00,g@cool.lt,Fabula,1.0
1925.0,Karen D. Fishler,On the Edge,,EN,Rockport Publishers,1998.0,DESIGN,,,9781564964540.0,,"įvestyje autorius „Fishler“, pavadinimas „On Edge“ – pataisyta",,,K01935,Lentynoje,,,,,,,,,2026-09-16 13:02:00,g@cool.lt,Fabula,1.0
1926.0,,The Best of Antalis Interior Design Award T#1 (KOOB),,EN,,,DESIGN,,,,,nerasta,,,K01936,Lentynoje,,,,,,,,,2026-09-16 13:02:00,g@cool.lt,Fabula,1.0
1927.0,Cheryl Dangel Cullen,Direct Response Graphics,,EN,Rockport Publishers,2000.0,DESIGN,,,9781564966292.0,,,,,K01937,Lentynoje,,,,,,,,,2026-09-16 13:02:00,g@cool.lt,Fabula,1.0
1928.0,B. Martin Pedersen,Graphis Design Annual 2003,,EN,Graphis Press,2002.0,DESIGN,,,9781931241137.0,,,,,K01938,Lentynoje,,,,,,,,,2026-09-16 13:02:00,g@cool.lt,Fabula,1.0
1929.0,B. Martin Pedersen,Graphis Design Annual 2005,,EN,Graphis Press,2004.0,DESIGN,,,9781931241397.0,,,,,K01939,Lentynoje,,,,,,,,,2026-09-16 13:02:00,g@cool.lt,Fabula,1.0
1930.0,B. Martin Pedersen,Graphis Design Annual 2006,,EN,Graphis Press,2006.0,DESIGN,,,9781931241472.0,,,,,K01940,Lentynoje,,,,,,,,,2026-09-16 13:02:00,g@cool.lt,Fabula,1.0
1931.0,The One Club,"The One Show, Volume 28",,EN,Rockport Publishers,2006.0,DESIGN,,,9780929837291.0,,guli plokščiai,,,K01941,Lentynoje,,,,,,,,,2026-09-16 13:02:00,g@cool.lt,Fabula,1.0
1932.0,Joyce Rutter Kaye,Graphic Idea Resource: Color,,EN,Rockport Publishers,1998.0,DESIGN,,,9781564963758.0,,guli plokščiai · PATIKSLINTI,,,K01942,Lentynoje,,,,,,,,,2026-09-16 13:02:00,g@cool.lt,Fabula,1.0
1933.0,,Superbrands. An Insight Into Some of Lithuania's Strongest Brands 2007,,EN,,,DESIGN,,,,,nerasta,,,K01943,Lentynoje,,,,,,,,,2026-09-16 13:02:00,g@cool.lt,Fabula,2.0
1934.0,,One Show Interactive,,EN,,,DESIGN,,,,,"serija, leidimas nepatvirtintas · PATIKSLINTI",,,K01944,Lentynoje,,,,,,,,,2026-09-16 13:02:00,g@cool.lt,Fabula,2.0
1935.0,,The One Show,,EN,,,DESIGN,,,,,"serija, leidimas nepatvirtintas · PATIKSLINTI",,,K01945,Lentynoje,,,,,,,,,2026-09-16 13:02:00,g@cool.lt,Fabula,2.0
1936.0,,One Show Design,,EN,,,DESIGN,,,,,"serija, leidimas nepatvirtintas · PATIKSLINTI",,,K01946,Lentynoje,,,,,,,,,2026-09-16 13:02:00,g@cool.lt,Fabula,2.0
1937.0,The Clio Awards,Clio Awards: The 42nd Annual Awards Competition,,EN,Rockport Publishers,2002.0,DESIGN,,,9781564968555.0,,,,,K01947,Lentynoje,,,,,,,,,2026-09-16 13:02:00,g@cool.lt,Fabula,2.0
1938.0,David E. Carter,Fun with Fonts,,EN,Watson-Guptill Publications,1997.0,DESIGN,,,9780823019410.0,,,,,K01948,Lentynoje,,,,,,,,,2026-09-16 13:02:00,g@cool.lt,Fabula,2.0
1939.0,,The Book,,EN,,,DESIGN,,,,,dalis teksto užtušuota markeriu · pavadinimas per daug neapibrėžtas identifikavimui · PATIKSLINTI,,,K01949,Lentynoje,,,,,,,,,2026-09-16 13:02:00,g@cool.lt,Fabula,2.0
1940.0,David Bernstein,Advertising Outdoors: Watch This Space!,,EN,Phaidon,1997.0,DESIGN,,,9780714836355.0,,,,,K01950,Lentynoje,,,,,,,,,2026-09-16 13:02:00,g@cool.lt,Fabula,2.0
1941.0,Warren Berger (CP+B),Hoopla,,EN,powerHouse Books,2006.0,DESIGN,,,9781576873120.0,,,,,K01951,Lentynoje,,,,,,,,,2026-09-16 13:02:00,g@cool.lt,Fabula,2.0
1942.0,The One Club,"The One Show, Volume 20",,EN,The One Club for Art & Copy,1998.0,DESIGN,,,9780929837123.0,,,,,K01952,Lentynoje,,,,,,,,,2026-09-16 13:02:00,g@cool.lt,Fabula,2.0
1943.0,The One Club,"The One Show, Vol. 26",,EN,Rockport Publishers,2004.0,DESIGN,,,9780929837239.0,,,,,K01953,Lentynoje,,,,,,,,,2026-09-16 13:02:00,g@cool.lt,Fabula,2.0
1944.0,,"The One Show, Vol. 23",,EN,,,DESIGN,,,,,"serija, leidimas nepatvirtintas",,,K01954,Lentynoje,,,,,,,,,2026-09-16 13:02:00,g@cool.lt,Fabula,2.0
1945.0,B. Martin Pedersen,Graphis Promotion Design 2,,EN,Graphis Press,2003.0,DESIGN,,,9781931241151.0,,,,,K01955,Lentynoje,,,,,,,,,2026-09-16 13:02:00,g@cool.lt,Fabula,2.0
1946.0,B. Martin Pedersen,Graphis Advertising 97,,EN,Graphis,1996.0,DESIGN,,,9781888001150.0,,PATIKSLINTI,,,K01956,Lentynoje,,,,,,,,,2026-09-16 13:02:00,g@cool.lt,Fabula,2.0
1947.0,B. Martin Pedersen,Branding USA,,EN,Graphis Press,2006.0,DESIGN,,,9781932026177.0,,"serija (yra No. 2, No. 4); priskirta nenumeruotam 1-am tomui",,,K01957,Lentynoje,,,,,,,,,2026-09-16 13:02:00,g@cool.lt,Fabula,2.0
1948.0,B. Martin Pedersen,Graphis Advertising Annual 2006,,EN,Graphis Press,2006.0,DESIGN,,,9781931241489.0,,,,,K01958,Lentynoje,,,,,,,,,2026-09-16 13:02:00,g@cool.lt,Fabula,2.0
1949.0,D. K. Holland,Marketing by Design,,EN,Rockport Publishers,1997.0,ADVERTISING,,,9781564961099.0,,PATIKSLINTI,,,K01959,Lentynoje,,,,,,,,,2026-09-16 13:02:00,g@cool.lt,Fabula,3.0
1950.0,,Advertising Vol. 29 (Communication Arts),,EN,,,ADVERTISING,,,,,"serija, leidimas nepatvirtintas",,,K01960,Lentynoje,,,,,,,,,2026-09-16 13:02:00,g@cool.lt,Fabula,3.0
1951.0,,Art Directors Annual 08,,EN,,,ADVERTISING,,,,,"serija, leidimas nepatvirtintas",,,K01961,Lentynoje,,,,,,,,,2026-09-16 13:02:00,g@cool.lt,Fabula,3.0
1952.0,Epica Awards,Epica Book Twenty One: Europe's Best Advertising,,EN,AVA Publishing,,ADVERTISING,,,,,"serija, leidimas nepatvirtintas; metai ir ISBN nepatvirtinti",,,K01962,Lentynoje,,,,,,,,,2026-09-16 13:02:00,g@cool.lt,Fabula,3.0
1953.0,Epica,13th European Advertising Annual,,EN,,,ADVERTISING,,,,,"serija, leidimas nepatvirtintas",,,K01963,Lentynoje,,,,,,,,,2026-09-16 13:02:00,g@cool.lt,Fabula,3.0
1954.0,Epica,14th European Advertising Annual,,EN,,,ADVERTISING,,,,,"serija, leidimas nepatvirtintas",,,K01964,Lentynoje,,,,,,,,,2026-09-16 13:02:00,g@cool.lt,Fabula,3.0
1955.0,Epica Awards,Epica Book Twenty: Europe's Best Advertising,,EN,AVA Publishing,2007.0,ADVERTISING,,,9782884791038.0,,,,,K01965,Lentynoje,,,,,,,,,2026-09-16 13:02:00,g@cool.lt,Fabula,3.0
1956.0,Epica,15th European Advertising Annual,,EN,,,ADVERTISING,,,,,"serija, leidimas nepatvirtintas",,,K01966,Lentynoje,,,,,,,,,2026-09-16 13:02:00,g@cool.lt,Fabula,3.0
1957.0,Epica Awards,Epica Book Sixteen: Europe's Best Advertising,,EN,AVA Publishing,2003.0,ADVERTISING,,,9782884790420.0,,,,,K01967,Lentynoje,,,,,,,,,2026-09-16 13:02:00,g@cool.lt,Fabula,3.0
1958.0,Art Directors Club,Art Directors Annual 82,,EN,RotoVision,2004.0,ADVERTISING,,,9782880467753.0,,,,,K01968,Lentynoje,,,,,,,,,2026-09-16 13:02:00,g@cool.lt,Fabula,3.0
1959.0,Art Directors Club,Art Directors Annual 76,,EN,RotoVision,1997.0,ADVERTISING,,,9782880463403.0,,įvestyje romėniškai LXXVI = 76 · PATIKSLINTI,,,K01969,Lentynoje,,,,,,,,,2026-09-16 13:02:00,g@cool.lt,Fabula,3.0
1960.0,Art Directors Club,Art Directors Annual 83,,EN,RotoVision,2005.0,ADVERTISING,,,9782880468019.0,,,,,K01970,Lentynoje,,,,,,,,,2026-09-16 13:02:00,g@cool.lt,Fabula,3.0
1961.0,Tom Himpe,"Advertising Is Dead, Long Live Advertising!",,EN,Thames & Hudson,2006.0,ADVERTISING,,,9780500286876.0,,,,,K01971,Lentynoje,,,,,,,,,2026-09-16 13:02:00,g@cool.lt,Fabula,3.0
1962.0,Joyce Rutter Kaye,Graphic Idea Resource: Type,,EN,Rockport Publishers,1998.0,ADVERTISING,,,9781564963741.0,,,,,K01972,Lentynoje,,,,,,,,,2026-09-16 13:02:00,g@cool.lt,Fabula,3.0
1963.0,,Advertising Annual (Communication Arts),,EN,,,ADVERTISING,,,,,"serija, leidimas nepatvirtintas",,,K01973,Lentynoje,,,,,,,,,2026-09-16 13:02:00,g@cool.lt,Fabula,3.0
1964.0,Lakshmi Bhaskaran,What Is Publication Design?,,EN,RotoVision,2006.0,ADVERTISING,,,9782940361465.0,,,,,K01974,Lentynoje,,,,,,,,,2026-09-16 13:02:00,g@cool.lt,Fabula,3.0
1965.0,"W. Ronald Lane, Karen Whitehill King, J. Thomas Russell","Kleppner's Advertising Procedure, 16th ed.",,EN,Pearson Prentice Hall,2004.0,ADVERTISING,,,9780131404120.0,,,,,K01975,Lentynoje,,,,,,,,,2026-09-16 13:02:00,g@cool.lt,Fabula,3.0
1966.0,"Margaret A. Morrison, Eric Haley, Kim Sheehan, Ronald E. Taylor","Using Qualitative Research in Advertising: Strategies, Techniques, and Applications",,EN,Sage Publications,2002.0,ADVERTISING,,,9780761923831.0,,"2 egz., guli plokščiai",,,K01976,Lentynoje,,,,,,,,,2026-09-16 13:02:00,g@cool.lt,Fabula,3.0
1967.0,"Tom Altstiel, Jean Grow",Advertising Strategy,,EN,Sage Publications,2005.0,ADVERTISING / PR,,,9781412917964.0,,,,,K01977,Lentynoje,,,,,,,,,2026-09-16 13:02:00,g@cool.lt,Fabula,4.0
1968.0,Julius Wiedemann,Advertising Now. Print,,EN,Taschen,2006.0,ADVERTISING / PR,,,9783822840276.0,,,,,K01978,Lentynoje,,,,,,,,,2026-09-16 13:02:00,g@cool.lt,Fabula,4.0
1969.0,Alina Wheeler,"Designing Brand Identity: A Complete Guide to Creating, Building, and Maintaining Strong Brands, 2nd ed.",,EN,John Wiley & Sons,2006.0,ADVERTISING / PR,,,9780471746843.0,,,,,K01979,Lentynoje,,,,,,,,,2026-09-16 13:02:00,g@cool.lt,Fabula,4.0
1970.0,Alison Hoad,Advertising Works 13,,EN,World Advertising Research Center / IPA,2005.0,ADVERTISING / PR,,,9781841161693.0,,,,,K01980,Lentynoje,,,,,,,,,2026-09-16 13:02:00,g@cool.lt,Fabula,4.0
1971.0,Juozas Adomonis,Nuo taško iki sintezės,,LT,Vilniaus dailės akademijos leidykla,2008.0,ADVERTISING / PR,,,9789955624912.0,,"yra ir ankstesnių leidimų (1994, 2000)",,,K01981,Lentynoje,,,,,,,,,2026-09-16 13:02:00,g@cool.lt,Fabula,4.0
1972.0,Gerard J. Tellis,Effective Advertising,,EN,Sage Publications,2003.0,ADVERTISING / PR,,,9780761922520.0,,,,,K01982,Lentynoje,,,,,,,,,2026-09-16 13:02:00,g@cool.lt,Fabula,4.0
1973.0,Eugene J. Hameroff,The Advertising Agency Business,,EN,NTC Business Books,1998.0,ADVERTISING / PR,,,9780844231693.0,,,,,K01983,Lentynoje,,,,,,,,,2026-09-16 13:02:00,g@cool.lt,Fabula,4.0
1974.0,Wally Olins,On Brand. Prekės ženklas,,LT,Mūsų knyga,2006.0,ADVERTISING / PR,,,9789955141457.0,,,,,K01984,Lentynoje,,,,,,,,,2026-09-16 13:02:00,g@cool.lt,Fabula,4.0
1975.0,Lisa L. Cyr,The Little Book of Big Promotions,,EN,Rockport Publishers,2007.0,ADVERTISING / PR,,,9781592533558.0,,,,,K01985,Lentynoje,,,,,,,,,2026-09-16 13:02:00,g@cool.lt,Fabula,4.0
1976.0,"Al Ries, Laura Ries",The Fall of Advertising and the Rise of PR,,EN,HarperCollins (HarperBusiness),2002.0,ADVERTISING / PR,,,9780060081980.0,,,,,K01986,Lentynoje,,,,,,,,,2026-09-16 13:02:00,g@cool.lt,Fabula,4.0
1977.0,"Pat Fallon, Fred Senn",Juicing the Orange,,EN,Harvard Business School Press,2006.0,ADVERTISING / PR,,,9781591399278.0,,,,,K01987,Lentynoje,,,,,,,,,2026-09-16 13:02:00,g@cool.lt,Fabula,4.0
1978.0,Giedrius Drukteinis,Prekių ženklai: 50 sėkmės istorijų,,LT,Sofoklis,2015.0,ADVERTISING / PR,,,9786094441622.0,,,,,K01988,Lentynoje,,,,,,,,,2026-09-16 13:02:00,g@cool.lt,Fabula,4.0
1979.0,Klaus Schmidt (sud.),The Quest for Identity,,EN,Cassell / Orion Publishing Group,1996.0,ADVERTISING / PR,,,9780304334117.0,,Open Library įraše pavadinimas su rašybos klaida („Indentity“),,,K01989,Lentynoje,,,,,,,,,2026-09-16 13:02:00,g@cool.lt,Fabula,4.0
1980.0,"Merry Aronson, Don Spetner",The Public Relations Writer's Handbook,,EN,Lexington Books,1993.0,ADVERTISING / PR,,,,,"keli leidimai (1993, 1998, 2007); leidimas nepatvirtintas, ISBN nenustatytas",,,K01990,Lentynoje,,,,,,,,,2026-09-16 13:02:00,g@cool.lt,Fabula,4.0
1981.0,Zita Nauckūnaitė,Iškalbos mokymas,,LT,Šviesa,2000.0,ADVERTISING / PR,,,9785430024925.0,,,,,K01991,Lentynoje,,,,,,,,,2026-09-16 13:02:00,g@cool.lt,Fabula,4.0
1982.0,Juozas Keliuotis,Žurnalistikos paskaitos,,LT,,,ADVERTISING / PR,,,,,nerasta patvirtinto šaltinio,,,K01992,Lentynoje,,,,,,,,,2026-09-16 13:02:00,g@cool.lt,Fabula,4.0
1983.0,Michael Kunczik,Images of Nations and International Public Relations,,EN,Lawrence Erlbaum Associates,1997.0,ADVERTISING / PR,,,9780805817133.0,,tų pačių metų leidimas turi ir ISBN 9780805817140 (minkštas virš.),,,K01993,Lentynoje,,,,,,,,,2026-09-16 13:02:00,g@cool.lt,Fabula,4.0
1984.0,Thomas H. Bivins,Handbook for Public Relations Writing,,EN,NTC Business Books,1999.0,ADVERTISING / PR,,,9780844203508.0,,įvestyje „3rd ed.“; patvirtintas 1999 m. NTC leidimas,,,K01994,Lentynoje,,,,,,,,,2026-09-16 13:02:00,g@cool.lt,Fabula,4.0
1985.0,Garry Winogrand,Public Relations,,EN,The Museum of Modern Art,1977.0,ADVERTISING / PR,,,9780870705427.0,,,,,K01995,Lentynoje,,,,,,,,,2026-09-16 13:02:00,g@cool.lt,Fabula,4.0
1986.0,"John Simmons, Tim Rich, Freda Sack",26 Letters: Illuminating the Alphabet,,EN,Cyan Books,2004.0,ADVERTISING / PR,,,9781904879152.0,,"įvestyje „CYAN“ yra leidėjas, ne autorius",,,K01996,Lentynoje,,,,,,,,,2026-09-16 13:02:00,g@cool.lt,Fabula,4.0
1987.0,,The Yellow Book,,EN,,,ADVERTISING / PR,,,,,nerasta; pavadinimas per bendras identifikuoti,,,K01997,Lentynoje,,,,,,,,,2026-09-16 13:02:00,g@cool.lt,Fabula,4.0
1988.0,JGA,"1,000 Retail Graphics",,EN,Rockport Publishers,2007.0,ADVERTISING / PR,,,9781592533367.0,,,,,K01998,Lentynoje,,,,,,,,,2026-09-16 13:02:00,g@cool.lt,Fabula,4.0
1989.0,Wilson Harvey,"1,000 Graphic Elements",,EN,Rockport Publishers,2004.0,ADVERTISING / PR,,,9781592530779.0,,,,,K01999,Lentynoje,,,,,,,,,2026-09-16 13:02:00,g@cool.lt,Fabula,4.0
1990.0,Marta Serrats,Unique Packaging,,EN,Collins Design,2007.0,PACKAGING,,,9780061144226.0,,,,,K02000,Lentynoje,,,,,,,,,2026-09-16 13:02:00,g@cool.lt,Fabula,5.0
1991.0,"George L. Wybenga, László Roth","The Packaging Designer's Book of Patterns, 3rd ed.",,EN,John Wiley & Sons,,PACKAGING,,,,,"serija/keli leidimai (1991, 2000, 2006, 2012); 3-iasis leidimas nepatvirtintas",,,K02001,Lentynoje,,,,,,,,,2026-09-16 13:02:00,g@cool.lt,Fabula,5.0
1992.0,"Patricia Belyea, Jenny Sullivan",Fantastic Folders and Exceptional Envelopes,,EN,Rockport Publishers,2005.0,PACKAGING,,,9781592531752.0,,,,,K02002,Lentynoje,,,,,,,,,2026-09-16 13:02:00,g@cool.lt,Fabula,5.0
1993.0,Wilson Harvey,The Best of Brochure Design 7,,EN,Rockport Publishers,2003.0,PACKAGING,,,9781592530854.0,,,,,K02003,Lentynoje,,,,,,,,,2026-09-16 13:02:00,g@cool.lt,Fabula,5.0
1994.0,Stacey King Gordon,Packaging Makeovers,,EN,Rockport Publishers,2005.0,PACKAGING,,,9781592531103.0,,yra ir 2007 m. leidimas „Packaging Makeover“ · PATIKSLINTI,,,K02004,Lentynoje,,,,,,,,,2026-09-16 13:02:00,g@cool.lt,Fabula,5.0
1995.0,Ben Hargreaves,Successful Food Packaging Design,,EN,Rockport Publishers,2006.0,PACKAGING,,,9782940361335.0,,ISBN prefiksas (2-940361) rodo RotoVision – galimas bendraleidinys,,,K02005,Lentynoje,,,,,,,,,2026-09-16 13:02:00,g@cool.lt,Fabula,5.0
1996.0,,Brand & Packaging Design Book 2009/10,,EN,,,PACKAGING,,,,,"serija, leidimas nepatvirtintas",,,K02006,Lentynoje,,,,,,,,,2026-09-16 13:02:00,g@cool.lt,Fabula,5.0
1997.0,Luke Herriott,The Designer's Packaging Bible: Creative Solutions for Outstanding Design,,EN,RotoVision,2007.0,PACKAGING,,,9782940361724.0,,,,,K02007,Lentynoje,,,,,,,,,2026-09-16 13:02:00,g@cool.lt,Fabula,5.0
1998.0,Paul Jackson,Structural Packaging,,EN,Laurence King Publishing,2012.0,PACKAGING,,,9781856697538.0,,,,,K02008,Lentynoje,,,,,,,,,2026-09-16 13:02:00,g@cool.lt,Fabula,5.0
1999.0,"Catharine Fishel, Stacey King Gordon",The Little Book of Big Packaging Ideas,,EN,Rockport Publishers,2007.0,PACKAGING,,,9781592533534.0,,,,,K02009,Lentynoje,,,,,,,,,2026-09-16 13:02:00,g@cool.lt,Fabula,5.0
2000.0,Poppy Evans,"Forms, Folds, and Sizes",,EN,Rockport Publishers,2004.0,PACKAGING,,,,,yra 2004 ir 2008 m. leidimai; ISBN nepatvirtintas konkrečiam leidimui,,,K02010,Lentynoje,,,,,,,,,2026-09-16 13:02:00,g@cool.lt,Fabula,5.0
2001.0,Michael Michalko,Thinkertoys,,EN,Ten Speed Press,,PACKAGING,,,,,"keli leidimai (1991, 2006); leidimas nepatvirtintas",,,K02011,Lentynoje,,,,,,,,,2026-09-16 13:02:00,g@cool.lt,Fabula,5.0
2002.0,Peter King & Company,"1,000 Greetings",,EN,Rockport Publishers,2004.0,PACKAGING,,,9781592530212.0,,,,,K02012,Lentynoje,,,,,,,,,2026-09-16 13:02:00,g@cool.lt,Fabula,5.0
2003.0,Kimberly Elam,Typographic Systems,,EN,Princeton Architectural Press,2007.0,PACKAGING,,,9781568986876.0,,,,,K02013,Lentynoje,,,,,,,,,2026-09-16 13:02:00,g@cool.lt,Fabula,5.0
2004.0,"Kiki Eldridge, Cheryl Dangel Cullen","1,000 Bags, Tags, & Labels",,EN,Rockport Publishers,2006.0,PACKAGING,,,9781592531837.0,,,,,K02014,Lentynoje,,,,,,,,,2026-09-16 13:02:00,g@cool.lt,Fabula,5.0
2005.0,Pepin van Roojen (Pepin Press),Folding Patterns for Display & Publicity (Pepin Press),,EN,Pepin Press / Agile Rabbit Editions,2002.0,PACKAGING,,,9789057680403.0,,,,,K02015,Lentynoje,,,,,,,,,2026-09-16 13:02:00,g@cool.lt,Fabula,5.0
2006.0,Laurence K. Withers,How to Fold (Pepin Press),,EN,Pepin Press / Agile Rabbit Editions,2002.0,PACKAGING,,,9789057680397.0,,2 egz.,,,K02016,Lentynoje,,,,,,,,,2026-09-16 13:02:00,g@cool.lt,Fabula,5.0
2007.0,Pepin van Roojen,Structural Package Designs (Pepin Press),,EN,Pepin Press / Agile Rabbit Editions,2003.0,PACKAGING,,,9789057680441.0,,,,,K02017,Lentynoje,,,,,,,,,2026-09-16 13:02:00,g@cool.lt,Fabula,5.0
2008.0,"H. Hellige, Robert Klanten (sud.)",Los Logos 4,,EN,Die Gestalten Verlag,2008.0,PACKAGING,,,9783899552225.0,,,,,K02018,Lentynoje,,,,,,,,,2026-09-16 13:02:00,g@cool.lt,Fabula,5.0
2009.0,Peter King & Company,"1,000 Greetings",,EN,Rockport Publishers,2004.0,PACKAGING,,,9781592530212.0,,guli plokščiai · dublikatas su ID 101,,,K02019,Lentynoje,,,,,,,,,2026-09-16 13:02:00,g@cool.lt,Fabula,5.0
2010.0,Grip,"1,000 Package Designs",,EN,Rockport Publishers,2008.0,PACKAGING,,,9781592534456.0,,guli plokščiai · yra ir 2009 bei 2011 m. leidimai,,,K02020,Lentynoje,,,,,,,,,2026-09-16 13:02:00,g@cool.lt,Fabula,5.0
2011.0,Ram Charan,Know-How. Praktinės žinios,,LT,Verslo žinios,2008.0,LEADERSHIP AND MANAGEMENT LT / PUBLIC SPEAKING,,,9789955460640.0,,,,,K02021,Lentynoje,,,,,,,,,2026-09-16 13:02:00,g@cool.lt,Fabula,6.0
2012.0,"Doug Jensen, Tom McMullen, Mel Stark",Vadovams apie atlygį,,LT,Verslo žinios,2008.0,LEADERSHIP AND MANAGEMENT LT / PUBLIC SPEAKING,,,,,ISBN nerastas,,,K02022,Lentynoje,,,,,,,,,2026-09-16 13:02:00,g@cool.lt,Fabula,6.0
2013.0,"Loren B. Belker, Gary S. Topchik",Vadovavimas: pirmieji žingsniai,,LT,,,LEADERSHIP AND MANAGEMENT LT / PUBLIC SPEAKING,,,,,nerasta patvirtinto šaltinio (šaltiniai blokuoti),,,K02023,Lentynoje,,,,,,,,,2026-09-16 13:02:00,g@cool.lt,Fabula,6.0
2014.0,"Jonas Ridderstråle, Mark Wilcox",Energingesnės bendrovės link,,LT,,,LEADERSHIP AND MANAGEMENT LT / PUBLIC SPEAKING,,,,,nerasta patvirtinto šaltinio,,,K02024,Lentynoje,,,,,,,,,2026-09-16 13:02:00,g@cool.lt,Fabula,6.0
2015.0,"Barry Tomalin, Mike Nicks",Pasaulio verslo kultūros ir kaip jas perprasti,,LT,,,LEADERSHIP AND MANAGEMENT LT / PUBLIC SPEAKING,,,,,nerasta patvirtinto šaltinio,,,K02025,Lentynoje,,,,,,,,,2026-09-16 13:02:00,g@cool.lt,Fabula,6.0
2016.0,Manfred F. R. Kets de Vries,Lyderis pas psichoanalitiką. Kaip pažinti save ir vadovauti kitiems,,LT,,2007.0,LEADERSHIP AND MANAGEMENT LT / PUBLIC SPEAKING,,,,,leidėjas ir ISBN šaltinyje nenurodyti,,,K02026,Lentynoje,,,,,,,,,2026-09-16 13:02:00,g@cool.lt,Fabula,6.0
2017.0,Richard Watson,Ateities failai. Kaip gyvensime po 50 metų,,LT,,,LEADERSHIP AND MANAGEMENT LT / PUBLIC SPEAKING,,,,,nerasta patvirtinto šaltinio,,,K02027,Lentynoje,,,,,,,,,2026-09-16 13:02:00,g@cool.lt,Fabula,6.0
2018.0,Arthur B. VanGundy,Naujovių link,,LT,,,LEADERSHIP AND MANAGEMENT LT / PUBLIC SPEAKING,,,,,"knyga patvirtinta, bet metai/leidėjas/ISBN šaltinyje nenurodyti",,,K02028,Lentynoje,,,,,,,,,2026-09-16 13:02:00,g@cool.lt,Fabula,6.0
2019.0,"Mark Thomas, Gary Miles, Peter Fisk",Tobulas generalinis,,EN,,,LEADERSHIP AND MANAGEMENT LT / PUBLIC SPEAKING,,,,,nerasta patvirtinto šaltinio,,,K02029,Lentynoje,,,,,,,,,2026-09-16 13:02:00,g@cool.lt,Fabula,6.0
2020.0,"Richard Boyatzis, Annie McKee",Darni lyderystė,,LT,Verslo žinios,2006.0,LEADERSHIP AND MANAGEMENT LT / PUBLIC SPEAKING,,,9789955460299.0,,,,,K02030,Lentynoje,,,,,,,,,2026-09-16 13:02:00,g@cool.lt,Fabula,6.0
2021.0,Vince Thompson,Idėjų įkvėpti,,LT,Verslo žinios,2007.0,LEADERSHIP AND MANAGEMENT LT / PUBLIC SPEAKING,,,9789955460602.0,,knygos.lt pavadinimą rašo „Įdėjų įkvėpti“ (su klaida),,,K02031,Lentynoje,,,,,,,,,2026-09-16 13:02:00,g@cool.lt,Fabula,6.0
2022.0,"Gary Hamel, Bill Breen",Vadybos ateitis,,EN,Verslo žinios,2008.0,LEADERSHIP AND MANAGEMENT LT / PUBLIC SPEAKING,,,9789955460824.0,,,,,K02032,Lentynoje,,,,,,,,,2026-09-16 13:02:00,g@cool.lt,Fabula,6.0
2023.0,"Daniel Goleman, Richard Boyatzis, Annie McKee",Lyderystė. Kaip vadovauti pasitelkiant emocinį intelektą,,LT,Smaltijos leidykla,2007.0,LEADERSHIP AND MANAGEMENT LT / PUBLIC SPEAKING,,,9789955707080.0,,2 egz.,,,K02033,Lentynoje,,,,,,,,,2026-09-16 13:02:00,g@cool.lt,Fabula,6.0
2024.0,Greg Niemann,Didysis UPS. Dar negirdėta istorija,,LT,Eugrimas,2011.0,LEADERSHIP AND MANAGEMENT LT / PUBLIC SPEAKING,,,9786094370922.0,,,,,K02034,Lentynoje,,,,,,,,,2026-09-16 13:02:00,g@cool.lt,Fabula,6.0
2025.0,"Tom Peters, Robert H. Waterman",Tobulumo beieškant,,LT,,,LEADERSHIP AND MANAGEMENT LT / PUBLIC SPEAKING,,,,,nerasta patvirtinto šaltinio,,,K02035,Lentynoje,,,,,,,,,2026-09-16 13:02:00,g@cool.lt,Fabula,6.0
2026.0,Andrii Sedniev,Magic of Public Speaking: A Complete System to Become a World Class Speaker,,EN,Primedia eLaunch,2012.0,LEADERSHIP AND MANAGEMENT LT / PUBLIC SPEAKING,,,9781622094318.0,,,,,K02036,Lentynoje,,,,,,,,,2026-09-16 13:02:00,g@cool.lt,Fabula,6.0
2027.0,Scott Berkun,Confessions of a Public Speaker,,EN,O'Reilly Media,2009.0,LEADERSHIP AND MANAGEMENT LT / PUBLIC SPEAKING,,,,,1-asis leidimas 2009; patvirtintas tik 2011 m. leidimo ISBN 9781449301958,,,K02037,Lentynoje,,,,,,,,,2026-09-16 13:02:00,g@cool.lt,Fabula,6.0
2028.0,Fred E. Miller,No Sweat Public Speaking!,,EN,Fred Co.,2011.0,LEADERSHIP AND MANAGEMENT LT / PUBLIC SPEAKING,,,9780984396702.0,,,,,K02038,Lentynoje,,,,,,,,,2026-09-16 13:02:00,g@cool.lt,Fabula,6.0
2029.0,Janina Bielinienė,Iškalbos menas,,LT,Vilniaus dailės akademijos leidykla,2000.0,LEADERSHIP AND MANAGEMENT LT / PUBLIC SPEAKING,,,9789986571551.0,,,,,K02039,Lentynoje,,,,,,,,,2026-09-16 13:02:00,g@cool.lt,Fabula,6.0
2030.0,Janet Lowe,Kalba Jackas Welchas: garsiausio pasaulyje verslo lyderio sąmojis ir išmintis,,LT,Verslo žinios,2008.0,LEADERSHIP AND MANAGEMENT LT / PUBLIC SPEAKING,,,9789955460848.0,,,,,K02040,Lentynoje,,,,,,,,,2026-09-16 13:02:00,g@cool.lt,Fabula,6.0
2031.0,J. Galvydis,,,EN,,,LEADERSHIP AND MANAGEMENT LT / PUBLIC SPEAKING,,,,,pavadinimo ant nugarėlės nėra · PATIKSLINTI,,,K02041,Lentynoje,,,,,,,,,2026-09-16 13:02:00,g@cool.lt,Fabula,6.0
2032.0,Gediminas Beržinskas,Elevacinė etika,,LT,,2008.0,LEADERSHIP AND MANAGEMENT LT,,,9789955943099.0,,leidėjas šaltinyje nenurodytas,,,K02042,Lentynoje,,,,,,,,,2026-09-16 13:02:00,g@cool.lt,Fabula,7.0
2033.0,Sydney Finkelstein,Kodėl žlunga šaunūs vadovai ir ko galima pasimokyti iš jų klaidų,,LT,,,LEADERSHIP AND MANAGEMENT LT,,,,,"pavadinimas patvirtintas (knyguklubas.lt), bet metai/leidėjas/ISBN nepatvirtinti",,,K02043,Lentynoje,,,,,,,,,2026-09-16 13:02:00,g@cool.lt,Fabula,7.0
2034.0,Vladas Algirdas Bumelis,99 %,,EN,Tyto alba,2010.0,LEADERSHIP AND MANAGEMENT LT,,,9789986167273.0,,"2 egz., skirtingi viršeliai",,,K02044,Lentynoje,,,,,,,,,2026-09-16 13:02:00,g@cool.lt,Fabula,7.0
2035.0,Geoff Petty,Šiuolaikinis mokymas. Praktinis vadovas,,LT,Tyto alba,2006.0,LEADERSHIP AND MANAGEMENT LT,,,9789986164753.0,,,,,K02045,Lentynoje,,,,,,,,,2026-09-16 13:02:00,g@cool.lt,Fabula,7.0
2036.0,Andrej Kurkov,Bikfordo pasaulis,,EN,Vaga,2015.0,LEADERSHIP AND MANAGEMENT LT,,,,,ISBN šaltinyje nenurodytas,,,K02046,Lentynoje,,,,,,,,,2026-09-16 13:02:00,g@cool.lt,Fabula,7.0
2037.0,John Roberts,The Modern Firm,,EN,Oxford University Press,2007.0,LEADERSHIP AND MANAGEMENT LT,,,9780198293750.0,,originalus leidimas 2004; patvirtintas 2007 m. leidimas,,,K02047,Lentynoje,,,,,,,,,2026-09-16 13:02:00,g@cool.lt,Fabula,7.0
2038.0,Stephen M. R. Covey,Pasitikėjimo greitis,,LT,Luceo,2009.0,LEADERSHIP AND MANAGEMENT LT,,,9789955678489.0,,,,,K02048,Lentynoje,,,,,,,,,2026-09-16 13:02:00,g@cool.lt,Fabula,7.0
2039.0,Todd,The Science of Prices,,EN,,,LEADERSHIP AND MANAGEMENT LT,,,,,nerasta patvirtinto šaltinio · PATIKSLINTI,,,K02049,Lentynoje,,,,,,,,,2026-09-16 13:02:00,g@cool.lt,Fabula,7.0
2040.0,Klaudijus Maniokas,Europos Sąjungos plėtra ir europeizacija,,LT,Eugrimas,2003.0,LEADERSHIP AND MANAGEMENT LT,,,9789955501404.0,,,,,K02050,Lentynoje,,,,,,,,,2026-09-16 13:02:00,g@cool.lt,Fabula,7.0
2041.0,Kotryna Zylė,Mylimi kaulai,,LT,Aukso žuvys,2024.0,LEADERSHIP AND MANAGEMENT LT,,,9786098335255.0,,,,,K02051,Lentynoje,,,,,,,,,2026-09-16 13:02:00,g@cool.lt,Fabula,7.0
2042.0,Plutarchas,Rinktinės biografijos,,LT,Valstybinė grožinės literatūros leidykla,1962.0,LEADERSHIP AND MANAGEMENT LT,,,,,leidinys iš priešISBN laikotarpio,,,K02052,Lentynoje,,,,,,,,,2026-09-16 13:02:00,g@cool.lt,Fabula,7.0
2043.0,,Elitas ir lyderystė,,LT,,,LEADERSHIP AND MANAGEMENT LT,,,,,nerasta patvirtinto šaltinio,,,K02053,Lentynoje,,,,,,,,,2026-09-16 13:02:00,g@cool.lt,Fabula,7.0
2044.0,Jack Trout,Trout on Strategy,,EN,McGraw-Hill,2004.0,LEADERSHIP AND MANAGEMENT LT,,,9780071437943.0,,,,,K02054,Lentynoje,,,,,,,,,2026-09-16 13:02:00,g@cool.lt,Fabula,7.0
2045.0,Saulius Jovaišas,Boso valanda. Kasdienė šiuolaikinio vadovo knyga: kaip vadovauti žmonėms?,,LT,Baltos lankos,2015.0,LEADERSHIP AND MANAGEMENT LT,,,9789955238737.0,,,,,K02055,Lentynoje,,,,,,,,,2026-09-16 13:02:00,g@cool.lt,Fabula,7.0
2046.0,J. C. Larreche,Impulso efektas. Veiksmingo augimo paslaptys,,EN,Rgrupė,2011.0,LEADERSHIP AND MANAGEMENT LT,,,9789955923176.0,,,,,K02056,Lentynoje,,,,,,,,,2026-09-16 13:02:00,g@cool.lt,Fabula,7.0
2047.0,Georg Felser,Motyvacijos būdai,,LT,Alma littera,2006.0,LEADERSHIP AND MANAGEMENT LT,,,9789955243830.0,,,,,K02057,Lentynoje,,,,,,,,,2026-09-16 13:02:00,g@cool.lt,Fabula,7.0
2048.0,"Bodo Schäfer, Boris Grundl",Lyderystė paprastai,,LT,,,LEADERSHIP AND MANAGEMENT LT,,,,,"Lietuviško leidimo įrašo nerasta; knygos.lt autoriaus biografijoje užsimenama apie 2007 m., bet leidėjas ir ISBN nepatvirtinti",,,K02058,Lentynoje,,,,,,,,,2026-09-16 13:02:00,g@cool.lt,Fabula,7.0
2049.0,"Tomas Misiukonis, Viktorija Matusevičiūtė, Mindaugas Grajauskas","Dėmesio, grupė! Praktiniai darbo su grupe būdai ir technikos. 1 dalis",,LT,Vaga,2024.0,LEADERSHIP AND MANAGEMENT LT,,,9785415023738.0,,"Serija iš 2 dalių, yra ir ankstesnis (2016 m.) leidimas; dalis ir leidimas nepatvirtinti",,,K02059,Lentynoje,,,,,,,,,2026-09-16 13:02:00,g@cool.lt,Fabula,7.0
2050.0,Aistė Paškevičiūtė,Laisvųjų papūgų karta,,LT,Alma littera,2020.0,LEADERSHIP AND MANAGEMENT LT,,,9786090142196.0,,,,,K02060,Lentynoje,,,,,,,,,2026-09-16 13:02:00,g@cool.lt,Fabula,7.0
2051.0,Janet Lowe,Kalba Warrenas Buffettas: garsiausio pasaulyje investuotojo sąmojis ir išmintis,,LT,Verslo žinios,2008.0,LEADERSHIP AND MANAGEMENT LT,,,9789955460831.0,,,,,K02061,Lentynoje,,,,,,,,,2026-09-16 13:02:00,g@cool.lt,Fabula,7.0
2052.0,George Lois,Velniškai geras patarimas (talentingiems žmonėms!): kaip atskleisti savo kūrybinį potencialą,,LT,,,LEADERSHIP AND MANAGEMENT LT,,,,,"Produkto puslapyje leidėjas, metai ir ISBN nenurodyti; obuolys.lt nuoroda neveikia",,,K02062,Lentynoje,,,,,,,,,2026-09-16 13:02:00,g@cool.lt,Fabula,7.0
2053.0,Dale Carnegie,Lyderystės menas. Kaip paskatinti save ir kitus siekti tobulumo,,LT,Eugrimas,2011.0,LEADERSHIP AND MANAGEMENT LT,,,9786094371103.0,,,,,K02063,Lentynoje,,,,,,,,,2026-09-16 13:02:00,g@cool.lt,Fabula,7.0
2054.0,Dale Carnegie,Kaip įsigyti draugų ir daryti įtaką žmonėms,,LT,Gardenija,1998.0,LEADERSHIP AND MANAGEMENT LT,,,9986855055.0,,Yra ir vėlesnių lietuviškų leidimų; leidimas nepatvirtintas,,,K02064,Lentynoje,,,,,,,,,2026-09-16 13:02:00,g@cool.lt,Fabula,7.0
2055.0,Romualdas Granauskas,Duburys,,EN,Lietuvos rašytojų sąjungos leidykla,2016.0,LEADERSHIP AND MANAGEMENT LT,,,9789986398936.0,,guli plokščiai · Pirmasis leidimas 2003 m.; nurodytas serijos „Romualdo Granausko kūriniai“ leidimas,,,K02065,Lentynoje,,,,,,,,,2026-09-16 13:02:00,g@cool.lt,Fabula,7.0
2056.0,"Bradley Hope, Justin Scheck",Blood and Oil: Mohammed bin Salman's Ruthless Quest for Global Power,,EN,Hachette Books,2020.0,LEADERSHIP AND MANAGEMENT LT,,,9780306924217.0,,guli plokščiai,,,K02066,Lentynoje,,,,,,,,,2026-09-16 13:02:00,g@cool.lt,Fabula,7.0
2057.0,Jack Foster,How to Get Ideas,,EN,Berrett-Koehler Publishers,1996.0,LEADERSHIP AND MANAGEMENT LT,,,9781583763698.0,,guli plokščiai,,,K02067,Lentynoje,,,,,,,,,2026-09-16 13:02:00,g@cool.lt,Fabula,7.0
2058.0,"Pablo Cardona, Carlos Rey",Misijomis paremta vadyba,,EN,,,BUSINESS AND FINANCE / WEB,,,,,Nerasta jokio patikimo įrašo apie lietuvišką leidimą,,,K02068,Lentynoje,,,,,,,,,2026-09-16 13:02:00,g@cool.lt,Fabula,8.0
2059.0,William Skip Miller,Iniciatyvioji pardavimo vadyba,,EN,,,BUSINESS AND FINANCE / WEB,,,,,"Nerasta jokio patikimo įrašo apie lietuvišką leidimą (originalas: W. Skip Miller, ProActive Sales Management)",,,K02069,Lentynoje,,,,,,,,,2026-09-16 13:02:00,g@cool.lt,Fabula,8.0
2060.0,Eliyahu M. Goldratt,The Goal: A Process of Ongoing Improvement,,EN,Gower Publishing,1986.0,BUSINESS AND FINANCE / WEB,,,9780566026836.0,,"Daug leidimų (pirmasis 1984, North River Press); leidimas nepatvirtintas",,,K02070,Lentynoje,,,,,,,,,2026-09-16 13:02:00,g@cool.lt,Fabula,8.0
2061.0,"Dan Senor, Saul Singer",Idėjų šalis. Izraelio ekonomikos stebuklas,,LT,Tyto alba,2011.0,BUSINESS AND FINANCE / WEB,,,9789986168270.0,,,,,K02071,Lentynoje,,,,,,,,,2026-09-16 13:02:00,g@cool.lt,Fabula,8.0
2062.0,"Keith Dugdale, David Lambert",Sumanesnis pardavimas,,EN,Verslo žinios,2008.0,BUSINESS AND FINANCE / WEB,,,9789955460688.0,,,,,K02072,Lentynoje,,,,,,,,,2026-09-16 13:02:00,g@cool.lt,Fabula,8.0
2063.0,"Hermann Simon, Frank F. Bilstein, Frank Luby","Didinkite pelną, ne rinkos dalį",,LT,Verslo žinios,2007.0,BUSINESS AND FINANCE / WEB,,,9789955460503.0,,,,,K02073,Lentynoje,,,,,,,,,2026-09-16 13:02:00,g@cool.lt,Fabula,8.0
2064.0,"Steven D. Levitt, Stephen J. Dubner",Keistonomika,,EN,Eugrimas,2007.0,BUSINESS AND FINANCE / WEB,,,,,Pirmo leidimo ISBN nepatvirtintas; 2011 m. kišeninio formato leidimo ISBN 9789955682905,,,K02074,Lentynoje,,,,,,,,,2026-09-16 13:02:00,g@cool.lt,Fabula,8.0
2065.0,,Ekonomika ir verslumas I,,EN,,,BUSINESS AND FINANCE / WEB,,,,,"serija, leidimas nepatvirtintas (yra 11 kl. I d. ir IX–X kl. vadovėliai, skirtingi autoriai ir metai)",,,K02075,Lentynoje,,,,,,,,,2026-09-16 13:02:00,g@cool.lt,Fabula,8.0
2066.0,,Ekonomika ir verslumas II,,EN,,,BUSINESS AND FINANCE / WEB,,,,,"serija, leidimas nepatvirtintas",,,K02076,Lentynoje,,,,,,,,,2026-09-16 13:02:00,g@cool.lt,Fabula,8.0
2067.0,,Visuomenės požiūris į verslininką: koks ir kodėl?,,LT,Lietuvos laisvosios rinkos institutas,2014.0,BUSINESS AND FINANCE / WEB,,,,,"Leidinys skelbiamas PDF formatu, ISBN nenurodytas",,,K02077,Lentynoje,,,,,,,,,2026-09-16 13:02:00,g@cool.lt,Fabula,8.0
2068.0,"Jay Conrad Levinson, Elly Valas, Orvel Ray Wilson",Guerrilla Retailing,,EN,The Guerrilla Group Press,2004.0,BUSINESS AND FINANCE / WEB,,,9781886481077.0,,,,,K02078,Lentynoje,,,,,,,,,2026-09-16 13:02:00,g@cool.lt,Fabula,8.0
2069.0,Bill Gates,Verslas minties greičiu,,LT,Eugrimas,2008.0,BUSINESS AND FINANCE / WEB,,,9789955790426.0,,,,,K02079,Lentynoje,,,,,,,,,2026-09-16 13:02:00,g@cool.lt,Fabula,8.0
2070.0,,"Verslo amžius 1918–2018 m. Lietuvių kapitalizmas, valdžia ir verslininkai",,LT,Leidybos idėjų centras,2019.0,BUSINESS AND FINANCE / WEB,,,,,"daugiatomis, dalies ISBN nepatvirtintas",,,K02080,Lentynoje,,,,,,,,,2026-09-16 13:02:00,g@cool.lt,Fabula,8.0
2071.0,Richard Branson (pratarmė),Globalisation Laid Bare,,LT,Gibson Square,2009.0,BUSINESS AND FINANCE / WEB,,,9781906142193.0,,,,,K02081,Lentynoje,,,,,,,,,2026-09-16 13:02:00,g@cool.lt,Fabula,8.0
2072.0,"Per Kristiansen, Robert Rasmussen",Building a Better Business Using the LEGO Serious Play Method,,EN,John Wiley & Sons,2014.0,BUSINESS AND FINANCE / WEB,,,9781118931370.0,,,,,K02082,Lentynoje,,,,,,,,,2026-09-16 13:02:00,g@cool.lt,Fabula,8.0
2073.0,"William B. Sanders, Chandima Cumaranatunge",ActionScript 3.0 Design Patterns,,EN,O'Reilly Media,2007.0,BUSINESS AND FINANCE / WEB,,,9780596554842.0,,ISBN gali būti elektroninio leidimo,,,K02083,Lentynoje,,,,,,,,,2026-09-16 13:02:00,g@cool.lt,Fabula,8.0
2074.0,"Louis Rosenfeld, Peter Morville","Information Architecture for the World Wide Web, 2nd ed.",,EN,O'Reilly,2002.0,BUSINESS AND FINANCE / WEB,,,9780596000356.0,,2-asis leidimas,,,K02084,Lentynoje,,,,,,,,,2026-09-16 13:02:00,g@cool.lt,Fabula,8.0
2075.0,Christina Wodtke,Information Architecture: Blueprints for the Web,,EN,New Riders,2002.0,BUSINESS AND FINANCE / WEB,,,9780735712508.0,,Yra ir 2009 m. 2-asis leidimas (9780321600806),,,K02085,Lentynoje,,,,,,,,,2026-09-16 13:02:00,g@cool.lt,Fabula,8.0
2076.0,Jakob Nielsen,Designing Web Usability,,EN,New Riders / Peachpit Press,1999.0,BUSINESS AND FINANCE / WEB,,,9781562058104.0,,,,,K02086,Lentynoje,,,,,,,,,2026-09-16 13:02:00,g@cool.lt,Fabula,8.0
2077.0,"Douglas K. van Duyne, James A. Landay, Jason I. Hong",The Design of Sites,,EN,Addison-Wesley,2002.0,BUSINESS AND FINANCE / WEB,,,9780201721492.0,,,,,K02087,Lentynoje,,,,,,,,,2026-09-16 13:02:00,g@cool.lt,Fabula,8.0
2078.0,Thomas Wong,101 Ways to Boost Your Web Traffic,,EN,Intesync,2000.0,BUSINESS AND FINANCE / WEB,,,9780963834959.0,,,,,K02088,Lentynoje,,,,,,,,,2026-09-16 13:02:00,g@cool.lt,Fabula,8.0
2079.0,Dan M. Brown,Communicating Design,,EN,Pearson Education / New Riders,2010.0,BUSINESS AND FINANCE / WEB,,,9780131385412.0,,2-asis leidimas; 1-asis 2006 m.,,,K02089,Lentynoje,,,,,,,,,2026-09-16 13:02:00,g@cool.lt,Fabula,8.0
2080.0,Andrew Wileman,Sąnaudų apkarpymas,,LT,Verslo žinios,2009.0,BUSINESS AND FINANCE / WEB,,,9789955460954.0,,,,,K02090,Lentynoje,,,,,,,,,2026-09-16 13:02:00,g@cool.lt,Fabula,8.0
2081.0,,Verslo etikos kelrodė,,LT,,,BUSINESS AND FINANCE / WEB,,,,,Nerasta jokio patikimo įrašo,,,K02091,Lentynoje,,,,,,,,,2026-09-16 13:02:00,g@cool.lt,Fabula,8.0
2082.0,,Kaip vadovauti „sunkiems“ darbuotojams,,EN,Verslo žinios,2006.0,BUSINESS AND FINANCE / WEB,,,9789955460329.0,,serija Rezultatyvus vadovavimas · Vertimas iš Dealing With Difficult People,,,K02092,Lentynoje,,,,,,,,,2026-09-16 13:02:00,g@cool.lt,Fabula,8.0
2083.0,,Darbuotojų atranka konkurenciniam pranašumui įgyti,,LT,,,BUSINESS AND FINANCE / WEB,,,,,serija Rezultatyvus vadovavimas · Nerasta jokio patikimo įrašo,,,K02093,Lentynoje,,,,,,,,,2026-09-16 13:02:00,g@cool.lt,Fabula,8.0
2084.0,Andrius Kasparas,Transforming PR,,EN,Routledge,2024.0,BUSINESS AND FINANCE / WEB,,,9781032687094.0,,guli plokščiai,,,K02094,Lentynoje,,,,,,,,,2026-09-16 13:02:00,g@cool.lt,Fabula,8.0
2085.0,Edwin Cannan,A History of the Theories of Production and Distribution in English Political Economy from 1776 to 1848,,EN,,,BUSINESS AND FINANCE / WEB,,,,,"guli plokščiai · Daug perleidimų (1894, 1903, 1917, moderni reprintai); leidimas nepatvirtintas",,,K02095,Lentynoje,,,,,,,,,2026-09-16 13:02:00,g@cool.lt,Fabula,8.0
2086.0,Fredrik Härén,Idėjų knyga,,LT,Netmedija,2006.0,BUSINESS AND FINANCE / WEB,,,9955977108.0,,guli plokščiai,,,K02096,Lentynoje,,,,,,,,,2026-09-16 13:02:00,g@cool.lt,Fabula,8.0
2087.0,Dan Hill,Emotionomics,,EN,Adams Business & Professional,2007.0,LEADERSHIP AND IDEAS,,,9781592981823.0,,,,,K02097,Lentynoje,,,,,,,,,2026-09-16 13:02:00,g@cool.lt,Fabula,9.0
2088.0,"Rob Goffee, Gareth Jones",Why Should Anyone Be Led By You?,,EN,Harvard Business School Press,2006.0,LEADERSHIP AND IDEAS,,,9781578519712.0,,Yra ir 2019 m. leidimas su nauja pratarme,,,K02098,Lentynoje,,,,,,,,,2026-09-16 13:02:00,g@cool.lt,Fabula,9.0
2089.0,"David A. Aaker, Erich Joachimsthaler",Brand Leadership,,EN,Free Press,2000.0,LEADERSHIP AND IDEAS,,,9780684839240.0,,,,,K02099,Lentynoje,,,,,,,,,2026-09-16 13:02:00,g@cool.lt,Fabula,9.0
2090.0,Andrew Jaffe,Casting for Big Ideas,,EN,John Wiley & Sons,2003.0,LEADERSHIP AND IDEAS,,,471309540.0,,"Įvestyje autorius nurodytas klaidingai – knygos autorius Andrew Jaffe, ne Joseph Jaffe",,,K02100,Lentynoje,,,,,,,,,2026-09-16 13:02:00,g@cool.lt,Fabula,9.0
2091.0,David Maister,Strategy and the Fat Smoker,,EN,Spangle Press,2008.0,LEADERSHIP AND IDEAS,,,9780979845710.0,,,,,K02101,Lentynoje,,,,,,,,,2026-09-16 13:02:00,g@cool.lt,Fabula,9.0
2092.0,Andy Law,Creative Company,,EN,John Wiley & Sons,1999.0,LEADERSHIP AND IDEAS,,,9780471350262.0,,,,,K02102,Lentynoje,,,,,,,,,2026-09-16 13:02:00,g@cool.lt,Fabula,9.0
2093.0,Heston Blumenthal,Further Adventures in Search of Perfection,,EN,Bloomsbury,2007.0,LEADERSHIP AND IDEAS,,,9780747594055.0,,,,,K02103,Lentynoje,,,,,,,,,2026-09-16 13:02:00,g@cool.lt,Fabula,9.0
2094.0,"Robin Lewis, Michael Dart",The New Rules of Retail,,EN,,2014.0,LEADERSHIP AND IDEAS,,,9781137279262.0,,Leidėjas Open Library įraše nenurodytas,,,K02104,Lentynoje,,,,,,,,,2026-09-16 13:02:00,g@cool.lt,Fabula,9.0
2095.0,Larry C. Farrell,The Entrepreneurial Attitude,,EN,,2018.0,LEADERSHIP AND IDEAS,,,9781260026702.0,,Leidėjas Open Library įraše nenurodytas,,,K02105,Lentynoje,,,,,,,,,2026-09-16 13:02:00,g@cool.lt,Fabula,9.0
2096.0,"Dave Gray, Sunni Brown, James Macanufo",Gamestorming,,EN,O'Reilly Media,2010.0,LEADERSHIP AND IDEAS,,,9781449395902.0,,,,,K02106,Lentynoje,,,,,,,,,2026-09-16 13:02:00,g@cool.lt,Fabula,9.0
2097.0,"Jack Trout, Steve Rivkin",Differentiate or Die,,EN,John Wiley & Sons,2000.0,LEADERSHIP AND IDEAS,,,9780471357643.0,,,,,K02107,Lentynoje,,,,,,,,,2026-09-16 13:02:00,g@cool.lt,Fabula,9.0
2098.0,Mel Silberman,The Consultant's Toolkit,,EN,McGraw-Hill,2000.0,LEADERSHIP AND IDEAS,,,9780071362610.0,,,,,K02108,Lentynoje,,,,,,,,,2026-09-16 13:02:00,g@cool.lt,Fabula,9.0
2099.0,Peter Watson,Ideas: A History from Fire to Freud,,EN,Weidenfeld & Nicolson,2005.0,LEADERSHIP AND IDEAS,,,9780297607267.0,,"JAV leidimas: HarperCollins, 2005, 9780066210643",,,K02109,Lentynoje,,,,,,,,,2026-09-16 13:02:00,g@cool.lt,Fabula,9.0
2100.0,Pippa Malmgren,Signals,,EN,Weidenfeld & Nicolson (Orion),2016.0,LEADERSHIP AND IDEAS,,,9781474605281.0,,2 egz.,,,K02110,Lentynoje,,,,,,,,,2026-09-16 13:02:00,g@cool.lt,Fabula,9.0
2101.0,Edward de Bono,Six Thinking Hats,,EN,"Little, Brown",1985.0,LEADERSHIP AND IDEAS,,,316177911.0,,"Daug leidimų (Penguin, Viking, Key Porter); leidimas nepatvirtintas",,,K02111,Lentynoje,,,,,,,,,2026-09-16 13:02:00,g@cool.lt,Fabula,9.0
2102.0,Edward de Bono,Lateral Thinking: Creativity Step by Step,,EN,Harper & Row,1970.0,LEADERSHIP AND IDEAS,,,60110074.0,,"Daug leidimų (Penguin, Ward Lock, HarperCollins); leidimas nepatvirtintas",,,K02112,Lentynoje,,,,,,,,,2026-09-16 13:02:00,g@cool.lt,Fabula,9.0
2103.0,Michael Michalko,Cracking Creativity,,EN,Ten Speed Press,1998.0,LEADERSHIP AND IDEAS,,,089815913X,,,,,K02113,Lentynoje,,,,,,,,,2026-09-16 13:02:00,g@cool.lt,Fabula,9.0
2104.0,"Ethan M. Rasiel, Paul N. Friga",The McKinsey Mind,,EN,McGraw-Hill,2001.0,LEADERSHIP AND IDEAS,,,9780071374293.0,,,,,K02114,Lentynoje,,,,,,,,,2026-09-16 13:02:00,g@cool.lt,Fabula,9.0
2105.0,"Mark Hurd, Lars Nyberg",The Value Factor,,EN,Bloomberg Press,2004.0,LEADERSHIP AND IDEAS,,,9781576601570.0,,,,,K02115,Lentynoje,,,,,,,,,2026-09-16 13:02:00,g@cool.lt,Fabula,9.0
2106.0,Richard S. Gallagher,The Soul of an Organization,,EN,Kaplan Business,2002.0,LEADERSHIP AND IDEAS,,,9780793157808.0,,,,,K02116,Lentynoje,,,,,,,,,2026-09-16 13:02:00,g@cool.lt,Fabula,9.0
2107.0,"John P. Kotter, James L. Heskett",Corporate Culture and Performance,,EN,Free Press,1992.0,LEADERSHIP AND IDEAS,,,29184673.0,,,,,K02117,Lentynoje,,,,,,,,,2026-09-16 13:02:00,g@cool.lt,Fabula,9.0
2108.0,Alastair Campbell,The Democratic Control of Work,,EN,Plunkett Foundation for Co-operative Studies,1989.0,LEADERSHIP AND IDEAS,,,1870677668.0,,Papildytas leidimas,,,K02118,Lentynoje,,,,,,,,,2026-09-16 13:02:00,g@cool.lt,Fabula,9.0
2109.0,Carlos Castaneda,Tales of Power,,EN,Simon and Schuster,1974.0,LEADERSHIP AND IDEAS,,,671218581.0,,,,,K02119,Lentynoje,,,,,,,,,2026-09-16 13:02:00,g@cool.lt,Fabula,9.0
2110.0,Mark Forster,Get Everything Done,,EN,Hodder & Stoughton,2000.0,LEADERSHIP AND IDEAS,,,340746203.0,,,,,K02120,Lentynoje,,,,,,,,,2026-09-16 13:02:00,g@cool.lt,Fabula,9.0
2111.0,Urtė Katinaitė (sud.),Aukso mintys. Didelės mintys eina iš širdies,,LT,Aktėja,2012.0,MARKETING,,,,,guli plokščiai · ISBN šaltinyje nenurodytas · PATIKSLINTI,,,K02121,Lentynoje,,,,,,,,,2026-09-16 13:02:00,g@cool.lt,Fabula,10.0
2112.0,"Philip Kotler, Gary Armstrong, John Saunders, Veronica Wong",Rinkodaros principai,,EN,Poligrafija ir informatika,2003.0,MARKETING,,,9789986850502.0,,2 egz.,,,K02122,Lentynoje,,,,,,,,,2026-09-16 13:02:00,g@cool.lt,Fabula,10.0
2113.0,John Grant,Ženklodara mirė. Tegyvuoja ženklodara!,,LT,Verslo žinios,2007.0,MARKETING,,,9789955460572.0,,,,,K02123,Lentynoje,,,,,,,,,2026-09-16 13:02:00,g@cool.lt,Fabula,10.0
2114.0,Lois Kelly,Rinkodara „Iš lūpų į lūpas“,,LT,Verslo žinios,2007.0,MARKETING,,,9789955460541.0,,,,,K02124,Lentynoje,,,,,,,,,2026-09-16 13:02:00,g@cool.lt,Fabula,10.0
2115.0,Artūras Tereškinas,"Popkultūra: jausmų istorijos, kūniški tekstai",,LT,Kitos knygos,2013.0,MARKETING,,,9786094271342.0,,,,,K02125,Lentynoje,,,,,,,,,2026-09-16 13:02:00,g@cool.lt,Fabula,10.0
2116.0,"PHD (Mark Holden ir kt.), pratarmė Ray Kurzweil",Merge | The closing gap between technology and us,,LT,PHD,2017.0,MARKETING,,,9780956972859.0,,,,,K02126,Lentynoje,,,,,,,,,2026-09-16 13:02:00,g@cool.lt,Fabula,10.0
2117.0,Michael Levine,Guerrilla P.R. Wired,,EN,McGraw-Hill/Contemporary Books,2001.0,MARKETING,,,9780071382311.0,,,,,K02127,Lentynoje,,,,,,,,,2026-09-16 13:02:00,g@cool.lt,Fabula,10.0
2118.0,"Michael R. Solomon, Nancy J. Rabolt",Consumer Behavior in Fashion,,EN,Prentice Hall,2008.0,MARKETING,,,9780131714748.0,,2-asis leidimas,,,K02128,Lentynoje,,,,,,,,,2026-09-16 13:02:00,g@cool.lt,Fabula,10.0
2119.0,John Durham Peters,Kalbėjimas vėjams. Komunikacijos idėjos istorija,,LT,Lietuvos rašytojų sąjungos leidykla,2004.0,MARKETING,,,9789986393160.0,,,,,K02129,Lentynoje,,,,,,,,,2026-09-16 13:02:00,g@cool.lt,Fabula,10.0
2120.0,,Success,,EN,,,MARKETING,,,,,oranžinė drobinė nugarėlė · PATIKSLINTI,,,K02130,Lentynoje,,,,,,,,,2026-09-16 13:02:00,g@cool.lt,Fabula,10.0
2121.0,P. J. Louis,Telecom Management Crash Course,,EN,McGraw-Hill,2002.0,MARKETING,,,9780071386203.0,,,,,K02131,Lentynoje,,,,,,,,,2026-09-16 13:02:00,g@cool.lt,Fabula,10.0
2122.0,"Robert Collier, Robert C. Worstell",Robert Collier Copywriting Course - Masters of Marketing Secrets: Learn to Write Sales Letters That Pay,,EN,Lulu Press,2014.0,MARKETING,,,9781312099531.0,,,,,K02132,Lentynoje,,,,,,,,,2026-09-16 13:02:00,g@cool.lt,Fabula,10.0
2123.0,Paco Underhill,Why We Buy: The Science of Shopping,,EN,Simon & Schuster,1999.0,MARKETING,,,9780684849133.0,,greta antras leidimas The Science of Shopping · tais pačiais metais ir minkštu viršeliu (0684849143) · PATIKSLINTI,,,K02133,Lentynoje,,,,,,,,,2026-09-16 13:02:00,g@cool.lt,Fabula,10.0
2124.0,,Understanding Tele... 2,,EN,,,MARKETING,,,,,pavadinimas iš dalies užspaustas · PATIKSLINTI,,,K02134,Lentynoje,,,,,,,,,2026-09-16 13:02:00,g@cool.lt,Fabula,10.0
2125.0,Hooman Estelami,Marketing Financial Services,,EN,Dog Ear Publishing,2006.0,MARKETING,,,9781598581898.0,,,,,K02135,Lentynoje,,,,,,,,,2026-09-16 13:02:00,g@cool.lt,Fabula,10.0
2126.0,Karen G. Strouse,Marketing Telecommunications Services,,EN,Artech House,1999.0,MARKETING,,,9781580530156.0,,,,,K02136,Lentynoje,,,,,,,,,2026-09-16 13:02:00,g@cool.lt,Fabula,10.0
2127.0,Pam Didner,Global Content Marketing,,EN,,2015.0,MARKETING,,,9780071840972.0,,leidėjas nepatvirtintas,,,K02137,Lentynoje,,,,,,,,,2026-09-16 13:02:00,g@cool.lt,Fabula,10.0
2128.0,"Al Ries, Jack Trout",The 22 Immutable Laws of Marketing,,EN,HarperBusiness,1993.0,MARKETING,,,9780887305924.0,,PATIKSLINTI,,,K02138,Lentynoje,,,,,,,,,2026-09-16 13:02:00,g@cool.lt,Fabula,10.0
2129.0,Dan Hill,Body of Truth,,EN,John Wiley & Sons,2003.0,MARKETING,,,9780471444398.0,,,,,K02139,Lentynoje,,,,,,,,,2026-09-16 13:02:00,g@cool.lt,Fabula,10.0
2130.0,Peter Fisk,Marketing Genius,,EN,Capstone,2006.0,MARKETING,,,1841126810.0,,"keli leidimai (2006, 2009)",,,K02140,Lentynoje,,,,,,,,,2026-09-16 13:02:00,g@cool.lt,Fabula,10.0
2131.0,"Al Ries, Laura Ries",The 22 Immutable Laws of Branding,,EN,HarperBusiness,1998.0,MARKETING,,,,,"keli leidimai, konkretaus ISBN nepavyko patvirtinti",,,K02141,Lentynoje,,,,,,,,,2026-09-16 13:02:00,g@cool.lt,Fabula,10.0
2132.0,Lawrence Ingrassia,Billion Dollar Brand Club,,EN,Henry Holt & Company,2020.0,MARKETING,,,9781250313058.0,,,,,K02142,Lentynoje,,,,,,,,,2026-09-16 13:02:00,g@cool.lt,Fabula,10.0
2133.0,"Philip Kotler, Waldemar Pfoertsch",B2B Brand Management,,EN,Springer,2006.0,MARKETING,,,9783540253600.0,,,,,K02143,Lentynoje,,,,,,,,,2026-09-16 13:02:00,g@cool.lt,Fabula,10.0
2134.0,Alycia de Mesa,Brand Avatar,,EN,Palgrave Macmillan,2009.0,MARKETING,,,9780230201798.0,,,,,K02144,Lentynoje,,,,,,,,,2026-09-16 13:02:00,g@cool.lt,Fabula,10.0
2135.0,Aloyzas Tendzegolskis,Tūkstantis ir viena mintis,,LT,UAB „Merkio kraštas“ (Varėna),2006.0,MARKETING,,,,,guli plokščiai · ISBN nerastas,,,K02145,Lentynoje,,,,,,,,,2026-09-16 13:02:00,g@cool.lt,Fabula,10.0
2136.0,sud. Nijolė Keršytė,Kūno raiška šiuolaikiniame socialiniame diskurse: straipsnių rinkinys,,LT,Baltos lankos,2007.0,MARKETING,,,9789955230991.0,,guli plokščiai,,,K02146,Lentynoje,,,,,,,,,2026-09-16 13:02:00,g@cool.lt,Fabula,10.0
2137.0,,Europos Sąjungos informacijos ir pagalbos tarnybų gidas,,LT,,,MARKETING,,,,,guli plokščiai · nerasta jokio patikimo šaltinio,,,K02147,Lentynoje,,,,,,,,,2026-09-16 13:02:00,g@cool.lt,Fabula,10.0
2138.0,Анжела Мюррей,PR,,RU,,,MARKETING,,,5-8183-0636-4,,guli plokščiai · metai ir leidykla nepatvirtinti · PATIKSLINTI,,,K02148,Lentynoje,,,,,,,,,2026-09-16 13:02:00,g@cool.lt,Fabula,10.0
2139.0,,Mėlynas segtuvas,,LT,,,,,,,,ne knyga · PATIKSLINTI,,,K02149,Lentynoje,,,,,,,,,2026-09-16 13:02:00,g@cool.lt,Fabula,11.0
2140.0,,Du spiraliniai sąsiuviniai,,LT,,,,,,,,ne knygos · PATIKSLINTI,,,K02150,Lentynoje,,,,,,,,,2026-09-16 13:02:00,g@cool.lt,Fabula,11.0
2141.0,,Juoda plona užrašinė,,LT,,,,,,,,PATIKSLINTI,,,K02151,Lentynoje,,,,,,,,,2026-09-16 13:02:00,g@cool.lt,Fabula,11.0
2142.0,,Oranžinis leidinys (Baltic Conf...),,LT,,,,,,,,PATIKSLINTI,,,K02152,Lentynoje,,,,,,,,,2026-09-16 13:02:00,g@cool.lt,Fabula,11.0
2143.0,Библиотека фантастики,,,RU,,,,,,,,guli plokščiai · PATIKSLINTI,,,K02153,Lentynoje,,,,,,,,,2026-09-16 13:02:00,g@cool.lt,Fabula,11.0
2144.0,Anna Kamińska,Halina. Dziś już nie ma takich kobiet. Opowieść o himalaistce Halinie Krüger-Syrokomskiej,,EN,Wydawnictwo Literackie,2019.0,,,,9788308068076.0,,guli plokščiai,,,K02154,Lentynoje,,,,,,,,,2026-09-16 13:02:00,g@cool.lt,Fabula,11.0
2145.0,Борис Березовский,Искусство невозможного. Том 2,,RU,Независимая газета,2004.0,,,,5-86712-175-5,,komplekto ISBN 5-86712-173-9,,,K02155,Lentynoje,,,,,,,,,2026-09-16 13:02:00,g@cool.lt,Fabula,11.0
2146.0,Борис Березовский,Искусство невозможного. Том 3,,RU,Независимая газета,2004.0,,,,5-86712-176-3,,komplekto ISBN 5-86712-173-9,,,K02156,Lentynoje,,,,,,,,,2026-09-16 13:02:00,g@cool.lt,Fabula,11.0
2147.0,Карл Поппер,Открытое общество и его враги. Том 1,,RU,Феникс / Международный фонд „Культурная инициатива“,1992.0,,,,,,"pavadinimas ant nugarėlės nenurodytas · serija/daugiatomis, leidimas nepatvirtintas; komplekto ISBN 9785850420642",,,K02157,Lentynoje,,,,,,,,,2026-09-16 13:02:00,g@cool.lt,Fabula,11.0
2148.0,Андрей Платонов,,,RU,,,,,,,,pavadinimas nenurodytas,,,K02158,Lentynoje,,,,,,,,,2026-09-16 13:02:00,g@cool.lt,Fabula,11.0
2149.0,Карл Поппер,Открытое общество и его враги. Том 2,,RU,Феникс / Международный фонд „Культурная инициатива“,1992.0,,,,,,"serija/daugiatomis, leidimas nepatvirtintas; komplekto ISBN 9785850420642",,,K02159,Lentynoje,,,,,,,,,2026-09-16 13:02:00,g@cool.lt,Fabula,11.0
2150.0,Žoržas Simenonas,Pirmoji Megrė užduotis,,LT,Vaizdas,1992.0,,,,,,ISBN nenurodytas (1992 m. leidinys),,,K02160,Lentynoje,,,,,,,,,2026-09-16 13:02:00,g@cool.lt,Fabula,11.0
2151.0,,Vilnius – European Capital of Culture 2009. Culture Live. Handbook,,EN,Lietuvos Respublikos kultūros ministerija,2009.0,,,,,,ISBN nerastas · PATIKSLINTI,,,K02161,Lentynoje,,,,,,,,,2026-09-16 13:02:00,g@cool.lt,Fabula,11.0
2152.0,,Geltona brošiūra (...2018),,LT,,,,,,,,PATIKSLINTI,,,K02162,Lentynoje,,,,,,,,,2026-09-16 13:02:00,g@cool.lt,Fabula,11.0
2153.0,,Tamsiai mėlynas katalogas,,LT,,,,,,,,PATIKSLINTI,,,K02163,Lentynoje,,,,,,,,,2026-09-16 13:02:00,g@cool.lt,Fabula,11.0
2154.0,,Nežinomi didvyriai (DVD),,LT,,,,,,,,ne knyga · DVD; patikimo šaltinio su metais/leidėju nerasta,,,K02164,Lentynoje,,,,,,,,,2026-09-16 13:02:00,g@cool.lt,Fabula,11.0
2155.0,,"Pavergtųjų sukilimas (dok. filmas, rež. Algis Kuzmickas)",,LT,E2K,2011.0,,,,,,"ne knyga · DVD/filmas, ISBN nėra",,,K02165,Lentynoje,,,,,,,,,2026-09-16 13:02:00,g@cool.lt,Fabula,11.0
2156.0,Vaiva Grainytė,Gorilos archyvai,,LT,Lietuvos rašytojų sąjungos leidykla,2019.0,,,,9786094800818.0,,įvestyje klaidingas pavadinimas („Gailos“) · PATIKSLINTI,,,K02166,Lentynoje,,,,,,,,,2026-09-16 13:02:00,g@cool.lt,Fabula,11.0
2157.0,Vaidotas Januškis,Neįtikėtina...,,LT,,2008.0,,,,9785430052164.0,,leidėjas nepatvirtintas,,,K02167,Lentynoje,,,,,,,,,2026-09-16 13:02:00,g@cool.lt,Fabula,11.0
2158.0,CinAmono,Music Is The Ocean,,EN,,2021.0,,,,,,"ne knyga – muzikos albumas (LP), ISBN nėra · PATIKSLINTI",,,K02168,Lentynoje,,,,,,,,,2026-09-16 13:02:00,g@cool.lt,Fabula,11.0
2159.0,Marvel,Marvel Studios: The First Ten Years Anniversary Collection,,EN,"Little, Brown Books for Young Readers",2018.0,,,,9780316453226.0,,"dėžutės komplektas, ~12 knygelių",,,K02169,Lentynoje,,,,,,,,,2026-09-16 13:02:00,g@cool.lt,Fabula,11.0
2160.0,Adolfas Ramanauskas-Vanagas,,,EN,,,,,,,,pavadinimas neįskaitomas · PATIKSLINTI,,,K02170,Lentynoje,,,,,,,,,2026-09-16 13:02:00,g@cool.lt,Fabula,11.0
2161.0,,Geltona knyga dešiniajame krašte,,LT,,,,,,,,PATIKSLINTI,,,K02171,Lentynoje,,,,,,,,,2026-09-16 13:02:00,g@cool.lt,Fabula,11.0
2162.0,,Šviesi knyga dešiniajame krašte,,LT,,,,,,,,PATIKSLINTI,,,K02172,Lentynoje,,,,,,,,,2026-09-16 13:02:00,g@cool.lt,Fabula,11.0
2163.0,"Сергей Павлов, Владимир Щербаков",Лунная радуга. Чаша бурь,,RU,,,,,,5-280-00538-X,,guli plokščiai · metai ir leidykla nepatvirtinti,,,K02173,Lentynoje,,,,,,,,,2026-09-16 13:02:00,g@cool.lt,Fabula,11.0
2164.0,,Geltona knyga (W&N),,EN,,,,,,,,guli plokščiai · PATIKSLINTI,,,K02174,Lentynoje,,,,,,,,,2026-09-16 13:02:00,g@cool.lt,Fabula,11.0
2165.0,,"Русские сезоны. Аукцион №4, 2012",,RU,,,,,,,,"guli plokščiai · aukciono katalogas; serija, leidimas nepatvirtintas",,,K02175,Lentynoje,,,,,,,,,2026-09-16 13:02:00,g@cool.lt,Fabula,11.0
2166.0,Andreas Viestad,Norsk mat med Andreas Viestad,,EN,Cappelen Damm,2016.0,,,,9788202533526.0,,guli plokščiai · yra ir kitas leidimas (9788252569858),,,K02176,Lentynoje,,,,,,,,,2026-09-16 13:02:00,g@cool.lt,Fabula,11.0
2167.0,,Mėlyna knyga Sport...,,LT,,,,,,,,guli plokščiai · PATIKSLINTI,,,K02177,Lentynoje,,,,,,,,,2026-09-16 13:02:00,g@cool.lt,Fabula,11.0
2168.0,Markas Tvenas (Mark Twain),Jankis karaliaus Artūro dvare,,LT,Bonus Animus,2010.0,,,,9789955754190.0,,,,,K02178,Lentynoje,,,,,,,,,2026-09-16 13:02:00,g@cool.lt,Fabula,12.0
2169.0,Liudas Dapkus,Saulėgrąžų dievas,,LT,Appy foundation labdaros ir paramos fondas,2022.0,,,,9786099622958.0,,,,,K02179,Lentynoje,,,,,,,,,2026-09-16 13:02:00,g@cool.lt,Fabula,12.0
2170.0,"Algis Mickūnas, Arūnas Sverdiolas",Visa aprėpianti dabartis. Algį Mickūną kalbina Arūnas Sverdiolas,,LT,Baltos lankos,2004.0,,,,9789955584469.0,,,,,K02180,Lentynoje,,,,,,,,,2026-09-16 13:02:00,g@cool.lt,Fabula,12.0
2171.0,Владимир Торин,Амальгама,,RU,Вече,2015.0,,,,978-5-4444-3963-0,,yra 2018 m. perleidimas (978-5-4484-0039-1),,,K02181,Lentynoje,,,,,,,,,2026-09-16 13:02:00,g@cool.lt,Fabula,12.0
2172.0,Balys Sruoga,,,EN,,,,,,,,pavadinimo ant nugarėlės nėra · PATIKSLINTI,,,K02182,Lentynoje,,,,,,,,,2026-09-16 13:02:00,g@cool.lt,Fabula,12.0
2173.0,Stephen Denning,Squirrel Inc.: A Fable of Leadership Through Storytelling,,EN,Jossey-Bass,2004.0,,,,9780787973711.0,,,,,K02183,Lentynoje,,,,,,,,,2026-09-16 13:02:00,g@cool.lt,Fabula,12.0
2174.0,Helen Fielding,Bridžitos Džouns dienoraštis,,LT,Alma littera,1999.0,,,,,,ISBN nenurodytas,,,K02184,Lentynoje,,,,,,,,,2026-09-16 13:02:00,g@cool.lt,Fabula,12.0
2175.0,Gediminas Navaitis,Laimėtojai,,LT,Versus,2019.0,,,,9789955829256.0,,,,,K02185,Lentynoje,,,,,,,,,2026-09-16 13:02:00,g@cool.lt,Fabula,12.0
2176.0,Gediminas Navaitis,"Azartas: lošimai, lažybos ir loterijos",,LT,Studija be pykčio,2018.0,,,,9789955829102.0,,,,,K02186,Lentynoje,,,,,,,,,2026-09-16 13:02:00,g@cool.lt,Fabula,12.0
2177.0,Frédéric Beigbeder,,,EN,,,,,,,,pavadinimo ant nugarėlės nėra · PATIKSLINTI,,,K02187,Lentynoje,,,,,,,,,2026-09-16 13:02:00,g@cool.lt,Fabula,12.0
2178.0,Gintaras Patackas,Mažoji dieviškoji Co,,LT,,2013.0,,,,,,metai iš 2013-10-01 pristatymo publikacijos; leidykla ir ISBN nepatvirtinti,,,K02188,Lentynoje,,,,,,,,,2026-09-16 13:02:00,g@cool.lt,Fabula,12.0
2179.0,Stefan Zweig,Nietzsche,,EN,,,,,,,,keli leidimai (Hesperus 9781843913832; Pushkin Press 9781782276364) – leidimas nepatvirtintas · PATIKSLINTI,,,K02189,Lentynoje,,,,,,,,,2026-09-16 13:02:00,g@cool.lt,Fabula,12.0
2180.0,Günter Wallraff,Iš gražaus naujojo pasaulio: ekspedicijos į šalies gilumą,,LT,Vilniaus universiteto leidykla,2017.0,,,,9789955337065.0,,,,,K02190,Lentynoje,,,,,,,,,2026-09-16 13:02:00,g@cool.lt,Fabula,12.0
2181.0,"Charlene Li, Josh Bernoff",Groundswell,,EN,Harvard Business Press,2008.0,,,,9781422125007.0,,,,,K02191,Lentynoje,,,,,,,,,2026-09-16 13:02:00,g@cool.lt,Fabula,12.0
2182.0,"Michael Kruckenberg, Jay Pipes",Pro MySQL,,EN,Apress,2005.0,,,,9781590595053.0,,,,,K02192,Lentynoje,,,,,,,,,2026-09-16 13:02:00,g@cool.lt,Fabula,12.0
2183.0,S. Chandrasekhar (sud.),Asia's Population Problems,,EN,Allen & Unwin,1967.0,,,,,,1967 m. leidinys be ISBN; 1970 Greenwood perleidimas 0837194687,,,K02193,Lentynoje,,,,,,,,,2026-09-16 13:02:00,g@cool.lt,Fabula,12.0
2184.0,"Peter Gloor, Scott Cooper",Naujausių tendencijų paieška,,LT,Verslo žinios,2008.0,,,,,,ISBN nerastas,,,K02194,Lentynoje,,,,,,,,,2026-09-16 13:02:00,g@cool.lt,Fabula,12.0
2185.0,Dalia Kutraitė,Dalia Kutraitė kalbina: žvaigždžių karai tęsiasi,,LT,Alma littera,2015.0,,,,9786090121160.0,,,,,K02195,Lentynoje,,,,,,,,,2026-09-16 13:02:00,g@cool.lt,Fabula,12.0
2186.0,Jan Gehl,Miestai žmonėms,,LT,Leidykla LAPAS,2023.0,,,,9786098198720.0,,serija „Architekstai“,,,K02196,Lentynoje,,,,,,,,,2026-09-16 13:02:00,g@cool.lt,Fabula,12.0
2187.0,Ramūnas Bogdanas,Dūris. Ukrainos tridantis III,,LT,Baltos lankos,2023.0,,,,9786094797002.0,,,,,K02197,Lentynoje,,,,,,,,,2026-09-16 13:02:00,g@cool.lt,Fabula,12.0
2188.0,Alvydas Jokubaitis,Politinis idiotas: apie neišvengiamą politikos kvailybę,,LT,Tyto alba,2019.0,,,,9786094663758.0,,,,,K02198,Lentynoje,,,,,,,,,2026-09-16 13:02:00,g@cool.lt,Fabula,12.0
2189.0,Richard Branson,Losing My Virginity,,EN,Crown,1998.0,,,,9780812932294.0,,"keli leidimai (1998, 1999, 2005)",,,K02199,Lentynoje,,,,,,,,,2026-09-16 13:02:00,g@cool.lt,Fabula,12.0
2190.0,Gediminas Navaitis,Laimėtojai,,LT,Versus,2019.0,,,,9789955829256.0,,"2 egz., guli plokščiai · dublikatas su ID 284",,,K02200,Lentynoje,,,,,,,,,2026-09-16 13:02:00,g@cool.lt,Fabula,12.0
2191.0,Alan Hedges,Visa griaunantis testavimas,,EN,Kitos knygos,2012.0,,,,9786099536903.0,,guli plokščiai,,,K02201,Lentynoje,,,,,,,,,2026-09-16 13:02:00,g@cool.lt,Fabula,12.0
2192.0,,Loterijų kodas,,LT,Lietuvos loterijų asociacija,2023.0,,,,,,"3 egz., guli plokščiai · ISBN nerastas",,,K02202,Lentynoje,,,,,,,,,2026-09-16 13:02:00,g@cool.lt,Fabula,12.0
2193.0,Erri De Luca,Montedidijus,,EN,Tyto alba,2005.0,,,,9986164311.0,,guli plokščiai,,,K02203,Lentynoje,,,,,,,,,2026-09-16 13:02:00,g@cool.lt,Fabula,12.0
2194.0,Kathleen W. Tarr,We Are All Poets Here,,EN,VP&D House,2018.0,,,,9781578336913.0,,guli plokščiai,,,K02204,Lentynoje,,,,,,,,,2026-09-16 13:02:00,g@cool.lt,Fabula,12.0
2195.0,"Isabelle Thomas, Frédérique Veysset",Stilingas tarsi prancūzas. Vyrų mados paslaptys,,LT,Alma littera,2015.0,,,,9786090120682.0,,guli plokščiai,,,K02205,Lentynoje,,,,,,,,,2026-09-16 13:02:00,g@cool.lt,Fabula,12.0
2196.0,Vidas Bareikis,,,EN,,,,,,,,"B knyga, pavadinimo nėra · PATIKSLINTI",,,K02206,Lentynoje,,,,,,,,,2026-09-16 13:02:00,g@cool.lt,Fabula,12.0
2197.0,,Betrayal,,EN,,,,,,,,guli plokščiai · per mažai duomenų identifikuoti (nėra autoriaus) · PATIKSLINTI,,,K02207,Lentynoje,,,,,,,,,2026-09-16 13:02:00,g@cool.lt,Fabula,12.0
2198.0,,Tarybų Lietuva,,LT,,,LITHUANIA,,,,,"serija, leidimas nepatvirtintas (daug to paties pavadinimo leidinių)",,,K02208,Lentynoje,,,,,,,,,2026-09-16 13:02:00,g@cool.lt,Fabula,13.0
2199.0,S. C. Rowell,Chartularium Lithuaniae res gestas magni ducis Gedeminne illustrans. Gedimino laiškai,,LT,Vaga,2003.0,LITHUANIA,,,,,ISBN nerastas,,,K02209,Lentynoje,,,,,,,,,2026-09-16 13:02:00,g@cool.lt,Fabula,13.0
2200.0,"Vykintas Vaitkevičius, Daiva Vaitkevičienė",Lietuva. 101 legendinė vieta,,LT,,2011.0,LITHUANIA,,,,,leidykla ir ISBN nepatvirtinti,,,K02210,Lentynoje,,,,,,,,,2026-09-16 13:02:00,g@cool.lt,Fabula,13.0
2201.0,,Lithuania,,EN,,,LITHUANIA,,,,,per mažai duomenų identifikuoti (nėra autoriaus) · PATIKSLINTI,,,K02211,Lentynoje,,,,,,,,,2026-09-16 13:02:00,g@cool.lt,Fabula,13.0
2202.0,Jan Bułhak,Vilnius. 1 knyga,,EN,Lietuvos nacionalinis muziejus,2012.0,LITHUANIA,,,9786098039306.0,,trijų dalių leidinio I knyga,,,K02212,Lentynoje,,,,,,,,,2026-09-16 13:02:00,g@cool.lt,Fabula,13.0
2203.0,Jan Bułhak; sudarė Jūratė Gudaitė,Jan Bułhak. Vilnius. II knyga,,LT,Lietuvos nacionalinis muziejus,2013.0,LITHUANIA,,,9786098039344.0,,"serija „Lietuvos fotografijos istorija“, t. 5",,,K02213,Lentynoje,,,,,,,,,2026-09-16 13:02:00,g@cool.lt,Fabula,13.0
2204.0,Jan Bułhak; sudarė Jūratė Gudaitė,Jan Bułhak. Vilnius. III knyga: įvykiai ir žmonės. Apylinkės,,LT,Lietuvos nacionalinis muziejus,,LITHUANIA,,,,,"serija (tritomis 2011–2013), leidimas nepatvirtintas",,,K02214,Lentynoje,,,,,,,,,2026-09-16 13:02:00,g@cool.lt,Fabula,13.0
2205.0,Juozas Galkus,Lietuvos Vytis / The Vytis of Lithuania,,EN,Vilniaus dailės akademijos leidykla,2009.0,LITHUANIA,,,9789955854449.0,,,,,K02215,Lentynoje,,,,,,,,,2026-09-16 13:02:00,g@cool.lt,Fabula,13.0
2206.0,,Lietuvos verslo istorija,,EN,,,LITHUANIA,,,,,patikimo šaltinio nerasta,,,K02216,Lentynoje,,,,,,,,,2026-09-16 13:02:00,g@cool.lt,Fabula,13.0
2207.0,,"Tūkstantmečio knyga, I",,LT,,,LITHUANIA,,,,,"serija, leidimas nepatvirtintas",,,K02217,Lentynoje,,,,,,,,,2026-09-16 13:02:00,g@cool.lt,Fabula,13.0
2208.0,,153 įdomiausi Lietuvos dvarai,,LT,,,LITHUANIA,,,,,šaltinių puslapiai neprieinami (403); duomenys nepatvirtinti,,,K02218,Lentynoje,,,,,,,,,2026-09-16 13:02:00,g@cool.lt,Fabula,13.0
2209.0,Alfredas Bumblauskas,Senosios Lietuvos istorija 1009–1795,,EN,R. Paknio leidykla,2005.0,LITHUANIA,,,9986830893.0,,,,,K02219,Lentynoje,,,,,,,,,2026-09-16 13:02:00,g@cool.lt,Fabula,13.0
2210.0,Remigijus Misiūnas,Didi maža tauta: Lietuvos įvaizdžio kampanija JAV 1919 metais,,LT,Bonus animus,2008.0,LITHUANIA,,,9789955754091.0,,,,,K02220,Lentynoje,,,,,,,,,2026-09-16 13:02:00,g@cool.lt,Fabula,13.0
2211.0,Zenonas Norkus,On Baltic Slovenia and Adriatic Lithuania,,EN,Apostrofa / Central European University Press,2012.0,LITHUANIA,,,9786155053504.0,,,,,K02221,Lentynoje,,,,,,,,,2026-09-16 13:02:00,g@cool.lt,Fabula,13.0
2212.0,"Alfredas Bumblauskas, Alfonsas Eidintas, Antanas Kulakauskas, Mindaugas Tamošaitis",Lietuvos istorija kiekvienam,,LT,Mokslo ir enciklopedijų leidybos centras,2018.0,LITHUANIA,,,9785420017975.0,,4-asis leidimas; yra ir kitas leidimas (ISBN 9785420019023),,,K02222,Lentynoje,,,,,,,,,2026-09-16 13:02:00,g@cool.lt,Fabula,13.0
2213.0,,Lietuvos istorija,,EN,,,LITHUANIA,,,,,"daugiatomis leidinys, leidimas nepatvirtintas · PATIKSLINTI",,,K02223,Lentynoje,,,,,,,,,2026-09-16 13:02:00,g@cool.lt,Fabula,13.0
2214.0,Pranė Dundulienė,"Lietuvių šventės: tradicijos, papročiai, apeigos",,LT,Mokslo ir enciklopedijų leidybos centras,2005.0,LITHUANIA,,,9785420015575.0,,trečiasis leidimas · PATIKSLINTI,,,K02224,Lentynoje,,,,,,,,,2026-09-16 13:02:00,g@cool.lt,Fabula,13.0
2215.0,,The Copy Book,,EN,,,LITHUANIA,,,,,guli plokščiai · patikimo šaltinio nerasta,,,K02225,Lentynoje,,,,,,,,,2026-09-16 13:02:00,g@cool.lt,Fabula,13.0
2216.0,,"SWANN aukciono katalogas, Sale 2249, 2011",,EN,,,LITHUANIA,,,,,"guli plokščiai · aukciono katalogas, šaltinių nerasta",,,K02226,Lentynoje,,,,,,,,,2026-09-16 13:02:00,g@cool.lt,Fabula,13.0
2217.0,Vladas Drėma,Dingęs Vilnius,,LT,Vaga,1991.0,LITHUANIA,,,5415003665.0,,yra ir 2021 m. „Studija Versus“ leidimas (9789955829386); konkretus leidimas nepatvirtintas,,,K02227,Lentynoje,,,,,,,,,2026-09-16 13:02:00,g@cool.lt,Fabula,14.0
2218.0,Jonas Antanas Proiškhofas,,,LT,,,LITHUANIA,,,,,pavadinimo nematyti · PATIKSLINTI,,,K02228,Lentynoje,,,,,,,,,2026-09-16 13:02:00,g@cool.lt,Fabula,14.0
2219.0,,Vilniaus architektūra,,LT,,,LITHUANIA,,,,,nepakanka duomenų leidiniui identifikuoti,,,K02229,Lentynoje,,,,,,,,,2026-09-16 13:02:00,g@cool.lt,Fabula,14.0
2220.0,,Kauno architektūra,,LT,,,LITHUANIA,,,,,nepakanka duomenų leidiniui identifikuoti,,,K02230,Lentynoje,,,,,,,,,2026-09-16 13:02:00,g@cool.lt,Fabula,14.0
2221.0,,"Lietuvos kariuomenės karininkai 1918–1953, VIII tomas",,LT,,,LITHUANIA,,,,,"daugiatomė serija, VIII tomo duomenys nepatvirtinti",,,K02231,Lentynoje,,,,,,,,,2026-09-16 13:02:00,g@cool.lt,Fabula,14.0
2222.0,,Dr. Jonas Basanavičius,,LT,,,LITHUANIA,,,,,nepakanka duomenų leidiniui identifikuoti · PATIKSLINTI,,,K02232,Lentynoje,,,,,,,,,2026-09-16 13:02:00,g@cool.lt,Fabula,14.0
2223.0,Gintaras Česonis,Walking around Kaunas fortress,,LT,,,LITHUANIA,,,,,paieška neatlikta – išnaudotas paieškų biudžetas,,,K02233,Lentynoje,,,,,,,,,2026-09-16 13:02:00,g@cool.lt,Fabula,14.0
2224.0,"Jolita Bernotienė, Rasa Leonavičiūtė",Karalienės Bonos virtuvė,,LT,Aukso žuvys,2019.0,LITHUANIA,,,9786098120462.0,,pirmasis leidimas,,,K02234,Lentynoje,,,,,,,,,2026-09-16 13:02:00,g@cool.lt,Fabula,14.0
2225.0,"Ričardas Anusauskas, Marija Vesėliūnienė",Čia Lietuva,,LT,Jurgos projektai,2016.0,LITHUANIA,,,9786098036060.0,,,,,K02235,Lentynoje,,,,,,,,,2026-09-16 13:02:00,g@cool.lt,Fabula,14.0
2226.0,Tomas Staniulis,Vėjų valdovas: 7000 jūrmylių M. K. Radvilos Našlaitėlio keliais,,LT,Versus aureus,2013.0,LITHUANIA,,,,,ISBN nerastas,,,K02236,Lentynoje,,,,,,,,,2026-09-16 13:02:00,g@cool.lt,Fabula,14.0
2227.0,Alfredas Bumblauskas ir kt.,Alma Mater Vilnensis. Trumpa universiteto istorija,,EN,Vilniaus universiteto leidykla,2023.0,LITHUANIA,,,9786090709894.0,,knygynas.vu.lt duomenys apie 2023 m. (PDF) leidimą; yra ir ankstesnis leidimas (9786090701348),,,K02237,Lentynoje,,,,,,,,,2026-09-16 13:02:00,g@cool.lt,Fabula,14.0
2228.0,Rūta Latinytė,Dovanojimas kaip tarpasmeninių santykių reiškimosi būdas,,LT,,,LITHUANIA,,,,,paieška neatlikta – išnaudotas paieškų biudžetas,,,K02238,Lentynoje,,,,,,,,,2026-09-16 13:02:00,g@cool.lt,Fabula,14.0
2229.0,Nijolė Bulotaitė,Vadovas po senuosius Vilniaus universiteto rūmus,,LT,Vilniaus universiteto leidykla,2019.0,LITHUANIA,,,9786090702949.0,,,,,K02239,Lentynoje,,,,,,,,,2026-09-16 13:02:00,g@cool.lt,Fabula,14.0
2230.0,Laimonas Briedis,Vilnius savas ir svetimas,,EN,Baltos lankos,2015.0,LITHUANIA,,,9789955236979.0,,yra ir ankstesnis leidimas (9789955234234),,,K02240,Lentynoje,,,,,,,,,2026-09-16 13:02:00,g@cool.lt,Fabula,14.0
2231.0,Antanas Rimvydas Čaplinskas,"Vilniaus gatvės: istorija, vardynas, žemėlapiai",,LT,Charibdė,2000.0,LITHUANIA,,,9789986745233.0,,įvestyje pavadinimas netikslus („vardai“ → „vardynas“),,,K02241,Lentynoje,,,,,,,,,2026-09-16 13:02:00,g@cool.lt,Fabula,14.0
2232.0,"Vlada Stankūnienė, Aušra Maslauskaitė, Marė Baublytė",Ar Lietuvos šeimos bus gausesnės?,,LT,Lietuvos socialinių tyrimų centras,2013.0,LITHUANIA,,,9789955531401.0,,,,,K02242,Lentynoje,,,,,,,,,2026-09-16 13:02:00,g@cool.lt,Fabula,14.0
2233.0,,"Lietuvos dailės ir architektūros istorija, 2",,LT,,,LITHUANIA,,,,,"serija, leidimas nepatvirtintas · PATIKSLINTI",,,K02243,Lentynoje,,,,,,,,,2026-09-16 13:02:00,g@cool.lt,Fabula,14.0
2234.0,Liutauras Kraniauskas ir kt.,Klaipėdos diskursai 1990–2010: sociologinė miesto tapatybių rekonstrukcija,,LT,,,LITHUANIA,,,,,šaltinio puslapis neprieinamas (403),,,K02244,Lentynoje,,,,,,,,,2026-09-16 13:02:00,g@cool.lt,Fabula,14.0
2235.0,,Lietuvos valstybės kontrolės istorija,,LT,,,LITHUANIA,,,,,patikimo šaltinio nerasta,,,K02245,Lentynoje,,,,,,,,,2026-09-16 13:02:00,g@cool.lt,Fabula,14.0
2236.0,K. Jokantas,"Lotynų kalbos vadovėlis, II dalis",,LT,,,LITHUANIA,,,,,"daugiatomis vadovėlis, leidimas nepatvirtintas",,,K02246,Lentynoje,,,,,,,,,2026-09-16 13:02:00,g@cool.lt,Fabula,14.0
2237.0,"Eugenijus Drobelis, Vytautas Knyva",Lietuvos miškų plėšrieji paukščiai ir pelėdos,,LT,,,LITHUANIA,,,,,guli plokščiai · šaltinio puslapis neprieinamas (403),,,K02247,Lentynoje,,,,,,,,,2026-09-16 13:02:00,g@cool.lt,Fabula,14.0
2238.0,Vytautas Landsbergis,Visas Čiurlionis,,LT,Versus aureus,2008.0,LITHUANIA,,,9789955340751.0,,guli plokščiai,,,K02248,Lentynoje,,,,,,,,,2026-09-16 13:02:00,g@cool.lt,Fabula,14.0
2239.0,"Olga Tokarczuk, Joanna Concejo; vertė Birutė Jonuškaitė",Pamesta siela,,LT,Odilė,2020.0,FICTION,,,9786098222258.0,,,,,K02249,Lentynoje,,,,,,,,,2026-09-16 13:02:00,g@cool.lt,Fabula,15.0
2240.0,Tomasz Orłowski; vertė Halina Kobeckaitė,Diplomatinis protokolas. Ceremonialas ir etiketas,,LT,Vaga,2013.0,FICTION,,,9785415022953.0,,,,,K02250,Lentynoje,,,,,,,,,2026-09-16 13:02:00,g@cool.lt,Fabula,15.0
2241.0,Zenonas Norkus,Nepasiskelbusioji imperija: Lietuvos Didžioji Kunigaikštija lyginamosios istorinės imperijų sociologijos požiūriu,,LT,Aidai,2009.0,FICTION,,,9789955656739.0,,,,,K02251,Lentynoje,,,,,,,,,2026-09-16 13:02:00,g@cool.lt,Fabula,15.0
2242.0,Belinda Levez,Kazino,,EN,,,FICTION,,,,,paieška neatlikta – išnaudotas paieškų biudžetas,,,K02252,Lentynoje,,,,,,,,,2026-09-16 13:02:00,g@cool.lt,Fabula,15.0
2243.0,,Snapphanar,,EN,,,FICTION,,,,,patikimo šaltinio nerasta · PATIKSLINTI,,,K02253,Lentynoje,,,,,,,,,2026-09-16 13:02:00,g@cool.lt,Fabula,15.0
2244.0,Živilė Kropaitė-Basiulė,#fainiausia pasauly močiutė,,LT,BALTO leidybos namai,2022.0,FICTION,,,9786094872563.0,,ISBN iš audioknygos įrašo apie originalų leidinį,,,K02254,Lentynoje,,,,,,,,,2026-09-16 13:02:00,g@cool.lt,Fabula,15.0
2245.0,Vytautas Kaltenis,"Ak, gražus dangau!",,LT,,,FICTION,,,,,patikimo šaltinio nerasta,,,K02255,Lentynoje,,,,,,,,,2026-09-16 13:02:00,g@cool.lt,Fabula,15.0
2246.0,Justinas Žilinskas; iliustravo Ūla Šveikauskaitė,Bėgliai. Jūrų keliais į Ameriką,,LT,Aukso žuvys,2022.0,FICTION,,,9786098120721.0,,,,,K02256,Lentynoje,,,,,,,,,2026-09-16 13:02:00,g@cool.lt,Fabula,15.0
2247.0,Umberto Eco,Rožės vardas,,LT,Alma littera,2019.0,FICTION,,,9786090138977.0,,yra keli lietuviški leidimai; konkretus leidimas nepatvirtintas,,,K02257,Lentynoje,,,,,,,,,2026-09-16 13:02:00,g@cool.lt,Fabula,15.0
2248.0,Milorad Pavić; vertė Laima Masytė,Chazarų žodynas,,LT,Lietuvos rašytojų sąjungos leidykla,2010.0,FICTION,,,9789986396277.0,,,,,K02258,Lentynoje,,,,,,,,,2026-09-16 13:02:00,g@cool.lt,Fabula,15.0
2249.0,Lina Ever,Pakeleiviai,,EN,BALTO leidybos namai,2024.0,FICTION,,,9786094874338.0,,,,,K02259,Lentynoje,,,,,,,,,2026-09-16 13:02:00,g@cool.lt,Fabula,15.0
2250.0,,MLI 2015 Handbook,,EN,,,FICTION,,,,,patikimo šaltinio nerasta,,,K02260,Lentynoje,,,,,,,,,2026-09-16 13:02:00,g@cool.lt,Fabula,15.0
2251.0,,Politologija 2014/4 (76),,EN,,,FICTION,,,,,"periodinis leidinys (žurnalas), ne knyga; ISBN nėra",,,K02261,Lentynoje,,,,,,,,,2026-09-16 13:02:00,g@cool.lt,Fabula,15.0
2252.0,Jurgis Volandas,Dorandolongas,,EN,,,FICTION,,,,,patikimo šaltinio nerasta,,,K02262,Lentynoje,,,,,,,,,2026-09-16 13:02:00,g@cool.lt,Fabula,15.0
2253.0,Agnė Žagrakalytė,Triukšmaujantys: katalikai,,LT,Tyto alba,2022.0,FICTION,,,9786094667190.0,,"tai autorės romanas, ne sudaryta knyga",,,K02263,Lentynoje,,,,,,,,,2026-09-16 13:02:00,g@cool.lt,Fabula,15.0
2254.0,Paulina Eglė Pukytė,Jų papročiai,,LT,Tyto alba,2005.0,FICTION,,,,,ISBN nerastas,,,K02264,Lentynoje,,,,,,,,,2026-09-16 13:02:00,g@cool.lt,Fabula,15.0
2255.0,Juozas Erlickas,Raštai ir kt.,,LT,,1987.0,FICTION,,,,,leidėjas ir ISBN nepatvirtinti,,,K02265,Lentynoje,,,,,,,,,2026-09-16 13:02:00,g@cool.lt,Fabula,15.0
2256.0,,The United Kingdom: 100 Questions Answered,,EN,,,FICTION,,,,,patikimo šaltinio nerasta,,,K02266,Lentynoje,,,,,,,,,2026-09-16 13:02:00,g@cool.lt,Fabula,15.0
2257.0,Karl Jaspers,,,EN,,,FICTION,,,,,pavadinimo nesimato · PATIKSLINTI,,,K02267,Lentynoje,,,,,,,,,2026-09-16 13:02:00,g@cool.lt,Fabula,15.0
2258.0,,Žurnalisto žinynas,,LT,,,FICTION,,,,,patikimo šaltinio nerasta,,,K02268,Lentynoje,,,,,,,,,2026-09-16 13:02:00,g@cool.lt,Fabula,15.0
2259.0,Tomas Valiūnas,Lažybos prie karsto,,LT,Alma littera,2024.0,FICTION,,,9786090160152.0,,guli plokščiai,,,K02269,Lentynoje,,,,,,,,,2026-09-16 13:02:00,g@cool.lt,Fabula,15.0
2260.0,James Joyce,Ulysses,,EN,,,FICTION,,,,,"guli plokščiai · daug leidimų, leidimas nepatvirtintas",,,K02270,Lentynoje,,,,,,,,,2026-09-16 13:02:00,g@cool.lt,Fabula,15.0
2261.0,Gilbert Sinoué,Mano sūnui trečiojo tūkstantmečio aušroje,,LT,,,FICTION,,,,,guli plokščiai · leidimo duomenys nerasti,,,K02271,Lentynoje,,,,,,,,,2026-09-16 13:02:00,g@cool.lt,Fabula,15.0
2262.0,"Juozas Erlickas, Vytautas Jurkūnas",Kaip išgyventi Lietuvoje?: gyvojo klasiko Juozo Erlicko ir teptuko virtuozo Vytauto Jurkūno vadovėlis,,LT,,2015.0,FICTION,,,,,guli plokščiai · leidėjas ir ISBN nepatvirtinti,,,K02272,Lentynoje,,,,,,,,,2026-09-16 13:02:00,g@cool.lt,Fabula,15.0
2263.0,Antanas Vienuolis,Vėžys / Burbiškio dvaras,,LT,,,,,,,,"dekoratyvus įrišimas, gali būti dvi knygos · PATIKSLINTI",,,K02273,Lentynoje,,,,,,,,,2026-09-16 13:02:00,g@cool.lt,Fabula,16.0
2264.0,Cajus Bekker,K vyrai,,EN,,,,,,,,patikimo šaltinio nerasta,,,K02274,Lentynoje,,,,,,,,,2026-09-16 13:02:00,g@cool.lt,Fabula,16.0
2265.0,Česlovas Vytautas Stankevičius,Sudėtingas Lietuvos derybų su Maskva kelias 1990–1992 metais,,LT,VU leidykla,2013.0,,,,9786099553351.0,,,,,K02275,Lentynoje,,,,,,,,,2026-09-16 13:02:00,g@cool.lt,Fabula,16.0
2266.0,Linda Leitz,"Tėvai, vaikai ir pinigai",,LT,,,,,,,,patikimo šaltinio nerasta,,,K02276,Lentynoje,,,,,,,,,2026-09-16 13:02:00,g@cool.lt,Fabula,16.0
2267.0,Chosė Raulis Kapablanka,Šachmatų vadovėlis,,LT,,,,,,,,"daug leidimų, leidimas nepatvirtintas",,,K02277,Lentynoje,,,,,,,,,2026-09-16 13:02:00,g@cool.lt,Fabula,16.0
2268.0,Algirdas Kaušpėdas,Gyveno kartą bičas ir kaimynas. Pokalbiai prie alaus,,LT,Tyto alba,2019.0,,,,,,įvestyje pavadinimas neteisingas: „Litas“ → „bičas“; ISBN nerastas,,,K02278,Lentynoje,,,,,,,,,2026-09-16 13:02:00,g@cool.lt,Fabula,16.0
2269.0,C. W. Mills,The Power Elite,,EN,,,,,,,,"daug leidimų, leidimas nepatvirtintas",,,K02279,Lentynoje,,,,,,,,,2026-09-16 13:02:00,g@cool.lt,Fabula,16.0
2270.0,Jaroslavas Melnikas,Te visad būsiu aš,,LT,Lietuvos rašytojų sąjungos leidykla,2022.0,,,,9786094803390.0,,,,,K02280,Lentynoje,,,,,,,,,2026-09-16 13:02:00,g@cool.lt,Fabula,16.0
2271.0,Mikalojus Povilas Vilutis,Protingavimai,,EN,Tyto alba,2024.0,,,,9786094668333.0,,,,,K02281,Lentynoje,,,,,,,,,2026-09-16 13:02:00,g@cool.lt,Fabula,16.0
2272.0,Jerome K. Jerome,Three Men in a Boat,,EN,,,,,,,,"daug leidimų, leidimas nepatvirtintas",,,K02282,Lentynoje,,,,,,,,,2026-09-16 13:02:00,g@cool.lt,Fabula,16.0
2273.0,Giedrius Petkevičius,Karo žmonės,,LT,Alma littera,2022.0,,,,9786090152614.0,,,,,K02283,Lentynoje,,,,,,,,,2026-09-16 13:02:00,g@cool.lt,Fabula,16.0
2274.0,Елена Леонтьева,"Базарная площадь, или История двух Жанн",,RU,,,,,,,,patikimo šaltinio nerasta,,,K02284,Lentynoje,,,,,,,,,2026-09-16 13:02:00,g@cool.lt,Fabula,16.0
2275.0,Frank Cardelle,Iš tamsos į šviesą,,LT,Vaga,2004.0,,,,9795415017392.0,,"ISBN pateiktas knygos.lt; formatas įtartinas, verta patikrinti de visu",,,K02285,Lentynoje,,,,,,,,,2026-09-16 13:02:00,g@cool.lt,Fabula,16.0
2276.0,Remigijus Misiūnas,Informacinių kovų kryžkelėse: JAV lietuvių informacinės kovos XIX a. pabaigoje–1922,,LT,Versus aureus,2004.0,,,,9789955601395.0,,,,,K02286,Lentynoje,,,,,,,,,2026-09-16 13:02:00,g@cool.lt,Fabula,16.0
2277.0,Autorių kolektyvas (sud. Giedrė Milerytė-Japertienė),Kaunas: pasakojimai apie miestą ir jo žmones,,LT,Kauno miesto muziejus,2022.0,,,,9786098164145.0,,,,,K02287,Lentynoje,,,,,,,,,2026-09-16 13:02:00,g@cool.lt,Fabula,16.0
2278.0,Eugenijus Laurinaitis,Žuvis vandenyje. Knyga apie sklandų bendravimą,,LT,Alma littera,2023.0,,,,9786090156650.0,,,,,K02288,Lentynoje,,,,,,,,,2026-09-16 13:02:00,g@cool.lt,Fabula,16.0
2279.0,Laurynas Katkus,Sklepas ir kitos esė,,LT,Lietuvos rašytojų sąjungos leidykla,2011.0,,,,9789986396970.0,,,,,K02289,Lentynoje,,,,,,,,,2026-09-16 13:02:00,g@cool.lt,Fabula,16.0
2280.0,Nikos Kazandzakis,Vėl Kristus kala ant kryžiaus,,LT,,,,,,,,patikimo šaltinio nerasta,,,K02290,Lentynoje,,,,,,,,,2026-09-16 13:02:00,g@cool.lt,Fabula,16.0
2281.0,Teri Agins,The End of Fashion,,EN,William Morrow,1999.0,,,,9780688151607.0,,"keli leidimai (1999 Morrow, 2000 Quill), leidimas nepatvirtintas",,,K02291,Lentynoje,,,,,,,,,2026-09-16 13:02:00,g@cool.lt,Fabula,16.0
2282.0,Aurelijus Augustinas,Išpažinimai,,LT,,,,,,,,"klasika su keliais lietuviškais leidimais, leidimas nepatvirtintas",,,K02292,Lentynoje,,,,,,,,,2026-09-16 13:02:00,g@cool.lt,Fabula,16.0
2283.0,Jeremy Clarkson,Tik nestabdyk manęs!,,LT,Versus aureus,2009.0,,,,9789955342175.0,,,,,K02293,Lentynoje,,,,,,,,,2026-09-16 13:02:00,g@cool.lt,Fabula,16.0
2284.0,Ruta Sepetys,Out of the Easy,,EN,Philomel Books,2013.0,,,,9780399256929.0,,,,,K02294,Lentynoje,,,,,,,,,2026-09-16 13:02:00,g@cool.lt,Fabula,16.0
2285.0,Zygmunt Bauman,,,EN,,,,,,,,pavadinimo ant nugarėlės nesimato · PATIKSLINTI,,,K02295,Lentynoje,,,,,,,,,2026-09-16 13:02:00,g@cool.lt,Fabula,16.0
2286.0,Albert Schweitzer,,,EN,,,,,,,,sena apiplyšusi nugarėlė · PATIKSLINTI,,,K02296,Lentynoje,,,,,,,,,2026-09-16 13:02:00,g@cool.lt,Fabula,16.0
2287.0,T. Coraghessan Boyle,Drop City,,EN,Viking,2003.0,,,,9780670031726.0,,"guli plokščiai · JAV pirmasis leidimas; kiti leidimai 2003 Bloomsbury, 2004 Penguin",,,K02297,Lentynoje,,,,,,,,,2026-09-16 13:02:00,g@cool.lt,Fabula,16.0
2288.0,Haruki Murakami,What I Talk About When I Talk About Running,,EN,,,,,,,,"guli plokščiai · keli angliški leidimai (2008 Knopf, 2009 Vintage), leidimas nepatvirtintas",,,K02298,Lentynoje,,,,,,,,,2026-09-16 13:02:00,g@cool.lt,Fabula,16.0
2289.0,Friedrich Nietzsche,Nietzsche (Apostrofa),,EN,Apostrofa,,,,,,,"guli plokščiai · nugarėlėje tik „Nietzsche“; galimas atitikmuo – „Apie istorijos naudą ir žalą gyvenimui“, Apostrofa, 2022, ISBN 9786098205244 – nepatvirtinta · PATIKSLINTI",,,K02299,Lentynoje,,,,,,,,,2026-09-16 13:02:00,g@cool.lt,Fabula,16.0
2290.0,Karl Raimund Popper,Istoricizmo skurdas,,EN,,1992.0,,,,,,guli plokščiai · leidėjas ir ISBN nepatvirtinti,,,K02300,Lentynoje,,,,,,,,,2026-09-16 13:02:00,g@cool.lt,Fabula,16.0
2291.0,Malcolm Gladwell,The Tipping Point,,EN,"Little, Brown",2000.0,,,,9780316316965.0,,"guli plokščiai · daug leidimų, leidimas nepatvirtintas",,,K02301,Lentynoje,,,,,,,,,2026-09-16 13:02:00,g@cool.lt,Fabula,16.0
2292.0,Petter Karlsson,SEB 150 Years of Change,,EN,,2006.0,,,,,,"3 egz., guli plokščiai · leidėjas ir ISBN nepatvirtinti",,,K02302,Lentynoje,,,,,,,,,2026-09-16 13:02:00,g@cool.lt,Fabula,17.0
2293.0,,Krepšinis = Lietuva,,LT,,,LITHUANIA,,,,,guli plokščiai · patikimo šaltinio nerasta,,,K02303,Lentynoje,,,,,,,,,2026-09-16 13:02:00,g@cool.lt,Fabula,18.0
2294.0,,Lithuania,,EN,Viešųjų ryšių partneriai,2006.0,LITHUANIA,,,9789955988700.0,,4 egz. · atitikimas paantraštei „A Success Story“ nepatvirtintas,,,K02304,Lentynoje,,,,,,,,,2026-09-16 13:02:00,g@cool.lt,Fabula,18.0
2295.0,Marius Jovaiša,Neregėta Lietuva,,LT,Unseen Pictures,,LITHUANIA,,,,,6 egz. · 2019 m. leidimas nepatvirtintas; knygos.lt rodo 2007 m. leid. (ISBN 9789955998501),,,K02305,Lentynoje,,,,,,,,,2026-09-16 13:02:00,g@cool.lt,Fabula,18.0
2296.0,,Laisvės šviesa,,LT,,,LITHUANIA,,,,,patikimo šaltinio nerasta,,,K02306,Lentynoje,,,,,,,,,2026-09-16 13:02:00,g@cool.lt,Fabula,18.0
2297.0,,Dzūkija,,LT,,,LITHUANIA,,,,,"pavadinimas per bendras, patikimo šaltinio nerasta · PATIKSLINTI",,,K02307,Lentynoje,,,,,,,,,2026-09-16 13:02:00,g@cool.lt,Fabula,18.0
2298.0,,"Passport. Žmonės. Istorijos. Idėjos, 6 tomas",,LT,,,LITHUANIA,,,,,"serija, leidimas nepatvirtintas · PATIKSLINTI",,,K02308,Lentynoje,,,,,,,,,2026-09-16 13:02:00,g@cool.lt,Fabula,18.0
2299.0,,Invest in Lithuania,,EN,,,LITHUANIA,,,,,patikimo šaltinio nerasta · PATIKSLINTI,,,K02309,Lentynoje,,,,,,,,,2026-09-16 13:02:00,g@cool.lt,Fabula,18.0
2300.0,"Autorių kolektyvas (sud. V. Landsbergis, A. Tyla, R. Ozolas ir kt.)",Kelias į Nepriklausomybę: Lietuvos Sąjūdis 1988–1991,,LT,Šviesa,2010.0,LITHUANIA,,,9785430049270.0,,,,,K02310,Lentynoje,,,,,,,,,2026-09-16 13:02:00,g@cool.lt,Fabula,18.0
2301.0,,"Mes buvome ten... 1991 metų sausio 13-oji, II",,LT,,,LITHUANIA,,,,,"serija (2 knyga), leidimas nepatvirtintas",,,K02311,Lentynoje,,,,,,,,,2026-09-16 13:02:00,g@cool.lt,Fabula,18.0
2302.0,Virginijus Savukynas,Istorija ir mitologijos: tapatybės raiškos XVII–XIX amžiaus Lietuvoje,,LT,,2013.0,LITHUANIA,,,,,leidėjas ir ISBN nepatvirtinti,,,K02312,Lentynoje,,,,,,,,,2026-09-16 13:02:00,g@cool.lt,Fabula,18.0
2303.0,,Baltic States in 2030,,EN,,,LITHUANIA,,,,,patikimo šaltinio nerasta,,,K02313,Lentynoje,,,,,,,,,2026-09-16 13:02:00,g@cool.lt,Fabula,18.0
2304.0,"Vytenis Almonaitis, Junona Almonaitienė",Šiaurės Skalva: keliautojo po Pagėgių kraštą žinynas,,LT,Keliautojo žinynas,,LITHUANIA,,,,,"keli leidimai (2003, 2007, 2015); 2007 m. leid. ISBN 9955-962-0-X; leidimas nepatvirtintas",,,K02314,Lentynoje,,,,,,,,,2026-09-16 13:02:00,g@cool.lt,Fabula,18.0
2305.0,"Vytenis Almonaitis, Junona Almonaitienė",Karšuva,,LT,,,LITHUANIA,,,,,"2 dalys (2004–2006), tomas/leidimas nepatvirtintas",,,K02315,Lentynoje,,,,,,,,,2026-09-16 13:02:00,g@cool.lt,Fabula,18.0
2306.0,"Vytenis Almonaitis, Junona Almonaitienė",Karšuvos žemė XIII–XIV amžiuje: praeitis ir paveldas,,LT,Keliautojo žinynas,2020.0,LITHUANIA,,,,,ISBN nerastas,,,K02316,Lentynoje,,,,,,,,,2026-09-16 13:02:00,g@cool.lt,Fabula,18.0
2307.0,"Vytenis Almonaitis, Junona Almonaitienė",Kauno Naujamiestis,,LT,,2020.0,LITHUANIA,,,,,2 egz. · pristatytas 2020 m. Vilniaus knygų mugėje; leidėjas ir ISBN nepatvirtinti,,,K02317,Lentynoje,,,,,,,,,2026-09-16 13:02:00,g@cool.lt,Fabula,18.0
2308.0,"Vytenis Almonaitis, Junona Almonaitienė",Pietų Ceklis,,LT,Keliautojo žinynas,2017.0,LITHUANIA,,,9786098063097.0,,2 egz.,,,K02318,Lentynoje,,,,,,,,,2026-09-16 13:02:00,g@cool.lt,Fabula,18.0
2309.0,"Vytenis Almonaitis, Junona Almonaitienė",Kauno senamiestis,,LT,,,LITHUANIA,,,,,"du leidimai (2012, 2015), leidimas nepatvirtintas",,,K02319,Lentynoje,,,,,,,,,2026-09-16 13:02:00,g@cool.lt,Fabula,18.0
2310.0,"Vytenis Almonaitis, Junona Almonaitienė",Pietų Medininkai,,LT,,,LITHUANIA,,,,,"du leidimai (2013, 2018), leidimas nepatvirtintas",,,K02320,Lentynoje,,,,,,,,,2026-09-16 13:02:00,g@cool.lt,Fabula,18.0
2311.0,"Vytenis Almonaitis, Junona Almonaitienė","Apytalaukio, Lančiūnavos ir Šventybrasčio apylinkės",,LT,,2022.0,LITHUANIA,,,,,guli plokščiai · leidėjas ir ISBN nepatvirtinti,,,K02321,Lentynoje,,,,,,,,,2026-09-16 13:02:00,g@cool.lt,Fabula,18.0
2312.0,"Kurt Baier, Nicholas Rescher (sud.)",Values and the Future,,EN,Free Press,1969.0,WORLDS HISTORY / LT NATURE,,,,,"guli plokščiai · ISBN 0029011701 siejamas su vėlesniu Macmillan leidimu, nepatvirtinta",,,K02322,Lentynoje,,,,,,,,,2026-09-16 13:02:00,g@cool.lt,Fabula,19.0
2313.0,,"Paskutinės pasaulio paslaptys: mokslas, gamta, istorija, religija",,LT,Alma littera,2009.0,WORLDS HISTORY / LT NATURE,,,,,ISBN nerastas,,,K02323,Lentynoje,,,,,,,,,2026-09-16 13:02:00,g@cool.lt,Fabula,19.0
2314.0,Dagmar von Cramm,"Stilingos puotos, priėmimai, vakarėliai",,LT,Petro ofsetas,2007.0,WORLDS HISTORY / LT NATURE,,,,,ISBN nerastas,,,K02324,Lentynoje,,,,,,,,,2026-09-16 13:02:00,g@cool.lt,Fabula,19.0
2315.0,Brian M. Fagan,Senovės pasaulio paslaptys,,LT,Alma littera,2005.0,WORLDS HISTORY / LT NATURE,,,9955081449.0,,,,,K02325,Lentynoje,,,,,,,,,2026-09-16 13:02:00,g@cool.lt,Fabula,19.0
2316.0,Chris Scarre,Senovės pasaulio stebuklai,,LT,Alma littera,2005.0,WORLDS HISTORY / LT NATURE,,,9789955080190.0,,,,,K02326,Lentynoje,,,,,,,,,2026-09-16 13:02:00,g@cool.lt,Fabula,19.0
2317.0,Neil Parkyn,Pasaulio architektūros stebuklai,,LT,,,WORLDS HISTORY / LT NATURE,,,,,lietuviško leidimo patikimo šaltinio nerasta,,,K02327,Lentynoje,,,,,,,,,2026-09-16 13:02:00,g@cool.lt,Fabula,19.0
2318.0,Adam Hart-Davis (sud.),History,,EN,Dorling Kindersley,2007.0,WORLDS HISTORY / LT NATURE,,,756674565.0,,"DK leidinys turi kelis leidimus (2007, 2023); leidimas nepatvirtintas",,,K02328,Lentynoje,,,,,,,,,2026-09-16 13:02:00,g@cool.lt,Fabula,19.0
2319.0,,Didžiosios praeities paslaptys: tiesa ar pramanai? Tiria ekspertai,,LT,Alma littera,2006.0,WORLDS HISTORY / LT NATURE,,,,,ISBN nerastas,,,K02329,Lentynoje,,,,,,,,,2026-09-16 13:02:00,g@cool.lt,Fabula,19.0
2320.0,Ian Harrison (sud.),Pirmieji,,EN,,,WORLDS HISTORY / LT NATURE,,,,,patikimo šaltinio nerasta (biudžetas išnaudotas),,,K02330,Lentynoje,,,,,,,,,2026-09-16 13:02:00,g@cool.lt,Fabula,19.0
2321.0,Edward G. Hinkelman,Importuotojo prekybos žinynas,,LT,,,WORLDS HISTORY / LT NATURE,,,,,pavadinimas neįskaitomas tiksliai · PATIKSLINTI,,,K02331,Lentynoje,,,,,,,,,2026-09-16 13:02:00,g@cool.lt,Fabula,19.0
2322.0,Peter Hitchens,The Abolition of Britain,,EN,Quartet Books,1999.0,WORLDS HISTORY / LT NATURE,,,9780704381179.0,,autorius nematomas · PATIKSLINTI,,,K02332,Lentynoje,,,,,,,,,2026-09-16 13:02:00,g@cool.lt,Fabula,19.0
2323.0,"Hans Rosling, Ola Rosling, Anna Rosling Rönnlund",Faktų galia. Factfulness,,LT,Tyto alba,2018.0,WORLDS HISTORY / LT NATURE,,,9786094663420.0,,,,,K02333,Lentynoje,,,,,,,,,2026-09-16 13:02:00,g@cool.lt,Fabula,19.0
2324.0,Peter Swanson,Devynios gyvybės,,LT,BALTO leidybos namai,2024.0,WORLDS HISTORY / LT NATURE,,,9786094874345.0,,,,,K02334,Lentynoje,,,,,,,,,2026-09-16 13:02:00,g@cool.lt,Fabula,19.0
2325.0,Peter Swanson,Nusipelnę gyventi,,LT,BALTO leidybos namai,,WORLDS HISTORY / LT NATURE,,,,,metai ir ISBN nepatvirtinti,,,K02335,Lentynoje,,,,,,,,,2026-09-16 13:02:00,g@cool.lt,Fabula,19.0
2326.0,,Bronislovas Burgis,,EN,,,WORLDS HISTORY / LT NATURE,,,,,patikimo šaltinio nerasta,,,K02336,Lentynoje,,,,,,,,,2026-09-16 13:02:00,g@cool.lt,Fabula,19.0
2327.0,"Thomas More, Francis Bacon, Henry Neville; sud. Susan Bruce",Three Early Modern Utopias: Utopia / New Atlantis / The Isle of Pines,,EN,Oxford University Press,1999.0,WORLDS HISTORY / LT NATURE,,,9780192838858.0,,Oxford World's Classics,,,K02337,Lentynoje,,,,,,,,,2026-09-16 13:02:00,g@cool.lt,Fabula,19.0
2328.0,,Viešvilės gamtinis rezervatas,,LT,,,WORLDS HISTORY / LT NATURE,,,,,patikimo šaltinio nerasta,,,K02338,Lentynoje,,,,,,,,,2026-09-16 13:02:00,g@cool.lt,Fabula,19.0
2329.0,,Kazys Šimonis,,LT,,,WORLDS HISTORY / LT NATURE,,,,,patikimo šaltinio nerasta,,,K02339,Lentynoje,,,,,,,,,2026-09-16 13:02:00,g@cool.lt,Fabula,19.0
2330.0,,Mandarininė antelė,,LT,,,WORLDS HISTORY / LT NATURE,,,,,"serija „Toli iš arti“, leidimas nepatvirtintas · PATIKSLINTI",,,K02340,Lentynoje,,,,,,,,,2026-09-16 13:02:00,g@cool.lt,Fabula,19.0
2331.0,,Lietuvos miškuose,,LT,,,WORLDS HISTORY / LT NATURE,,,,,"pavadinimas per bendras, patikimo šaltinio nerasta",,,K02341,Lentynoje,,,,,,,,,2026-09-16 13:02:00,g@cool.lt,Fabula,19.0
2332.0,,Dainų šventė,,LT,,,WORLDS HISTORY / LT NATURE,,,,,"pavadinimas per bendras, patikimo šaltinio nerasta",,,K02342,Lentynoje,,,,,,,,,2026-09-16 13:02:00,g@cool.lt,Fabula,19.0
2333.0,,Atgimę paminklai,,LT,,,WORLDS HISTORY / LT NATURE,,,,,patikimo šaltinio nerasta,,,K02343,Lentynoje,,,,,,,,,2026-09-16 13:02:00,g@cool.lt,Fabula,19.0
2334.0,,Palanga,,EN,,,WORLDS HISTORY / LT NATURE,,,,,"pavadinimas per bendras, patikimo šaltinio nerasta · PATIKSLINTI",,,K02344,Lentynoje,,,,,,,,,2026-09-16 13:02:00,g@cool.lt,Fabula,19.0
2335.0,,Dienoraštis moterims 2016-2017,,LT,,,WORLDS HISTORY / LT NATURE,,,,,guli plokščiai · patikimo šaltinio nerasta,,,K02345,Lentynoje,,,,,,,,,2026-09-16 13:02:00,g@cool.lt,Fabula,19.0
2336.0,,Dviese apie meilę,,LT,,,WORLDS HISTORY / LT NATURE,,,,,guli plokščiai · patikimo šaltinio nerasta,,,K02346,Lentynoje,,,,,,,,,2026-09-16 13:02:00,g@cool.lt,Fabula,19.0
2337.0,Autorių kolektyvas,Sveikatos enciklopedija,,LT,Vaistų žinios,2003.0,HEALTH AND SPORTS / FOOD AND DRINKS,,,9955511133.0,,,,,K02347,Lentynoje,,,,,,,,,2026-09-16 13:02:00,g@cool.lt,Fabula,20.0
2338.0,Frank H. Netter,"Atlas of Human Anatomy, 5th ed.",,EN,Saunders/Elsevier,2010.0,HEALTH AND SPORTS / FOOD AND DRINKS,,,9781416059516.0,,,,,K02348,Lentynoje,,,,,,,,,2026-09-16 13:02:00,g@cool.lt,Fabula,20.0
2339.0,Peter Albright,Gera sveikata,,EN,Alma littera,1998.0,HEALTH AND SPORTS / FOOD AND DRINKS,,,9789986025467.0,,,,,K02349,Lentynoje,,,,,,,,,2026-09-16 13:02:00,g@cool.lt,Fabula,20.0
2340.0,"Pete Pfitzinger, Scott Douglas","Advanced Marathoning, 2nd ed.",,EN,Human Kinetics,2009.0,HEALTH AND SPORTS / FOOD AND DRINKS,,,9780736074605.0,,,,,K02350,Lentynoje,,,,,,,,,2026-09-16 13:02:00,g@cool.lt,Fabula,20.0
2341.0,,Gyvenkime be ligų,,LT,,,HEALTH AND SPORTS / FOOD AND DRINKS,,,,,patikimo šaltinio nerasta,,,K02351,Lentynoje,,,,,,,,,2026-09-16 13:02:00,g@cool.lt,Fabula,20.0
2342.0,Gintautas Zaleckis,Pagrindinių laboratorinių tyrimų žinynas,,LT,Vaistų žinios,2011.0,HEALTH AND SPORTS / FOOD AND DRINKS,,,9789955884385.0,,2-asis patais. ir papild. leid.; autoriaus vardo rašyba šaltiniuose skiriasi (Gintaras Zaleskis),,,K02352,Lentynoje,,,,,,,,,2026-09-16 13:02:00,g@cool.lt,Fabula,20.0
2343.0,Henrikas Šadžius,Lietuvos kūno kultūros ir sporto istorija,,LT,Margi raštai,1996.0,HEALTH AND SPORTS / FOOD AND DRINKS,,,,,ISBN nerastas,,,K02353,Lentynoje,,,,,,,,,2026-09-16 13:02:00,g@cool.lt,Fabula,20.0
2344.0,Artūras Poviliūnas,"Olimpinė Lietuva 1918–2008 metais: lūžiai, etapai, pasauliniai kontekstai",,LT,,2010.0,HEALTH AND SPORTS / FOOD AND DRINKS,,,,,leidėjas ir ISBN nepatvirtinti,,,K02354,Lentynoje,,,,,,,,,2026-09-16 13:02:00,g@cool.lt,Fabula,20.0
2345.0,Algirdas Klimkevičius,Lietuvos olimpinis krikštas. 1924 m. Paryžius,,LT,,2004.0,HEALTH AND SPORTS / FOOD AND DRINKS,,,,,leidėjas ir ISBN nepatvirtinti,,,K02355,Lentynoje,,,,,,,,,2026-09-16 13:02:00,g@cool.lt,Fabula,20.0
2346.0,Robert Service,Leninas. Pirma knyga,,EN,Obuolys,2012.0,HEALTH AND SPORTS / FOOD AND DRINKS,,,9786094033681.0,,,,,K02356,Lentynoje,,,,,,,,,2026-09-16 13:02:00,g@cool.lt,Fabula,20.0
2347.0,Ignas Staškevičius,Maratono laukas,,LT,Metodika,2011.0,HEALTH AND SPORTS / FOOD AND DRINKS,,,9786094440342.0,,,,,K02357,Lentynoje,,,,,,,,,2026-09-16 13:02:00,g@cool.lt,Fabula,20.0
2348.0,M. Krikštopaitis,,,LT,,,HEALTH AND SPORTS / FOOD AND DRINKS,,,,,pavadinimo nematyti · PATIKSLINTI,,,K02358,Lentynoje,,,,,,,,,2026-09-16 13:02:00,g@cool.lt,Fabula,20.0
2349.0,Justinas Marcinkevičius,Dienoraštis be datų,,LT,Vaga,1981.0,HEALTH AND SPORTS / FOOD AND DRINKS,,,,,"sovietinis leidimas, ISBN nesuteiktas · PATIKSLINTI",,,K02359,Lentynoje,,,,,,,,,2026-09-16 13:02:00,g@cool.lt,Fabula,20.0
2350.0,Edward Lucas,"Deception: Spies, Lies and How Russia Dupes the West",,EN,Bloomsbury,2012.0,HEALTH AND SPORTS / FOOD AND DRINKS,,,9781408802847.0,,keli 2012–2013 m. leidimai; nurodytas UK pirmasis,,,K02360,Lentynoje,,,,,,,,,2026-09-16 13:02:00,g@cool.lt,Fabula,20.0
2351.0,Michael J. Gelb,Norėčiau mokėti daryti stebuklus. Leonardo da Vinci: septyni žingsniai genijaus link,,LT,Jotema,2004.0,HEALTH AND SPORTS / FOOD AND DRINKS,,,9789955130130.0,,PATIKSLINTI,,,K02361,Lentynoje,,,,,,,,,2026-09-16 13:02:00,g@cool.lt,Fabula,20.0
2352.0,National Geographic Society,Food Journeys of a Lifetime,,EN,National Geographic / Toucan Books,2009.0,HEALTH AND SPORTS / FOOD AND DRINKS,,,9781426205071.0,,yra ir 2022 m. 2-asis leidimas,,,K02362,Lentynoje,,,,,,,,,2026-09-16 13:02:00,g@cool.lt,Fabula,20.0
2353.0,Jaroslavas Banevičius,Alus ir stiprūs gėrimai. Enciklopedija,,LT,,2000.0,HEALTH AND SPORTS / FOOD AND DRINKS,,,9986934125.0,,leidėjas nepatvirtintas,,,K02363,Lentynoje,,,,,,,,,2026-09-16 13:02:00,g@cool.lt,Fabula,20.0
2354.0,,"Nuo I. B. Volfo ir Engelmano iki Ragučio: alaus daryklos istorija, 1853–2008 m.",,LT,,,HEALTH AND SPORTS / FOOD AND DRINKS,,,,,"metai, leidėjas ir ISBN nerasti",,,K02364,Lentynoje,,,,,,,,,2026-09-16 13:02:00,g@cool.lt,Fabula,20.0
2355.0,Michael Jackson,Beer (Eyewitness Companions),,EN,Dorling Kindersley (DK),2007.0,HEALTH AND SPORTS / FOOD AND DRINKS,,,9780756631550.0,,,,,K02365,Lentynoje,,,,,,,,,2026-09-16 13:02:00,g@cool.lt,Fabula,20.0
2356.0,Antonio Meschino,Dievų maistas,,LT,Lietuvos rytas,2013.0,HEALTH AND SPORTS / FOOD AND DRINKS,,,9789986448419.0,,PATIKSLINTI,,,K02366,Lentynoje,,,,,,,,,2026-09-16 13:02:00,g@cool.lt,Fabula,20.0
2357.0,Andrius Užkalnis,"Užkalnio žurnalas, Nr. 22",,LT,UAB „Ožiukas“,2021.0,,,,,,"žurnalas · žurnalas, ISBN nėra; metai iš pavadinimo (2021 žiema / 2022 pavasaris)",,,K02367,Lentynoje,,,,,,,,,2026-09-16 13:02:00,g@cool.lt,Fabula,21.0
2358.0,,"Creative Review, June 1999",,EN,Centaur Communications,1999.0,,,,,,"žurnalas · žurnalas, ISBN nėra; 2022 m. leidinį perėmė Haymarket",,,K02368,Lentynoje,,,,,,,,,2026-09-16 13:02:00,g@cool.lt,Fabula,21.0
2359.0,,"campaign, Summer 2023",,EN,Haymarket Media Group,2023.0,,,,,,"žurnalas · žurnalas, ISBN nėra",,,K02369,Lentynoje,,,,,,,,,2026-09-16 13:02:00,g@cool.lt,Fabula,21.0
2360.0,,"campaign, Autumn 2023",,EN,Haymarket Media Group,2023.0,,,,,,"žurnalas · žurnalas, ISBN nėra",,,K02370,Lentynoje,,,,,,,,,2026-09-16 13:02:00,g@cool.lt,Fabula,21.0
2361.0,Andrius Užkalnis,"Užkalnio žurnalas, Nr. 21",,LT,UAB „Ožiukas“,2021.0,,,,,,"žurnalas · žurnalas, ISBN nėra",,,K02371,Lentynoje,,,,,,,,,2026-09-16 13:02:00,g@cool.lt,Fabula,21.0
2362.0,Andrius Užkalnis,"Užkalnio žurnalas, Nr. 23",,LT,UAB „Ožiukas“,2022.0,,,,,,"žurnalas · žurnalas, ISBN nėra; metai iš pavadinimo",,,K02372,Lentynoje,,,,,,,,,2026-09-16 13:02:00,g@cool.lt,Fabula,21.0
2363.0,,Mauritius. Die Bildagentur,,EN,,,,,,,,nerasta,,,K02373,Lentynoje,,,,,,,,,2026-09-16 13:02:00,g@cool.lt,Fabula,21.0
2364.0,,"People. Starke Bilder, 1989-2009",,EN,,,,,,,,nerasta,,,K02374,Lentynoje,,,,,,,,,2026-09-16 13:02:00,g@cool.lt,Fabula,21.0
2365.0,,M-1. 20 metų,,LT,,,,,,,,nerasta,,,K02375,Lentynoje,,,,,,,,,2026-09-16 13:02:00,g@cool.lt,Fabula,21.0
2366.0,,The Rooster Gallery,,EN,,,,,,,,nerasta,,,K02376,Lentynoje,,,,,,,,,2026-09-16 13:02:00,g@cool.lt,Fabula,21.0
2367.0,,Ketterer Kunst (katalogas),,EN,,,,,,,,"aukciono katalogų serija, leidimas nepatvirtintas",,,K02377,Lentynoje,,,,,,,,,2026-09-16 13:02:00,g@cool.lt,Fabula,21.0
2368.0,,Pražská zastavení,,LT,ČTK-Pressfoto,1985.0,PHOTO ALBUMS,,,,,ISBN nenurodytas,,,K02378,Lentynoje,,,,,,,,,2026-09-16 13:02:00,g@cool.lt,Fabula,22.0
2369.0,,"Lietuvos karininko fotoalbumas, 2",,EN,,,PHOTO ALBUMS,,,,,"serija, leidimas nepatvirtintas",,,K02379,Lentynoje,,,,,,,,,2026-09-16 13:02:00,g@cool.lt,Fabula,22.0
2370.0,"Guy Woodland, Lew Baxter",Urban Reflections: 21st Century Cities,,EN,Guy Woodland / cities500,2005.0,PHOTO ALBUMS,,,9781905547005.0,,,,,K02380,Lentynoje,,,,,,,,,2026-09-16 13:02:00,g@cool.lt,Fabula,22.0
2371.0,,"Fotografijos ratas, Nr. 1(8) 2015",,EN,,2015.0,PHOTO ALBUMS,,,,,"žurnalas, ISBN nėra; leidėjas nerastas",,,K02381,Lentynoje,,,,,,,,,2026-09-16 13:02:00,g@cool.lt,Fabula,22.0
2372.0,,Lietuvos spaudos fotografija 2001,,EN,Lietuvos spaudos fotografų klubas,2001.0,PHOTO ALBUMS,,,,,konkretaus leidimo ISBN nerastas; leidėjas pagal seriją,,,K02382,Lentynoje,,,,,,,,,2026-09-16 13:02:00,g@cool.lt,Fabula,22.0
2373.0,,"Fotografijos ratas, Nr. 1(7) 2014",,EN,,2014.0,PHOTO ALBUMS,,,,,"2 egz. · žurnalas, ISBN nėra; leidėjas nerastas",,,K02383,Lentynoje,,,,,,,,,2026-09-16 13:02:00,g@cool.lt,Fabula,22.0
2374.0,,"Fotografijos ratas, Nr. 1(5) 2012",,EN,,2012.0,PHOTO ALBUMS,,,,,"žurnalas, ISBN nėra; leidėjas nerastas",,,K02384,Lentynoje,,,,,,,,,2026-09-16 13:02:00,g@cool.lt,Fabula,22.0
2375.0,Margarita Matulytė (sud.),Lietuvos fotografija: vakar ir šiandien '06,,LT,,2006.0,PHOTO ALBUMS,,,,,leidėjas ir ISBN nerasti,,,K02385,Lentynoje,,,,,,,,,2026-09-16 13:02:00,g@cool.lt,Fabula,22.0
2376.0,,Sausis. Laisvės fotografija,,LT,,,PHOTO ALBUMS,,,,,nerasta,,,K02386,Lentynoje,,,,,,,,,2026-09-16 13:02:00,g@cool.lt,Fabula,22.0
2377.0,,Lietuvos spaudos fotografija 2006,,EN,Lietuvos spaudos fotografų klubas,2006.0,PHOTO ALBUMS,,,,,konkretaus leidimo ISBN nerastas; leidėjas pagal seriją,,,K02387,Lentynoje,,,,,,,,,2026-09-16 13:02:00,g@cool.lt,Fabula,22.0
2378.0,,Lietuvos spaudos fotografija '15,,EN,Lietuvos spaudos fotografų klubas,2015.0,PHOTO ALBUMS,,,,,konkretaus leidimo ISBN nerastas; leidėjas pagal seriją,,,K02388,Lentynoje,,,,,,,,,2026-09-16 13:02:00,g@cool.lt,Fabula,22.0
2379.0,,"Fotografijos ratas, Nr. 1(6) 2013",,EN,,2013.0,PHOTO ALBUMS,,,,,"žurnalas, ISBN nėra; leidėjas nerastas",,,K02389,Lentynoje,,,,,,,,,2026-09-16 13:02:00,g@cool.lt,Fabula,22.0
2380.0,"Algimantas Kunčius, Onutė Butkutė","Susitikimai praeitame šimtmetyje, 1963–2000",,LT,Lietuvos nacionalinis muziejus,2025.0,PHOTO ALBUMS,,,9786094780875.0,,tapatumas su nugarėlės įrašu „Susitikimai“ nepatvirtintas,,,K02390,Lentynoje,,,,,,,,,2026-09-16 13:02:00,g@cool.lt,Fabula,22.0
2381.0,,Chopin. Photographs,,EN,,,PHOTO ALBUMS,,,,,nerasta,,,K02391,Lentynoje,,,,,,,,,2026-09-16 13:02:00,g@cool.lt,Fabula,22.0
2382.0,,Senoji Marijampolė. Fotografijos iki 1940 m.,,LT,,,PHOTO ALBUMS,,,,,nerasta,,,K02392,Lentynoje,,,,,,,,,2026-09-16 13:02:00,g@cool.lt,Fabula,22.0
2383.0,Antanas Sutkus,Antanas Sutkus: Street Life,,EN,Steidl,2022.0,PHOTO ALBUMS,,,9783958297623.0,,,,,K02393,Lentynoje,,,,,,,,,2026-09-16 13:02:00,g@cool.lt,Fabula,22.0
2384.0,Fratelli Alinari,A History of Photography,,EN,Alinari,2006.0,PHOTO ALBUMS,,,9788872924860.0,,,,,K02394,Lentynoje,,,,,,,,,2026-09-16 13:02:00,g@cool.lt,Fabula,22.0
2385.0,,Procesas 2007,,EN,,,PHOTO ALBUMS,,,,,nerasta,,,K02395,Lentynoje,,,,,,,,,2026-09-16 13:02:00,g@cool.lt,Fabula,22.0
2386.0,,Lotynų–lietuvių kalbų žodynas,,LT,,,DICTIONARIES,,,,,keli skirtingi leidiniai (K. Kuzavinio ir K. Jokanto); leidimas nepatvirtintas,,,K02396,Lentynoje,,,,,,,,,2026-09-16 13:02:00,g@cool.lt,Fabula,23.0
2387.0,Antanas Lyberis,Sinonimų žodynas,,LT,Lietuvių kalbos institutas,2002.0,DICTIONARIES,,,9789986668329.0,,"yra ir ankstesnis (1980/1981 m., „Mokslas“) leidimas",,,K02397,Lentynoje,,,,,,,,,2026-09-16 13:02:00,g@cool.lt,Fabula,23.0
2388.0,Jonas Paulauskas,Frazeologijos žodynas,,LT,Lietuvių kalbos institutas,2001.0,DICTIONARIES,,,9986668298.0,,,,,K02398,Lentynoje,,,,,,,,,2026-09-16 13:02:00,g@cool.lt,Fabula,23.0
2389.0,Vytautas Ambrazas (vyr. red.),Dabartinės lietuvių kalbos gramatika,,LT,Mokslo ir enciklopedijų leidybos institutas,2006.0,DICTIONARIES,,,5420015668.0,,"yra ankstesnių leidimų (1994, 1997)",,,K02399,Lentynoje,,,,,,,,,2026-09-16 13:02:00,g@cool.lt,Fabula,23.0
2390.0,Konstantinas Jablonskis,Lietuviški žodžiai senosios Lietuvos raštinių kalboje,,LT,,,DICTIONARIES,,,,,"metai, leidėjas ir ISBN nepatvirtinti",,,K02400,Lentynoje,,,,,,,,,2026-09-16 13:02:00,g@cool.lt,Fabula,23.0
2391.0,A. S. Hornby,Oxford Advanced Learner's Dictionary,,EN,Oxford University Press,,DICTIONARIES,,,,,"daug leidimų; konkretus leidimas nepatvirtintas, todėl metai ir ISBN palikti tušti",,,K02401,Lentynoje,,,,,,,,,2026-09-16 13:02:00,g@cool.lt,Fabula,23.0
2392.0,Valerija Vaitkevičiūtė,"Didysis lenkų–lietuvių kalbų žodynas, [T. 1] A–Poł",,LT,Vertėjų biuras Eurolingvo,2003.0,DICTIONARIES,,,9789955963110.0,,dviejų tomų komplektas; atskiro tomo ISBN nepatvirtintas,,,K02402,Lentynoje,,,,,,,,,2026-09-16 13:02:00,g@cool.lt,Fabula,23.0
2393.0,Valerija Vaitkevičiūtė,"Didysis lenkų–lietuvių kalbų žodynas, [T. 2] Poł–Ż",,LT,Vertėjų biuras Eurolingvo,2003.0,DICTIONARIES,,,9789955963110.0,,dviejų tomų komplektas; atskiro tomo ISBN nepatvirtintas,,,K02403,Lentynoje,,,,,,,,,2026-09-16 13:02:00,g@cool.lt,Fabula,23.0
2394.0,Aristotelis,Rinktiniai raštai,,LT,Mintis,1990.0,DICTIONARIES,,,5417001589.0,,,,,K02404,Lentynoje,,,,,,,,,2026-09-16 13:02:00,g@cool.lt,Fabula,23.0
2395.0,,IX Europos Parlamente,,EN,,,DICTIONARIES,,,,,nerasta,,,K02405,Lentynoje,,,,,,,,,2026-09-16 13:02:00,g@cool.lt,Fabula,23.0
2396.0,Friedrich Nietzsche (Frydrichas Nyčė),Frydrichas Nyčė. Rinktiniai raštai,,LT,Mintis,1991.0,DICTIONARIES,,,5417029068.0,,,,,K02406,Lentynoje,,,,,,,,,2026-09-16 13:02:00,g@cool.lt,Fabula,23.0
2397.0,"Dobrosława Świerczyńska, Andrzej Świerczyński",Patarlių žodynas,,LT,,,DICTIONARIES,,,,,nerasta,,,K02407,Lentynoje,,,,,,,,,2026-09-16 13:02:00,g@cool.lt,Fabula,23.0
2398.0,Lionė Lapinskienė,Simbolinių reikšmių žodynas,,LT,Magilė,2002.0,DICTIONARIES,,,9789986956280.0,,,,,K02408,Lentynoje,,,,,,,,,2026-09-16 13:02:00,g@cool.lt,Fabula,23.0
2399.0,Richard Bayan,Words That Sell,,EN,Contemporary Books,1987.0,DICTIONARIES,,,9780809247998.0,,guli plokščiai · yra 2006 m. McGraw-Hill perleidimas (9780071467858),,,K02409,Lentynoje,,,,,,,,,2026-09-16 13:02:00,g@cool.lt,Fabula,23.0
2400.0,Marius Jovaiša,Heavenly Belize,,LT,Unseen Pictures,2011.0,DICTIONARIES,,,9786098022032.0,,guli plokščiai,,,K02410,Lentynoje,,,,,,,,,2026-09-16 13:02:00,g@cool.lt,Fabula,23.0
2401.0,,"Visuotinė lietuvių enciklopedija, T. XVII: Ona–Perizonijus",,LT,Mokslo ir enciklopedijų leidybos centras,2010.0,,,,9785420016756.0,,PATIKSLINTI,,,K02411,Lentynoje,,,,,,,,,2026-09-16 13:02:00,g@cool.lt,Fabula,25.0
2402.0,,"Visuotinė lietuvių enciklopedija, T. XVIII: Perk–Pražvalgos",,LT,Mokslo ir enciklopedijų leidybos centras,2010.0,,,,9785420016831.0,,PATIKSLINTI,,,K02412,Lentynoje,,,,,,,,,2026-09-16 13:02:00,g@cool.lt,Fabula,25.0
2403.0,,"Visuotinė lietuvių enciklopedija, T. XIX: Preadaptacija–Reutov",,LT,Mokslo ir enciklopedijų leidybos centras,2011.0,,,,9785420016954.0,,PATIKSLINTI,,,K02413,Lentynoje,,,,,,,,,2026-09-16 13:02:00,g@cool.lt,Fabula,25.0
2404.0,,"Visuotinė lietuvių enciklopedija, T. Papildymai: Abaluja–Żwikiele",,LT,Mokslo ir enciklopedijų leidybos centras,2015.0,,,,9785420017548.0,,,,,K02414,Lentynoje,,,,,,,,,2026-09-16 13:02:00,g@cool.lt,Fabula,25.0
2405.0,,"Visuotinė lietuvių enciklopedija, T. XIII: Leo–Magazyn",,LT,Mokslo ir enciklopedijų leidybos institutas,2008.0,,,,9785420016411.0,,,,,K02415,Lentynoje,,,,,,,,,2026-09-16 13:02:00,g@cool.lt,Fabula,25.0
2406.0,,"Visuotinė lietuvių enciklopedija, T. IV: Chakasija–Diržių kapinynas",,LT,Mokslo ir enciklopedijų leidybos institutas,2003.0,,,,9785420015223.0,,,,,K02416,Lentynoje,,,,,,,,,2026-09-16 13:02:00,g@cool.lt,Fabula,25.0
2407.0,,"Visuotinė lietuvių enciklopedija, T. II: Arktis–Beketas",,LT,Mokslo ir enciklopedijų leidybos institutas,2002.0,,,,9785420014998.0,,,,,K02417,Lentynoje,,,,,,,,,2026-09-16 13:02:00,g@cool.lt,Fabula,25.0
2408.0,,"Visuotinė lietuvių enciklopedija, T. XXII: Skobelcyn–Šalavijas",,LT,Mokslo ir enciklopedijų leidybos centras,2012.0,,,,9785420017159.0,,,,,K02418,Lentynoje,,,,,,,,,2026-09-16 13:02:00,g@cool.lt,Fabula,25.0
2409.0,,"Visuotinė lietuvių enciklopedija, T. XXIII: Šalcinis–Toliušis",,LT,Mokslo ir enciklopedijų leidybos centras,2013.0,,,,9785420017234.0,,,,,K02419,Lentynoje,,,,,,,,,2026-09-16 13:02:00,g@cool.lt,Fabula,25.0
2410.0,,"Visuotinė lietuvių enciklopedija, T. XXIV: Toljatis–Venizelas",,LT,Mokslo ir enciklopedijų leidybos centras,2014.0,,,,9785420017333.0,,knygos.lt nurodo 2015 m.; Vikipedijos tomų sąraše – 2014 m.,,,K02420,Lentynoje,,,,,,,,,2026-09-16 13:02:00,g@cool.lt,Fabula,25.0
2411.0,,"Visuotinė lietuvių enciklopedija, T. XXV: Venk–Žvo",,LT,Mokslo ir enciklopedijų leidybos centras,2014.0,,,,9785420017418.0,,PATIKSLINTI,,,K02421,Lentynoje,,,,,,,,,2026-09-16 13:02:00,g@cool.lt,Fabula,25.0
2412.0,,(neįskaityta nugarėlė),,EN,,,DESIGN,,,,,"nugarėlė neįskaitoma · už Office Design pakišta knyga, nugarėlės nesimato · PATIKSLINTI",,,K02422,Lentynoje,,,,,,,,,2026-09-16 13:13:00,g@cool.lt,Fabula,1.0
2413.0,,(neįskaityta nugarėlė),,EN,,,DESIGN,,,,,nugarėlė neįskaitoma · tamsiai pilka audeklinė nugarėlė be teksto · PATIKSLINTI,,,K02423,Lentynoje,,,,,,,,,2026-09-16 13:13:00,g@cool.lt,Fabula,2.0
2414.0,,(neįskaityta nugarėlė),,EN,,,DESIGN,,,,,nugarėlė neįskaitoma · juoda lygi nugarėlė be teksto · PATIKSLINTI,,,K02424,Lentynoje,,,,,,,,,2026-09-16 13:13:00,g@cool.lt,Fabula,2.0
2415.0,,(neįskaityta nugarėlė),,EN,,,DESIGN,,,,,nugarėlė neįskaitoma · juoda lygi nugarėlė be teksto · PATIKSLINTI,,,K02425,Lentynoje,,,,,,,,,2026-09-16 13:13:00,g@cool.lt,Fabula,2.0
2416.0,,(neįskaityta nugarėlė),,EN,,,ADVERTISING,,,,,"nugarėlė neįskaitoma · juoda nugarėlė be teksto, greičiausiai dar vienas Epica tomas · PATIKSLINTI",,,K02426,Lentynoje,,,,,,,,,2026-09-16 13:13:00,g@cool.lt,Fabula,3.0
2417.0,,(neįskaityta nugarėlė),,EN,,,ADVERTISING / PR,,,,,nugarėlė neįskaitoma · siaura kreminė nugarėlė be teksto · PATIKSLINTI,,,K02427,Lentynoje,,,,,,,,,2026-09-16 13:13:00,g@cool.lt,Fabula,4.0
2418.0,,(neįskaityta nugarėlė),,EN,,,PACKAGING,,,,,"nugarėlė neįskaitoma · plona oranžinė nugarėlė, Die Gestalten Verlag · PATIKSLINTI",,,K02428,Lentynoje,,,,,,,,,2026-09-16 13:13:00,g@cool.lt,Fabula,5.0
2419.0,,(neįskaityta nugarėlė),,EN,,,PACKAGING,,,,,"nugarėlė neįskaitoma · plona geltona nugarėlė, Die Gestalten Verlag · PATIKSLINTI",,,K02429,Lentynoje,,,,,,,,,2026-09-16 13:13:00,g@cool.lt,Fabula,5.0
2420.0,,(neįskaityta nugarėlė),,EN,,,LEADERSHIP AND MANAGEMENT LT,,,,,"nugarėlė neįskaitoma · siaura tamsiai mėlyna nugarėlė, tekstas neįskaitomas · PATIKSLINTI",,,K02430,Lentynoje,,,,,,,,,2026-09-16 13:13:00,g@cool.lt,Fabula,7.0
2421.0,,(neįskaityta nugarėlė),,EN,,,BUSINESS AND FINANCE / WEB,,,,,nugarėlė neįskaitoma · tamsiai mėlyna reljefinė nugarėlė be teksto · PATIKSLINTI,,,K02431,Lentynoje,,,,,,,,,2026-09-16 13:13:00,g@cool.lt,Fabula,8.0
2422.0,,(neįskaityta nugarėlė),,EN,,,LEADERSHIP AND IDEAS,,,,,"nugarėlė neįskaitoma · tamsi knyga antroje eilėje, nugarėlė uždengta · PATIKSLINTI",,,K02432,Lentynoje,,,,,,,,,2026-09-16 13:13:00,g@cool.lt,Fabula,9.0
2423.0,,(neįskaityta nugarėlė),,EN,,,LEADERSHIP AND IDEAS,,,,,"nugarėlė neįskaitoma · balta knyga antroje eilėje, nugarėlė uždengta · PATIKSLINTI",,,K02433,Lentynoje,,,,,,,,,2026-09-16 13:13:00,g@cool.lt,Fabula,9.0
2424.0,,(neįskaityta nugarėlė),,EN,,,MARKETING,,,,,"nugarėlė neįskaitoma · tamsi knyga, matyti tik RINKO... IŠ... · PATIKSLINTI",,,K02434,Lentynoje,,,,,,,,,2026-09-16 13:13:00,g@cool.lt,Fabula,10.0
2425.0,,(neįskaityta nugarėlė),,EN,,,MARKETING,,,,,"nugarėlė neįskaitoma · oranžinė knyga, ant nugarėlės tik hillandknowlton.com · PATIKSLINTI",,,K02435,Lentynoje,,,,,,,,,2026-09-16 13:13:00,g@cool.lt,Fabula,10.0
2426.0,,(neįskaityta nugarėlė),,EN,,,MARKETING,,,,,"nugarėlė neįskaitoma · raudona knyga antroje eilėje, matyti ...IMMUTABLE ...BRANDING · PATIKSLINTI",,,K02436,Lentynoje,,,,,,,,,2026-09-16 13:13:00,g@cool.lt,Fabula,10.0
2427.0,,(neįskaityta nugarėlė),,EN,,,MARKETING,,,,,"nugarėlė neįskaitoma · šviesi knyga krūvoje, nugarėlės nesimato · PATIKSLINTI",,,K02437,Lentynoje,,,,,,,,,2026-09-16 13:13:00,g@cool.lt,Fabula,10.0
2428.0,,(neįskaityta nugarėlė),,EN,,,LITHUANIA,,,,,"nugarėlė neįskaitoma · tamsiai žalia nugarėlė, užstota · PATIKSLINTI",,,K02438,Lentynoje,,,,,,,,,2026-09-16 13:13:00,g@cool.lt,Fabula,13.0
2429.0,,(neįskaityta nugarėlė),,EN,,,LITHUANIA,,,,,"nugarėlė neįskaitoma · LNM žemėlapio leidinys, pavadinimo ant nugarėlės nėra · PATIKSLINTI",,,K02439,Lentynoje,,,,,,,,,2026-09-16 13:13:00,g@cool.lt,Fabula,14.0
2430.0,,(neįskaityta nugarėlė),,EN,,,LITHUANIA,,,,,nugarėlė neįskaitoma · mėlyna fotoalbumo nugarėlė be teksto · PATIKSLINTI,,,K02440,Lentynoje,,,,,,,,,2026-09-16 13:13:00,g@cool.lt,Fabula,14.0
2431.0,,(neįskaityta nugarėlė),,EN,,,LITHUANIA,,,,,nugarėlė neįskaitoma · ryškiai raudona nugarėlė be teksto · PATIKSLINTI,,,K02441,Lentynoje,,,,,,,,,2026-09-16 13:13:00,g@cool.lt,Fabula,14.0
2432.0,,(neįskaityta nugarėlė),,EN,,,LITHUANIA,,,,,nugarėlė neįskaitoma · 3 plonos brošiūros be matomo teksto · PATIKSLINTI,,,K02442,Lentynoje,,,,,,,,,2026-09-16 13:13:00,g@cool.lt,Fabula,14.0
2433.0,,(neįskaityta nugarėlė),,EN,,,FICTION,,,,,"nugarėlė neįskaitoma · plona balta knyga, nugarėlėje teksto nėra · PATIKSLINTI",,,K02443,Lentynoje,,,,,,,,,2026-09-16 13:13:00,g@cool.lt,Fabula,15.0
2434.0,,(neįskaityta nugarėlė),,EN,,,FICTION,,,,,"nugarėlė neįskaitoma · balta knyga su piešiniais, teksto nėra · PATIKSLINTI",,,K02444,Lentynoje,,,,,,,,,2026-09-16 13:13:00,g@cool.lt,Fabula,15.0
2435.0,,(neįskaityta nugarėlė),,EN,,,FICTION,,,,,nugarėlė neįskaitoma · tamsiai raudona nugarėlė be teksto · PATIKSLINTI,,,K02445,Lentynoje,,,,,,,,,2026-09-16 13:13:00,g@cool.lt,Fabula,15.0
2436.0,,(neįskaityta nugarėlė),,EN,,,FICTION,,,,,nugarėlė neįskaitoma · knyga atsukta priekiniu kraštu · PATIKSLINTI,,,K02446,Lentynoje,,,,,,,,,2026-09-16 13:13:00,g@cool.lt,Fabula,15.0
2437.0,,(neįskaityta nugarėlė),,EN,,,FICTION,,,,,nugarėlė neįskaitoma · geltona apiplyšusi knyga be teksto · PATIKSLINTI,,,K02447,Lentynoje,,,,,,,,,2026-09-16 13:13:00,g@cool.lt,Fabula,15.0
2438.0,,(neįskaityta nugarėlė),,EN,,,FICTION,,,,,"nugarėlė neįskaitoma · rusvai raudona knyga be teksto, guli plokščiai · PATIKSLINTI",,,K02448,Lentynoje,,,,,,,,,2026-09-16 13:13:00,g@cool.lt,Fabula,15.0
2439.0,,(neįskaityta nugarėlė),,EN,,,,,,,,"nugarėlė neįskaitoma · mėlyna knyga, Versus Aureus, pavadinimas neįskaitomas · PATIKSLINTI",,,K02449,Lentynoje,,,,,,,,,2026-09-16 13:13:00,g@cool.lt,Fabula,17.0
2440.0,,(neįskaityta nugarėlė),,EN,,,,,,,,"nugarėlė neįskaitoma · smėlio spalvos minkštviršis, matomas tik nugarinis viršelis · PATIKSLINTI",,,K02450,Lentynoje,,,,,,,,,2026-09-16 13:13:00,g@cool.lt,Fabula,17.0
2441.0,,(neįskaityta nugarėlė),,EN,,,LITHUANIA,,,,,nugarėlė neįskaitoma · chaki drobinė knyga be teksto · PATIKSLINTI,,,K02451,Lentynoje,,,,,,,,,2026-09-16 13:13:00,g@cool.lt,Fabula,18.0
2442.0,,(neįskaityta nugarėlė),,EN,,,LITHUANIA,,,,,"nugarėlė neįskaitoma · trispalvė knyga, pavadinimo nematyti · PATIKSLINTI",,,K02452,Lentynoje,,,,,,,,,2026-09-16 13:13:00,g@cool.lt,Fabula,18.0
2443.0,,(neįskaityta nugarėlė),,EN,,,WORLDS HISTORY / LT NATURE,,,,,nugarėlė neįskaitoma · šviesiai žalia knyga be įskaitomo pavadinimo · PATIKSLINTI,,,K02453,Lentynoje,,,,,,,,,2026-09-16 13:13:00,g@cool.lt,Fabula,19.0
2444.0,,(neįskaityta nugarėlė),,EN,,,WORLDS HISTORY / LT NATURE,,,,,nugarėlė neįskaitoma · fotoalbumas be teksto ant nugarėlės · PATIKSLINTI,,,K02454,Lentynoje,,,,,,,,,2026-09-16 13:13:00,g@cool.lt,Fabula,19.0
2445.0,,(neįskaityta nugarėlė),,EN,,,WORLDS HISTORY / LT NATURE,,,,,"nugarėlė neįskaitoma · šviesiai žalia, Sveikatos..., guli plokščiai · PATIKSLINTI",,,K02455,Lentynoje,,,,,,,,,2026-09-16 13:13:00,g@cool.lt,Fabula,19.0
2446.0,,(neįskaityta nugarėlė),,EN,,,HEALTH AND SPORTS / FOOD AND DRINKS,,,,,"nugarėlė neįskaitoma · siaura juoda knyga, tekstas neįskaitomas · PATIKSLINTI",,,K02456,Lentynoje,,,,,,,,,2026-09-16 13:13:00,g@cool.lt,Fabula,20.0
2447.0,,(neįskaityta nugarėlė),,EN,,,HEALTH AND SPORTS / FOOD AND DRINKS,,,,,nugarėlė neįskaitoma · stora žalsva knyga be teksto · PATIKSLINTI,,,K02457,Lentynoje,,,,,,,,,2026-09-16 13:13:00,g@cool.lt,Fabula,20.0
2448.0,,(neįskaityta nugarėlė),,EN,,,HEALTH AND SPORTS / FOOD AND DRINKS,,,,,"nugarėlė neįskaitoma · juoda knyga, MAN... neįskaitoma · PATIKSLINTI",,,K02458,Lentynoje,,,,,,,,,2026-09-16 13:13:00,g@cool.lt,Fabula,20.0
2449.0,,(neįskaityta nugarėlė),,EN,,,,,,,,nugarėlė neįskaitoma · marmurinio rašto leidinys · PATIKSLINTI,,,K02459,Lentynoje,,,,,,,,,2026-09-16 13:13:00,g@cool.lt,Fabula,21.0
2450.0,,(neįskaityta nugarėlė),,EN,,,,,,,,"nugarėlė neįskaitoma · geltonas katalogas, pavadinimas neįskaitomas · PATIKSLINTI",,,K02460,Lentynoje,,,,,,,,,2026-09-16 13:13:00,g@cool.lt,Fabula,21.0
2451.0,,(neįskaityta nugarėlė),,EN,,,PHOTO ALBUMS,,,,,nugarėlė neįskaitoma · storas albumas atsuktas lapų pjūviu · PATIKSLINTI,,,K02461,Lentynoje,,,,,,,,,2026-09-16 13:13:00,g@cool.lt,Fabula,22.0
2452.0,,(neįskaityta nugarėlė),,EN,,,DICTIONARIES,,,,,nugarėlė neįskaitoma · vyšninė nugarėlė kadro krašte · PATIKSLINTI,,,K02462,Lentynoje,,,,,,,,,2026-09-16 13:13:00,g@cool.lt,Fabula,23.0
2453.0,,(neįskaityta nugarėlė),,EN,,,DICTIONARIES,,,,,"nugarėlė neįskaitoma · 5-6 plonų knygelių krūvelė, guli plokščiai · PATIKSLINTI",,,K02463,Lentynoje,,,,,,,,,2026-09-16 13:13:00,g@cool.lt,Fabula,23.0
2454.0,,(neįskaityta nugarėlė),,EN,,,,,,,,"nugarėlė neįskaitoma · balta knyga BRONZ..., pavadinimas nukirstas · PATIKSLINTI",,,K02464,Lentynoje,,,,,,,,,2026-09-16 13:13:00,g@cool.lt,Fabula,25.0
2458.0,Agatha Christie,Listerdeilo paslaptis,The Listerdale Mystery,Lietuvių,Sirokas,2012.0,Detektyvas,,,9786098057065.0,"Spinta I, 1 lentyna",Nr. 28,B14. Auksinio amžiaus detektyvas,Agatha Christie kolekcija,K02468,Lentynoje,,,,,,,,,2026-09-17 15:21:00,g@cool.lt,Paupio 2 aukštas,1.0
2460.0,Agatha Christie,Permaininga sėkmė,,LT,Sirokas,2008.0,,,,9789955740186.0,,,,,K02470,Lentynoje,,,,,,,,,2026-09-16 17:00:00,g@cool.lt,Paupio 2 aukštas,1.0
2462.0,Agatha Christie,The A.B.C. Murders,,EN,HarperCollins,1936.0,Detektyvas,Hercule Poirot,,,"Spinta I, 1 lentyna",pirmojo leidimo metai pagal OpenLibrary; konkretus turimo egzemplioriaus leidimas nenustatytas (142 leidimai),B14. Auksinio amžiaus detektyvas,Agatha Christie kolekcija,K02472,Lentynoje,,,,,,,,,2026-09-17 15:21:00,g@cool.lt,Paupio 2 aukštas,1.0
2466.0,Agatha Christie,Paskui ateina mirtis,,,Vaga,1995.0,,,,5415003444.0,,keli skelbimai; pasirinktas vienintelis su pilnais duomenimis,,,K02476,Lentynoje,,,,,,,,,2026-09-16 17:00:00,g@cool.lt,Paupio 2 aukštas,2.0
2467.0,Agatha Christie,Putojantis cianidas,,,Sirokas,2006.0,,,,9789955987079.0,,,,,K02477,Lentynoje,,,,,,,,,2026-09-16 17:00:00,g@cool.lt,Paupio 2 aukštas,2.0
2472.0,Agatha Christie,Žmogžudystė kotedže,,LT,,,,,,,,(2 egz.) · Ta pati knyga kaip ir įrašas 9; lietuviško leidimo tokiu pavadinimu rasti nepavyko,,,K02482,Lentynoje,,,,,,,,,2026-09-16 17:00:00,g@cool.lt,Paupio 2 aukštas,2.0
2479.0,Arthur Conan Doyle,Geriausios Šerloko Holmso ir daktaro Džono V. Vatsono istorijos. II tomas,,LT,Cced,2010.0,Detektyvas,Šerlokas Holmsas,,9786094031250.0,"Spinta I, 3 lentyna",,B14. Auksinio amžiaus detektyvas,Šerlokas Holmsas,K02489,Lentynoje,,,,,,,,,2026-09-17 15:21:00,g@cool.lt,Paupio 2 aukštas,3.0
2480.0,Arthur Conan Doyle,Geriausios Šerloko Holmso ir daktaro Džono V. Vatsono istorijos. I tomas,,LT,Cced,2010.0,,,,9786094031243.0,,"leidykla nurodyta pagal to paties leidimo II tomą (Cced, 2010)",,,K02490,Lentynoje,,,,,,,,,2026-09-16 17:00:00,g@cool.lt,Paupio 2 aukštas,3.0
2485.0,Douglas Adams,The Hitchhiker's Guide to the Galaxy. The Trilogy of Four,,EN,Pan,,Mokslinė fantastika,,,,"Spinta I, 7 lentyna (SF klasika)","Omnibusinis „The Trilogy of Four“ leidimas; OpenLibrary tikslaus atitikmens nerado, konkretus leidimas nenustatytas",B11. SF aukso amžius,★ pora: originalas + vertimas,K02495,Lentynoje,,,,,,,,,2026-09-17 15:21:00,g@cool.lt,Paupio 2 aukštas,5.0
2488.0,Žiulis Vernas,Kelionė į Žemės centrą,Voyage au centre de la Terre,LT,Alkos,1997.0,Nuotykių fantastika,,,9789955746485.0,"Spinta I, 7 lentyna (SF klasika)",keli lietuviški leidimai; pasirinktas sena.lt rastas leidimas,B11. SF aukso amžius,,K02498,Lentynoje,,,,,,,,,2026-09-17 15:21:00,g@cool.lt,Paupio 2 aukštas,5.0
2489.0,Žiulis Vernas,Dvidešimt tūkstančių mylių po vandeniu,Vingt mille lieues sous les mers,LT,Vaga,1981.0,Nuotykių fantastika,,,,"Spinta I, 7 lentyna (SF klasika)","keli lietuviški leidimai; pasirinktas sena.lt rastas leidimas, ISBN skelbime nenurodytas",B11. SF aukso amžius,,K02499,Lentynoje,,,,,,,,,2026-09-17 15:21:00,g@cool.lt,Paupio 2 aukštas,5.0
2490.0,Rėjus Bredberis,Pradžios pabaiga,,LT,,,,,,,,"rasti bent du lietuviški leidimai: Vaga 1982 ir Vyturys 1989 (ISBN 9785790003295) — kuris turimas, nenustatyta",,,K02500,Lentynoje,,,,,,,,,2026-09-16 17:00:00,g@cool.lt,Paupio 2 aukštas,6.0
2491.0,Arturas Klarkas,,,,,,,,,,,"juoda nugarėlė, matyti tik autoriaus vardas „ARTURAS KLARKAS"", pavadinimo nėra · PATIKSLINTI",,,K02501,Lentynoje,,,,,,,,,2026-09-16 17:00:00,g@cool.lt,Paupio 2 aukštas,6.0
2492.0,,(neįskaityta nugarėlė),,LT,,,,,,,,tamsiai ruda/juoda nugarėlė be jokio matomo teksto · PATIKSLINTI,,,K02502,Lentynoje,,,,,,,,,2026-09-16 17:00:00,g@cool.lt,Paupio 2 aukštas,6.0
2493.0,Isaac Asimov,The Martian Way and Other Stories,,EN,,1955.0,Mokslinė fantastika,,,,"Spinta I, 7 lentyna (SF klasika)",Fawcett Crest · pirmojo leidimo metai pagal OpenLibrary; konkretus turimo egzemplioriaus leidimas nenustatytas (28 leidimai),B11. SF aukso amžius,,K02503,Lentynoje,,,,,,,,,2026-09-17 15:21:00,g@cool.lt,Paupio 2 aukštas,6.0
2495.0,Igoris Rosochovatskis,Svečias,,LT,Vyturys,1988.0,,,,5790002587.0,,"patikslintas autoriaus vardas (ne Borisas, o Igoris Rosochovatskis)",,,K02505,Lentynoje,,,,,,,,,2026-09-16 17:00:00,g@cool.lt,Paupio 2 aukštas,6.0
2496.0,R. Bredberis,451° Farenheito,,,,,,,,,,"rasti bent du lietuviški leidimai: Vaga 1961 ir Jotema 2017 (ISBN 9789955137085) — kuris turimas, nenustatyta",,,K02506,Lentynoje,,,,,,,,,2026-09-16 17:00:00,g@cool.lt,Paupio 2 aukštas,6.0
2497.0,Sergejus Pavlovas,Mėnulio vaivorykštė,Лунная радуга,LT,Vyturys,1986.0,Mokslinė fantastika,,,,"Spinta I, 7 lentyna (SF klasika)",ISBN skelbime nenurodytas,B11. SF aukso amžius,,K02507,Lentynoje,,,,,,,,,2026-09-17 15:21:00,g@cool.lt,Paupio 2 aukštas,6.0
2499.0,Heineris Rankas,,,,,,,,,,,"kreminė audeklo nugarėlė, autorius įskaitomas kaip „Heineris Rankas"", pavadinimas nublukęs · PATIKSLINTI",,,K02509,Lentynoje,,,,,,,,,2026-09-16 17:00:00,g@cool.lt,Paupio 2 aukštas,7.0
2500.0,,Nuotykiniai užsienio rašytojų kūriniai,,LT,,,,,,,,"tamsiai mėlyna audeklo nugarėlė, serijos tomas · Ta pati serija kaip ir įrašas 33; konkretus tomas nenustatytas",,,K02510,Lentynoje,,,,,,,,,2026-09-16 17:00:00,g@cool.lt,Paupio 2 aukštas,7.0
2501.0,Simenon,,,,,,,,,,,"ant nugarėlės tik „SIMENON"" ir „TOMAS I"" · PATIKSLINTI",,,K02511,Lentynoje,,,,,,,,,2026-09-16 17:00:00,g@cool.lt,Paupio 2 aukštas,7.0
2502.0,А. Дюма,Записки полицейского,,RU,,,,,,,,"senas rusiškas leidimas, pavadinimas sunkiai įskaitomas · PATIKSLINTI",,,K02512,Lentynoje,,,,,,,,,2026-09-16 17:00:00,g@cool.lt,Paupio 2 aukštas,7.0
2503.0,Edgar Allan Poe,Six Tales of Fear,,EN,,,,,,,,A Ladder Edition · OpenLibrary tikslaus „Six Tales of Fear“ leidimo nerado; konkretus leidimas nenustatytas,,,K02513,Lentynoje,,,,,,,,,2026-09-16 17:00:00,g@cool.lt,Paupio 2 aukštas,7.0
2504.0,A. ir G. Vaineriai,"Aš, tardytojas... Miestą priėmiau...",,LT,,,,,,,,autorių inicialai neaiškūs · PATIKSLINTI,,,K02514,Lentynoje,,,,,,,,,2026-09-16 17:00:00,g@cool.lt,Paupio 2 aukštas,7.0
2505.0,,(neįskaityta nugarėlė),,LT,,,,,,,,"labai plona kreminė knygelė, nugarėlė be teksto · PATIKSLINTI",,,K02515,Lentynoje,,,,,,,,,2026-09-16 17:00:00,g@cool.lt,Paupio 2 aukštas,7.0
2506.0,,Nuotykiniai užsienio rašytojų kūriniai,,LT,,,,,,,,"pilkai melsva nugarėlė, kitas serijos tomas · Ta pati serija kaip ir įrašas 33; konkretus tomas nenustatytas",,,K02516,Lentynoje,,,,,,,,,2026-09-16 17:00:00,g@cool.lt,Paupio 2 aukštas,7.0
2507.0,Julian Barnes,The Noise of Time,,EN,,2016.0,,,,,,Vintage · pirmojo leidimo metai pagal OpenLibrary; konkretus turimo egzemplioriaus leidimas nenustatytas (Jonathan Cape / Knopf / Vintage),,,K02517,Lentynoje,,,,,,,,,2026-09-16 17:00:00,g@cool.lt,Paupio 2 aukštas,7.0
2509.0,Georges Simenon,Act of Passion,,EN,,,,,,,,"Penguin · angliškas „Lettre à mon juge“ vertimas; OpenLibrary rodo 23 leidimus, konkretus nenustatytas",,,K02519,Lentynoje,,,,,,,,,2026-09-16 17:00:00,g@cool.lt,Paupio 2 aukštas,7.0
2510.0,Vaidotas Januškis,Tikėtina,,LT,Didakta,2018.0,,,,,,Didakta · ISBN skelbime nenurodytas,,,K02520,Lentynoje,,,,,,,,,2026-09-16 17:00:00,g@cool.lt,Paupio 2 aukštas,8.0
2511.0,Vaidotas Januškis,Neįtikėtina,,LT,,,Publicistika,,,9786094420719.0,"Spinta I, 12 lentyna (Castaneda, Simenon)","Didakta · sena.lt nurodo leidyklą „K. šviesa“ ir 2008 m., tačiau ISBN 978-609 prefiksas rodo vėlesnį leidimą — metai nerašomi",F33. Geopolitika ir publicistika,,K02521,Lentynoje,,,,,,,,,2026-09-17 15:21:00,g@cool.lt,Paupio 2 aukštas,8.0
2512.0,Vaidotas Januškis,Neįtikėtina,,LT,,,,,,9786094420719.0,,"Šviesa · tas pats leidinys kaip ir įrašas 57; metai prieštaringi, todėl nerašomi",,,K02522,Lentynoje,,,,,,,,,2026-09-16 17:00:00,g@cool.lt,Paupio 2 aukštas,8.0
2513.0,Amy Wallace,Aprendiza de bruja,,,La Liebre de Marzo,2011.0,,,,,,ispanų k. · ispaniškas leidimas; ISBN OpenLibrary nepateikia,,,K02523,Lentynoje,,,,,,,,,2026-09-16 17:00:00,g@cool.lt,Paupio 2 aukštas,8.0
2515.0,Рудольф Штайнер,Основные черты социального вопроса в жизненных необходимостях настоящего и будущего,,RU,Ной,1992.0,,,,5807902645.0,,duomenys iš bukinistinio skelbimo; kitų leidimų nerasta,,,K02525,Lentynoje,,,,,,,,,2026-09-16 17:00:00,g@cool.lt,Paupio 2 aukštas,8.0
2516.0,,(neįskaityta nugarėlė),,LT,,,,,,,,"stipriai apiręs senas įrišimas, nugarėlė suplyšusi, teksto nematyti · PATIKSLINTI",,,K02526,Lentynoje,,,,,,,,,2026-09-16 17:00:00,g@cool.lt,Paupio 2 aukštas,8.0
2517.0,Рудольф Штайнер,Очерк тайноведения,,RU,,,,,,,,"„Очерк тайноведения“ turi daug rusiškų leidimų (pvz., Ключи, Sankt Peterburgas, 2018) — konkretus nenustatytas",,,K02527,Lentynoje,,,,,,,,,2026-09-16 17:00:00,g@cool.lt,Paupio 2 aukštas,8.0
2518.0,А. Ч. Бхактиведанта Свами Прабхупада,Вне времени и пространства,,RU,,,,,,,,pirmasis žodis iš dalies uždengtas kaimyninės knygos · PATIKSLINTI,,,K02528,Lentynoje,,,,,,,,,2026-09-16 17:00:00,g@cool.lt,Paupio 2 aukštas,8.0
2519.0,,(neįskaityta nugarėlė),,LT,,,,,,,,"plona brošiūra, purpurinė/rausva nugarėlė be teksto · PATIKSLINTI",,,K02529,Lentynoje,,,,,,,,,2026-09-16 17:00:00,g@cool.lt,Paupio 2 aukštas,8.0
2520.0,,(neįskaityta nugarėlė),,LT,,,,,,,,"plona brošiūra, kreminė nugarėlė be teksto · PATIKSLINTI",,,K02530,Lentynoje,,,,,,,,,2026-09-16 17:00:00,g@cool.lt,Paupio 2 aukštas,8.0
2521.0,,(neįskaityta nugarėlė),,LT,,,,,,,,"plona brošiūra, žalsvai melsva nugarėlė be teksto · PATIKSLINTI",,,K02531,Lentynoje,,,,,,,,,2026-09-16 17:00:00,g@cool.lt,Paupio 2 aukštas,8.0
2522.0,,(neįskaityta nugarėlė),,LT,,,,,,,,"plona brošiūra, balta nugarėlė be teksto · PATIKSLINTI",,,K02532,Lentynoje,,,,,,,,,2026-09-16 17:00:00,g@cool.lt,Paupio 2 aukštas,8.0
2523.0,,(neįskaityta nugarėlė),,LT,,,,,,,,"plona brošiūra, tamsiai raudona nugarėlė be teksto · PATIKSLINTI",,,K02533,Lentynoje,,,,,,,,,2026-09-16 17:00:00,g@cool.lt,Paupio 2 aukštas,8.0
2524.0,,(neįskaityta nugarėlė),,LT,,,,,,,,"plona brošiūra, rožinė nugarėlė be teksto · PATIKSLINTI",,,K02534,Lentynoje,,,,,,,,,2026-09-16 17:00:00,g@cool.lt,Paupio 2 aukštas,8.0
2525.0,,(neįskaityta nugarėlė),,LT,,,,,,,,"plona brošiūra, melsvai žalsva nugarėlė be teksto · PATIKSLINTI",,,K02535,Lentynoje,,,,,,,,,2026-09-16 17:00:00,g@cool.lt,Paupio 2 aukštas,8.0
2526.0,Carlos Castaneda,The Teachings of Don Juan: A Yaqui Way of Knowledge,,EN,,1968.0,,,,,,pirmojo leidimo metai pagal OpenLibrary; konkretus turimo egzemplioriaus leidimas nenustatytas (31 leidimas),,,K02536,Lentynoje,,,,,,,,,2026-09-16 17:00:00,g@cool.lt,Paupio 2 aukštas,9.0
2527.0,Карлос Кастанеда,2026-09-11 00:00:00,,RU,,,,,,,,"tomai 9-11 · Sudėtiniai К. Кастанеда „Сочинения“ tomai; tikėtina leidykla „София“, bet konkretus leidimas ir ISBN nenustatyti",,,K02537,Lentynoje,,,,,,,,,2026-09-16 17:00:00,g@cool.lt,Paupio 2 aukštas,9.0
2528.0,Карлос Кастанеда,2026-01-04 00:00:00,,RU,,,,,,,,"tomai 1-4 · Sudėtiniai К. Кастанеда „Сочинения“ tomai; tikėtina leidykla „София“, bet konkretus leidimas ir ISBN nenustatyti",,,K02538,Lentynoje,,,,,,,,,2026-09-16 17:00:00,g@cool.lt,Paupio 2 aukštas,9.0
2529.0,Карлос Кастанеда,Огонь изнутри,,RU,,,,,,,,"sena.lt rastas „София“ 1995 m. leidimas, kuriame VII t. „Огонь изнутри“ ir VIII t. „Сила безмолвия“ (ISBN 5868280067); ar turimas egzempliorius yra būtent šis, nepatvirtinta",,,K02539,Lentynoje,,,,,,,,,2026-09-16 17:00:00,g@cool.lt,Paupio 2 aukštas,9.0
2530.0,Карлос Кастанеда,Сила безмолвия,,RU,,,,,,,,"sena.lt rastas „София“ 1995 m. leidimas, kuriame VII t. „Огонь изнутри“ ir VIII t. „Сила безмолвия“ (ISBN 5868280067); ar turimas egzempliorius yra būtent šis, nepatvirtinta",,,K02540,Lentynoje,,,,,,,,,2026-09-16 17:00:00,g@cool.lt,Paupio 2 aukštas,9.0
2531.0,Карлос Кастанеда,,,RU,,,,,,,,"juoda nugarėlė tik su autoriaus vardu, tomo numerio nematyti · PATIKSLINTI",,,K02541,Lentynoje,,,,,,,,,2026-09-16 17:00:00,g@cool.lt,Paupio 2 aukštas,9.0
2532.0,Карлос Кастанеда,2026-05-06 00:00:00,,RU,,,,,,,,"tomai 5-6 · Sudėtinis К. Кастанеда „Сочинения“ tomas; tikėtina leidykla „София“, bet konkretus leidimas ir ISBN nenustatyti",,,K02542,Lentynoje,,,,,,,,,2026-09-16 17:00:00,g@cool.lt,Paupio 2 aukštas,9.0
2533.0,Hansas Kristianas Andersenas,Gražiausios Anderseno pasakos (II dalis),,LT,Vaiga,1998.0,Pasakos,,,,"Spinta G, 10 lentyna",autorius ant nugarėlės nenurodytas · ISBN skelbime nenurodytas,C16. Vaikų literatūra ir pasakos,Pasaulio vaikų klasika,K02543,Lentynoje,,,,,,,,,2026-09-17 15:21:00,g@cool.lt,Paupio 2 aukštas,10.0
2537.0,Rudolfas Erichas Raspė,Miunhauzeno nuotykiai,,LT,Vaga,1967.0,Pasakos / nuotykiai,,,,"Spinta G, 10 lentyna",keli lietuviški leidimai; pasirinktas sena.lt rastas 1967 m. Vagos leidimas,C16. Vaikų literatūra ir pasakos,Vaikų knygos ir lavinimas,K02547,Lentynoje,,,,,,,,,2026-09-17 15:21:00,g@cool.lt,Paupio 2 aukštas,10.0
2538.0,Džekas Londonas,Smokas Belju,Smoke Bellew,LT,Vaga,1985.0,Nuotykiai,,,,"Spinta I, 4 lentyna",patikslintas pavadinimas („Smokas Belju“); ISBN skelbime nenurodytas,A3. Klasikos kanonas (pagal šalis),Amerikos klasika,K02548,Lentynoje,,,,,,,,,2026-09-17 15:21:00,g@cool.lt,Paupio 2 aukštas,10.0
2542.0,Philip Pullman,Jo tamsiosios jėgos: Auksinis kompasas,Northern Lights / The Golden Compass,LT,Obuolys,2007.0,Fantastika (YA),Jo tamsiosios jėgos,,9789955700401.0,"Spinta I, 4 lentyna",Pasaulinių bestselerių trilogija,B13. YA fantastika,Kitos YA serijos,K02552,Lentynoje,,,,,,,,,2026-09-17 15:21:00,g@cool.lt,Paupio 2 aukštas,10.0
2550.0,George R. R. Martin,Wild Cards,,Anglų,,1986.0,Fantastika / antologija,Wild Cards,,,"Spinta I, 5 lentyna","ant nugarėlės „edited by George R.R. Martin"" · pirmojo leidimo metai pagal OpenLibrary; konkretus turimo egzemplioriaus leidimas nenustatytas (29 leidimai); kataloge nenurodytas tomas",B12. Šiuolaikinė SF ir fantasy,Epinė fantasy,K02560,Lentynoje,,,,,,,,,2026-09-17 15:21:00,g@cool.lt,Paupio 2 aukštas,11.0
2551.0,Jonathan Stroud,The Ring of Solomon,,EN,Corgi,2010.0,Fantastika (YA),Bartimaeus,,,"Spinta I, 5 lentyna",Corgi · pirmojo leidimo metai pagal OpenLibrary; konkretus turimo egzemplioriaus leidimas nenustatytas (12 leidimų),B13. YA fantastika,Kitos YA serijos,K02561,Lentynoje,,,,,,,,,2026-09-17 15:21:00,g@cool.lt,Paupio 2 aukštas,11.0
2554.0,Paulo Coelho,O Alquimista / The Alchemist,,EN,,,,,,,,"HarperFiction, International Edition · originalas portugalų k. 1988 m., angliškas vertimas 1993 m.; OpenLibrary rodo 141 leidimą — konkretus nenustatytas",,,K02564,Lentynoje,,,,,,,,,2026-09-16 17:00:00,g@cool.lt,Paupio 2 aukštas,11.0
2556.0,Stephen Hawking ir Leonard Mlodinow,Didysis projektas,The Grand Design,Lietuvių,Jotema,2011.0,Mokslo populiarinimas,,,9789955132844.0,"Spinta I, 8 lentyna (Hawking, mokslas)",,"F34. Kosmosas, fizika, matematika",,K02566,Lentynoje,,,,,,,,,2026-09-17 15:21:00,g@cool.lt,Paupio 2 aukštas,12.0
2560.0,Stephen Hawking,Trumpa laiko istorija,,,Kitos knygos,2019.0,,,,9786094273568.0,,(2 egz.) · dvi katalogo eilutės (105 ir 106) gali būti skirtingi leidimai; rastas tik Kitos knygos 2019 m. leidimas,,,K02570,Lentynoje,,,,,,,,,2026-09-16 17:00:00,g@cool.lt,Paupio 2 aukštas,12.0
2564.0,Peter Kelder,Jaunystės šaltinis: 5 Tibeto pratimai,,LT,Obuolys,2010.0,,,,9786094031847.0,,,,,K02574,Lentynoje,,,,,,,,,2026-09-16 17:00:00,g@cool.lt,Paupio 2 aukštas,13.0
2576.0,Maria-E. Lange-Ernst,Efektyvus depresijų ir baimės ligų gydymas,,LT,,,,,,,,"Lietuviško leidimo duomenų rasti nepavyko (sena.lt, google)",,,K02586,Lentynoje,,,,,,,,,2026-09-16 17:00:00,g@cool.lt,Paupio 2 aukštas,14.0
2577.0,Carl Gustav Jung,,,,,,,,,,,"balta nugarėlė tik su autoriaus vardu, pavadinimo nėra · PATIKSLINTI",,,K02587,Lentynoje,,,,,,,,,2026-09-16 17:00:00,g@cool.lt,Paupio 2 aukštas,14.0
2578.0,James Clear,Atominiai įpročiai: lengvas ir patikrintas būdas išsiugdyti gerus įpročius ir nugalėti blogus,,LT,Liūtai ne avys,2019.0,,,,9786098254037.0,,,,,K02588,Lentynoje,,,,,,,,,2026-09-16 17:00:00,g@cool.lt,Paupio 2 aukštas,14.0
2581.0,,(neįskaityta nugarėlė),,LT,,,,,,,,"raudona knyga, įstumta giliau, nugarėlė paslėpta už kaimyninių · PATIKSLINTI",,,K02591,Lentynoje,,,,,,,,,2026-09-16 17:00:00,g@cool.lt,Paupio 2 aukštas,14.0
2583.0,Jonah Lehrer,Proust Was a Neuroscientist,,EN,Houghton Mifflin,2007.0,,,,,,Mariner · pirmojo leidimo metai pagal OpenLibrary; konkretus turimo egzemplioriaus leidimas nenustatytas (8 leidimai),,,K02593,Lentynoje,,,,,,,,,2026-09-16 17:00:00,g@cool.lt,Paupio 2 aukštas,14.0
2584.0,Johan Huizinga,Homo Ludens: A Study of the Play-Element in Culture,,EN,,,,,,,,"originalas 1938 m. (olandų k.), angliški leidimai nuo 1949 m. (Routledge), OpenLibrary rodo Beacon Press 1964 — konkretus nenustatytas",,,K02594,Lentynoje,,,,,,,,,2026-09-16 17:00:00,g@cool.lt,Paupio 2 aukštas,14.0
2585.0,Sarah Wilson,Įveiktas nerimas: pirmiausia pabaisą paverskime gražuole,,LT,Liūtai ne avys,2021.0,,,,9786099603360.0,,Liūtai,,,K02595,Lentynoje,,,,,,,,,2026-09-16 17:00:00,g@cool.lt,Paupio 2 aukštas,14.0
2586.0,Pearman & Albritton,"I'm Not Crazy, I'm Just Not You",,,,,,,,,,"trys leidimai: Davies-Black 1997, Nicholas Brealey 2010 ir 3-iasis 2020 — konkretus nenustatytas",,,K02596,Lentynoje,,,,,,,,,2026-09-16 17:00:00,g@cool.lt,Paupio 2 aukštas,14.0
2591.0,Jo Nesbo,The Son,Sønnen,EN,Vintage,2014.0,Trileris,,,,"Spinta I, 11 lentyna (Jo Nesbø, detektyvai)",Vintage · pirmojo leidimo metai pagal OpenLibrary; konkretus turimo egzemplioriaus leidimas nenustatytas (Knopf / Harvill Secker),B15. Modernūs trileriai ir kriminalai,Šiaurietiškas noir,K02601,Lentynoje,,,,,,,,,2026-09-17 15:21:00,g@cool.lt,Paupio 2 aukštas,15.0
2593.0,Simon Beckett,Įrašyta kauluose,,LT,Tyto alba,2012.0,,,,9789986168850.0,,Tyto alba,,,K02603,Lentynoje,,,,,,,,,2026-09-16 17:00:00,g@cool.lt,Paupio 2 aukštas,15.0
2594.0,Deborah Lynn Darling,Elegancijos paslaptys,,,Alma littera,2003.0,,,,9789955083993.0,,Alma littera,,,K02604,Lentynoje,,,,,,,,,2026-09-16 17:00:00,g@cool.lt,Paupio 2 aukštas,16.0
2595.0,Vladimir Sorokin,Ledas,,,Kitos knygos,2007.0,,,,9789955086840.0,,,,,K02605,Lentynoje,,,,,,,,,2026-09-16 17:00:00,g@cool.lt,Paupio 2 aukštas,16.0
2596.0,Platonovas,,,,,,,,,,,"kreminė audeklo nugarėlė, įskaitoma tik pavardė „PLATONOVAS"", pavadinimas nublukęs · PATIKSLINTI",,,K02606,Lentynoje,,,,,,,,,2026-09-16 17:00:00,g@cool.lt,Paupio 2 aukštas,16.0
2597.0,Nikas Kazandzakis,Graikas Zorba,,,Vaga,1978.0,,,,,,"autorius ant nugarėlės nenurodytas (mėlynos raidės) · patikslintas autorius ir pavadinimas; skelbime nurodytas ISBN neatitinka 1978 m. leidimo, todėl nerašomas",,,K02607,Lentynoje,,,,,,,,,2026-09-16 17:00:00,g@cool.lt,Paupio 2 aukštas,16.0
2598.0,,(neįskaityta nugarėlė),,LT,,,,,,,,šviesi/gelsva apirusi nugarėlė be įskaitomo teksto · PATIKSLINTI,,,K02608,Lentynoje,,,,,,,,,2026-09-16 17:00:00,g@cool.lt,Paupio 2 aukštas,16.0
2599.0,A. Bušnovas,,,LT,,,,,,,,"nutrinta auksinė nugarėlė, raudonos raidės, autorius spėjamas, pavadinimas neįskaitomas · PATIKSLINTI",,,K02609,Lentynoje,,,,,,,,,2026-09-16 17:00:00,g@cool.lt,Paupio 2 aukštas,16.0
2600.0,G. A. Trauskas,Širdis ir šaukštas,,LT,,,,,,,,"plona nugarėlė, autoriaus pavardė ir pavadinimas blankūs · PATIKSLINTI",,,K02610,Lentynoje,,,,,,,,,2026-09-16 17:00:00,g@cool.lt,Paupio 2 aukštas,16.0
2601.0,Marijo Pjuzo,Sicilietis,,,Alna litera,1993.0,,,,,,ISBN skelbime nenurodytas,,,K02611,Lentynoje,,,,,,,,,2026-09-16 17:00:00,g@cool.lt,Paupio 2 aukštas,16.0
2602.0,Filomena Taunytė,Daktarės Filomenos Taunytės priimamasis,,LT,Tyto alba,2013.0,Sveikata,,,9789986169840.0,"Spinta I, 14 lentyna (įvairenybės)",Tyto alba,H43. Sveikata ir mityba,,K02612,Lentynoje,,,,,,,,,2026-09-17 15:21:00,g@cool.lt,Paupio 2 aukštas,16.0
2603.0,"M. F. Roizen, M. C. Oz",Tu savo kūno valdovas,,LT,,,Sveikata,,,,"Spinta I, 14 lentyna (įvairenybės)",Alma littera · Lietuviško leidimo duomenų patikimo šaltinio nerasta.,H43. Sveikata ir mityba,,K02613,Lentynoje,,,,,,,,,2026-09-17 15:21:00,g@cool.lt,Paupio 2 aukštas,16.0
2605.0,Agatha Christie,Kodėl nepaprašė Evans?,,LT,Sirokas,2008.0,,,,9789955740070.0,,Lietuviškas leidimas; keli leidimai – duomenys iš sena.lt skelbimo.,,,K02615,Lentynoje,,,,,,,,,2026-09-16 17:00:00,g@cool.lt,Paupio 2 aukštas,17.0
2606.0,Agatha Christie,Perskilęs veidrodis,,LT,Sirokas,2000.0,,,,9789986833154.0,,Lietuviškas leidimas; keli leidimai – duomenys iš sena.lt skelbimo.,,,K02616,Lentynoje,,,,,,,,,2026-09-16 17:00:00,g@cool.lt,Paupio 2 aukštas,17.0
2607.0,Agatha Christie,Kreivas nameliūkštis,,LT,Sirokas,2013.0,,,,9786098057126.0,,Lietuviškas leidimas; keli leidimai – duomenys iš sena.lt skelbimo. Kitas skelbimas tą patį ISBN sieja su 1998 m. – metai imti iš Sirokas leidimo įrašo.,,,K02617,Lentynoje,,,,,,,,,2026-09-16 17:00:00,g@cool.lt,Paupio 2 aukštas,17.0
2608.0,Agatha Christie,Dilema Polensos kurorte,,,,,,,,,,"Lietuviško leidimo įrašo nerasta (tikėtina Sirokas serija, nepatvirtinta).",,,K02618,Lentynoje,,,,,,,,,2026-09-16 17:00:00,g@cool.lt,Paupio 2 aukštas,17.0
2609.0,Agatha Christie,4.50 iš Padingtono,,LT,,1994.0,,,,9986436400.0,,Skelbime leidykla nenurodyta; keli leidimai.,,,K02619,Lentynoje,,,,,,,,,2026-09-16 17:00:00,g@cool.lt,Paupio 2 aukštas,17.0
2610.0,Agatha Christie,Tai daroma su veidrodžiais,,LT,Sirokas,2005.0,,,,9789986833512.0,,Keli leidimai.,,,K02620,Lentynoje,,,,,,,,,2026-09-16 17:00:00,g@cool.lt,Paupio 2 aukštas,17.0
2611.0,Agatha Christie,Mįslingas nutikimas Stailze,,LT,Sirokas,2009.0,,,,9786099509006.0,,Lietuviškas leidimas; keli leidimai – duomenys iš sena.lt skelbimo.,,,K02621,Lentynoje,,,,,,,,,2026-09-16 17:00:00,g@cool.lt,Paupio 2 aukštas,17.0
2612.0,Agatha Christie,Nusikaltimo bendrininkai,,,,,,,,,,"Lietuviško leidimo įrašo nerasta (tikėtina Sirokas serija, nepatvirtinta).",,,K02622,Lentynoje,,,,,,,,,2026-09-16 17:00:00,g@cool.lt,Paupio 2 aukštas,17.0
2613.0,Agatha Christie,Trylika galvosūkių,,LT,Sirokas,2009.0,,,,9789955740247.0,,Lietuviškas leidimas; keli leidimai – duomenys iš sena.lt skelbimo.,,,K02623,Lentynoje,,,,,,,,,2026-09-16 17:00:00,g@cool.lt,Paupio 2 aukštas,17.0
2614.0,Agatha Christie,Paslaptingasis misteris Kvinas,,,,,,,,,,"Lietuviško leidimo įrašo nerasta (tikėtina Sirokas serija, nepatvirtinta).",,,K02624,Lentynoje,,,,,,,,,2026-09-16 17:00:00,g@cool.lt,Paupio 2 aukštas,17.0
2615.0,Agatha Christie,Herkulio žygdarbiai,,LT,Sirokas,2012.0,,,,9786098057089.0,,Lietuviškas leidimas; keli leidimai – duomenys iš sena.lt skelbimo.,,,K02625,Lentynoje,,,,,,,,,2026-09-16 17:00:00,g@cool.lt,Paupio 2 aukštas,17.0
2616.0,Agatha Christie,Nekaltojo kankinimas,,,Sirokas,2004.0,,,,9789955952886.0,,Lietuviškas leidimas; keli leidimai – duomenys iš sena.lt skelbimo.,,,K02626,Lentynoje,,,,,,,,,2026-09-16 17:00:00,g@cool.lt,Paupio 2 aukštas,17.0
2617.0,Agatha Christie,Postern of Fate,,EN,,1973.0,,,,,,"angliškas leidimas · Originalus angliškas leidimas (Collins Crime Club / Dodd Mead); daug leidimų, konkretus nenustatytas.",,,K02627,Lentynoje,,,,,,,,,2026-09-16 17:00:00,g@cool.lt,Paupio 2 aukštas,17.0
2618.0,Agatha Christie,Jie atvyko į Bagdadą,,LT,Sirokas,2008.0,,,,9789955740148.0,,Lietuviškas leidimas; keli leidimai – duomenys iš sena.lt skelbimo.,,,K02628,Lentynoje,,,,,,,,,2026-09-16 17:00:00,g@cool.lt,Paupio 2 aukštas,17.0
2619.0,Agatha Christie,N ar M?,,,Sirokas,1998.0,,,,,,ISBN nenurodytas; keli leidimai.,,,K02629,Lentynoje,,,,,,,,,2026-09-16 17:00:00,g@cool.lt,Paupio 2 aukštas,17.0
2620.0,Agatha Christie,Žmogžudystė golfo lauke,,LT,Sirokas,2008.0,,,,9789955740087.0,,Lietuviškas leidimas; keli leidimai – duomenys iš sena.lt skelbimo.,,,K02630,Lentynoje,,,,,,,,,2026-09-16 17:00:00,g@cool.lt,Paupio 2 aukštas,17.0
2621.0,Agatha Christie,Rodžerio Ekroido nužudymas,,LT,Sirokas,2009.0,,,,9786099509013.0,,Lietuviškas leidimas; keli leidimai – duomenys iš sena.lt skelbimo.,,,K02631,Lentynoje,,,,,,,,,2026-09-16 17:00:00,g@cool.lt,Paupio 2 aukštas,17.0
2622.0,Agatha Christie,(neįskaityta nugarėlė),,LT,,,,,,,,"tamsi nugarėlė, pavadinimas per blankus · PATIKSLINTI",,,K02632,Lentynoje,,,,,,,,,2026-09-16 17:00:00,g@cool.lt,Paupio 2 aukštas,17.0
2623.0,Agatha Christie,Rugiai kišenėje,,LT,Sirokas,2006.0,,,,9789955987031.0,,Lietuviškas leidimas; keli leidimai – duomenys iš sena.lt skelbimo. ISBN skelbime: 9955-9870-3-0.,,,K02633,Lentynoje,,,,,,,,,2026-09-16 17:00:00,g@cool.lt,Paupio 2 aukštas,17.0
2624.0,Agatha Christie,Cards on the Table,,EN,,1936.0,,,,,,"angliškas leidimas · Pirmojo angliško leidimo metai; daug leidimų, konkretus nenustatytas.",,,K02634,Lentynoje,,,,,,,,,2026-09-16 17:00:00,g@cool.lt,Paupio 2 aukštas,17.0
2625.0,Agatha Christie,Nesibaigianti naktis,,,Sirokas,2012.0,,,,9786098057119.0,,Lietuviškas leidimas; keli leidimai – duomenys iš sena.lt skelbimo.,,,K02635,Lentynoje,,,,,,,,,2026-09-16 17:00:00,g@cool.lt,Paupio 2 aukštas,17.0
2626.0,Agatha Christie,Susitikimas su mirtimi,,,Sirokas,2001.0,,,,9789986833208.0,,Lietuviškas leidimas; keli leidimai – duomenys iš sena.lt skelbimo.,,,K02636,Lentynoje,,,,,,,,,2026-09-16 17:00:00,g@cool.lt,Paupio 2 aukštas,17.0
2627.0,Agatha Christie,Death on the Nile,,EN,,1937.0,,,,,,"angliškas leidimas · Pirmojo angliško leidimo metai; daug leidimų, konkretus nenustatytas.",,,K02637,Lentynoje,,,,,,,,,2026-09-16 17:00:00,g@cool.lt,Paupio 2 aukštas,17.0
2628.0,Agatha Christie,Mieganti žmogžudystė,,LT,Sirokas,2004.0,,,,9789955952879.0,,Lietuviškas leidimas; keli leidimai – duomenys iš sena.lt skelbimo. ISBN skelbime: 9955952873 (ISBN-10).,,,K02638,Lentynoje,,,,,,,,,2026-09-16 17:00:00,g@cool.lt,Paupio 2 aukštas,17.0
2629.0,Agatha Christie,Keleivis į Frankfurtą,,LT,,1998.0,,,,,,Skelbime leidykla ir ISBN nenurodyti; keli leidimai.,,,K02639,Lentynoje,,,,,,,,,2026-09-16 17:00:00,g@cool.lt,Paupio 2 aukštas,17.0
2630.0,,(neįskaityta nugarėlė),,LT,,,,,,,,nuotrauka toje vietoje suliejusi · PATIKSLINTI,,,K02640,Lentynoje,,,,,,,,,2026-09-16 17:00:00,g@cool.lt,Paupio 2 aukštas,17.0
2631.0,Agatha Christie,(neįskaityta nugarėlė),,LT,,,,,,,,"dešinysis kraštinis, pavadinimas neįskaitomas · PATIKSLINTI",,,K02641,Lentynoje,,,,,,,,,2026-09-16 17:00:00,g@cool.lt,Paupio 2 aukštas,17.0
2638.0,Siddhartha Mukherjee,The Gene,,EN,,2016.0,Mokslo populiarinimas,,,,"Spinta I, 30 lentyna (fizika, mokslas)","Pirmojo leidimo metai; daug leidimų, konkretus nenustatytas.",F35. Gyvybės mokslai ir evoliucija,★ pora: originalas + vertimas,K02648,Lentynoje,,,,,,,,,2026-09-17 15:21:00,g@cool.lt,Paupio 2 aukštas,18.0
2639.0,,(neįskaityta nugarėlė),,LT,,,,,,,,"japoniška/kiniška knyga, hieroglifai · PATIKSLINTI",,,K02649,Lentynoje,,,,,,,,,2026-09-16 17:00:00,g@cool.lt,Paupio 2 aukštas,18.0
2641.0,Hesse,(neįskaityta nugarėlė),,LT,,,,,,,,matomas tik autoriaus vardas ant siauros nugarėlės · PATIKSLINTI,,,K02651,Lentynoje,,,,,,,,,2026-09-16 17:00:00,g@cool.lt,Paupio 2 aukštas,18.0
2645.0,,(neįskaityta nugarėlė),,LT,,,,,,,,"juoda knyga atsukta galine viršelio puse („Progresas – tai apgaulė. Mes pasmerkti"") · PATIKSLINTI",,,K02655,Lentynoje,,,,,,,,,2026-09-16 17:00:00,g@cool.lt,Paupio 2 aukštas,18.0
2646.0,Artūras Pitkauskas,Štai kodėl mums nepasiekiamas Marsas: trumpa žmogiškų vilčių ir nusivylimų istorija,,LT,,2022.0,Mokslo populiarinimas,,,,"Spinta I, 30 lentyna (fizika, mokslas)",Leidykla ir ISBN šaltinyje nenurodyti.,F36. Mokslo ir idėjų istorija,,K02656,Lentynoje,,,,,,,,,2026-09-17 15:21:00,g@cool.lt,Paupio 2 aukštas,18.0
2647.0,,(neįskaityta nugarėlė),,LT,,,,,,,,"oranžinė knyga gale, matomas tik briaunos kraštas · PATIKSLINTI",,,K02657,Lentynoje,,,,,,,,,2026-09-16 17:00:00,g@cool.lt,Paupio 2 aukštas,18.0
2648.0,Vytautas Tarasonis,Fizika,,LT,Žiburys,,Vadovėlis (fizika),,,,"Spinta B, 6 lentyna (apatinė)","tomas I · V. Tarasonio „Fizika“ vadovėliai: II d. 11 kl. (Žiburys, 1999, ISBN 9986524113) ir III d. XII kl. (Žiburys, 1998, ISBN 9986525199). Kuris tomas – nenustatyta.","F34. Kosmosas, fizika, matematika",,K02658,Lentynoje,,,,,,,,,2026-09-17 15:21:00,g@cool.lt,Paupio 2 aukštas,18.0
2649.0,Vytautas Tarasonis,Fizika,,LT,Žiburys,,,,,,,"tomas III · V. Tarasonio „Fizika“ vadovėliai: II d. 11 kl. (Žiburys, 1999, ISBN 9986524113) ir III d. XII kl. (Žiburys, 1998, ISBN 9986525199). Kuris tomas – nenustatyta.",,,K02659,Lentynoje,,,,,,,,,2026-09-16 17:00:00,g@cool.lt,Paupio 2 aukštas,18.0
2650.0,Rovelli and Vidotto,Covariant Loop Quantum Gravity,,EN,Cambridge University Press,2014.0,Fizika,,,,"Spinta I, 30 lentyna (fizika, mokslas)",Cambridge,"F34. Kosmosas, fizika, matematika",,K02660,Lentynoje,,,,,,,,,2026-09-17 15:21:00,g@cool.lt,Paupio 2 aukštas,18.0
2651.0,Randall Munroe,Thing Explainer,,Anglų,Houghton Mifflin Harcourt,2015.0,Mokslo populiarinimas,,,,"Spinta I, 30 lentyna (fizika, mokslas)",Keli leidimai.,B9. Šiuolaikinė pasaulio proza,Nobelio laureatai,K02661,Lentynoje,,,,,,,,,2026-09-17 15:21:00,g@cool.lt,Paupio 2 aukštas,18.0
2652.0,,(neįskaityta nugarėlė),,LT,,,,,,,,didelio formato balta knyga/brošiūra kairiajame krašte · PATIKSLINTI,,,K02662,Lentynoje,,,,,,,,,2026-09-16 17:00:00,g@cool.lt,Paupio 2 aukštas,19.0
2653.0,Dr. John McDougall,The Healthiest Diet on the Planet,,EN,HarperOne,2016.0,Mityba / sveikata,,,9780062426765.0,"Spinta I, 31 lentyna (mityba, sveikata)",,H43. Sveikata ir mityba,,K02663,Lentynoje,,,,,,,,,2026-09-17 15:21:00,g@cool.lt,Paupio 2 aukštas,19.0
2654.0,"Garth Davis, M.D.",Proteinaholic,,Anglų,HarperCollins (HarperOne),2015.0,Mityba / sveikata,,,9780062279309.0,"Spinta I, 31 lentyna (mityba, sveikata)",,H43. Sveikata ir mityba,,K02664,Lentynoje,,,,,,,,,2026-09-17 15:21:00,g@cool.lt,Paupio 2 aukštas,19.0
2655.0,Dr. Neal Barnard,Dr. Neal Barnard's Program for Reversing Diabetes,,Anglų,Rodale,2006.0,Mityba / sveikata,,,,"Spinta I, 31 lentyna (mityba, sveikata)","Keli leidimai (2006, 2007).",H43. Sveikata ir mityba,,K02665,Lentynoje,,,,,,,,,2026-09-17 15:21:00,g@cool.lt,Paupio 2 aukštas,19.0
2656.0,"Caldwell B. Esselstyn, Jr., M.D.",Prevent and Reverse Heart Disease,,EN,Avery (Penguin),2007.0,Mityba / sveikata,,,,"Spinta I, 31 lentyna (mityba, sveikata)",Keli leidimai.,H43. Sveikata ir mityba,,K02666,Lentynoje,,,,,,,,,2026-09-17 15:21:00,g@cool.lt,Paupio 2 aukštas,19.0
2658.0,Dr Valter Longo,The Longevity Diet,,EN,Penguin,2018.0,Sveikata / ilgaamžiškumas,,,9780525534075.0,"Spinta I, 31 lentyna (mityba, sveikata)",Leidykla šaltinyje nenurodyta (Avery).,H43. Sveikata ir mityba,,K02668,Lentynoje,,,,,,,,,2026-09-17 15:21:00,g@cool.lt,Paupio 2 aukštas,19.0
2659.0,"Dean Ornish, M.D.",The Spectrum,,EN,Ballantine Books,2007.0,Mityba / sveikata,,,9780345496300.0,"Spinta I, 31 lentyna (mityba, sveikata)",,H43. Sveikata ir mityba,,K02669,Lentynoje,,,,,,,,,2026-09-17 15:21:00,g@cool.lt,Paupio 2 aukštas,19.0
2660.0,"T. Colin Campbell, PhD",The Future of Nutrition,,EN,BenBella Books,2020.0,Mityba / mokslas,,,,"Spinta I, 31 lentyna (mityba, sveikata)",Keli leidimai.,F36. Mokslo ir idėjų istorija,,K02670,Lentynoje,,,,,,,,,2026-09-17 15:21:00,g@cool.lt,Paupio 2 aukštas,19.0
2661.0,Michael Greger,How Not to Die,,EN,Flatiron Books,2015.0,Mityba / sveikata,,,,"Spinta I, 31 lentyna (mityba, sveikata)",Daug leidimų.,H43. Sveikata ir mityba,,K02671,Lentynoje,,,,,,,,,2026-09-17 15:21:00,g@cool.lt,Paupio 2 aukštas,19.0
2662.0,"Dr. Jean-Claude Lapraz, Marie-Laure de Clermont-Tonnerre",Individualizuota medicina endobiogenika,,Lietuvių,Tyto alba,2021.0,Medicina,,,9786094661693.0,"Spinta I, 31 lentyna (mityba, sveikata)",Lietuviškas leidimas.,H44. Alternatyvi ir Rytų medicina,,K02672,Lentynoje,,,,,,,,,2026-09-17 15:21:00,g@cool.lt,Paupio 2 aukštas,19.0
2663.0,Philipp Dettmer,"Imunitetas: paslaptinga sistema, sauganti jūsų gyvybę",,LT,,,,,,,,Lietuviško leidimo metai/leidykla nepatvirtinti; originalas „Immune“ (2021).,,,K02673,Lentynoje,,,,,,,,,2026-09-16 17:00:00,g@cool.lt,Paupio 2 aukštas,19.0
2664.0,"Brenda Davis, Vesanto Melina",Becoming Vegan,,Anglų,Book Publishing Company,,Mityba,,,,"Spinta I, 31 lentyna (mityba, sveikata)","Comprehensive Edition · Neaišku, kuris leidimas („Becoming Vegan“ 2000 ir „Becoming Vegan: Express Edition“ 2013); nepatvirtinta.",H43. Sveikata ir mityba,,K02674,Lentynoje,,,,,,,,,2026-09-17 15:21:00,g@cool.lt,Paupio 2 aukštas,19.0
2669.0,,(neįskaityta nugarėlė),,LT,,,,,,,,"sena apdriskusi knyga, tekstas kirilica, neįskaitomas · PATIKSLINTI",,,K02679,Lentynoje,,,,,,,,,2026-09-16 17:00:00,g@cool.lt,Paupio 2 aukštas,20.0
2671.0,Juozas Macevičius (sudarytojas),Tūkstantis li. Senovės kinų išmintis,,LT,Gamta,2005.0,,,,9955649259.0,,"juoda nugarėlė su kinų hieroglifais, autorius nenurodytas",,,K02681,Lentynoje,,,,,,,,,2026-09-16 17:00:00,g@cool.lt,Paupio 2 aukštas,20.0
2672.0,Omar Chajam,Rubajatai,Rubáiyát,Rusų,Meralas,2002.0,Poezija,,,9789955991502.0,"Spinta A, 4 lentyna",Keli lietuviški leidimai.,A4. Rusų lentyna (originalo k.),XIX a. klasika (Gogolis–Čechovas) ★ pora: originalas + vertimas,K02682,Lentynoje,,,,,,,,,2026-09-17 15:21:00,g@cool.lt,Paupio 2 aukštas,20.0
2675.0,,(neįskaityta nugarėlė),,LT,,,,,,,,plona juoda knyga be matomo teksto · PATIKSLINTI,,,K02685,Lentynoje,,,,,,,,,2026-09-16 17:00:00,g@cool.lt,Paupio 2 aukštas,21.0
2676.0,Михаил Булгаков,Собачье сердце,,RU,,,,,,,,"Rusiškas leidimas; daug leidimų, konkretus nenustatytas. Parašyta 1925, pirmas leidimas 1968.",,,K02686,Lentynoje,,,,,,,,,2026-09-16 17:00:00,g@cool.lt,Paupio 2 aukštas,21.0
2677.0,,(neįskaityta nugarėlė),,LT,,,,,,,,"kreminė knyga su piešiniu, nugarėlės tekstas nematomas · PATIKSLINTI",,,K02687,Lentynoje,,,,,,,,,2026-09-16 17:00:00,g@cool.lt,Paupio 2 aukštas,21.0
2678.0,Михаил Булгаков,Мастер и Маргарита,,RU,,,Romanas,,,,"Spinta I, 13 lentyna (rusų klasika)","Rusiškas leidimas; daug leidimų, konkretus nenustatytas. Pirmas leidimas 1966–1967.",A4. Rusų lentyna (originalo k.),XX a. klasika ★ pora: originalas + vertimas,K02688,Lentynoje,,,,,,,,,2026-09-17 15:21:00,g@cool.lt,Paupio 2 aukštas,21.0
2679.0,Виктор Пелевин,Омон Ра. Желтая стрела,,RU,Вагриус / АСТ,2004.0,Proza,,,5956000805.0,"Spinta I, 13 lentyna (rusų klasika)",Keli leidimai.,A4. Rusų lentyna (originalo k.),Posovietinė proza,K02689,Lentynoje,,,,,,,,,2026-09-17 15:21:00,g@cool.lt,Paupio 2 aukštas,21.0
2680.0,A. Solženicynas,Viena Ivano Denisovičiaus diena,,LT,,,,,,,,"autoriaus įrašas blankus · Keli lietuviški leidimai; sena.lt skelbime nurodyta „Mintis, 1963“, duomenys abejotini – nepatvirtinta.",,,K02690,Lentynoje,,,,,,,,,2026-09-16 17:00:00,g@cool.lt,Paupio 2 aukštas,21.0
2681.0,Josif Brodskij,(pavadinimas nematomas),,,,,,,,,,baltos lankos; matomas tik autorius · PATIKSLINTI,,,K02691,Lentynoje,,,,,,,,,2026-09-16 17:00:00,g@cool.lt,Paupio 2 aukštas,21.0
2682.0,Александр Генис,Том 3. Личное,,RU,,,,,,,,"Rusiškas leidimas; daug leidimų, konkretus nenustatytas.",,,K02692,Lentynoje,,,,,,,,,2026-09-16 17:00:00,g@cool.lt,Paupio 2 aukštas,21.0
2683.0,Лев Толстой,Анна Каренина,,RU,,,Romanas,,,,"Spinta I, 13 lentyna (rusų klasika)","Rusiškas leidimas; daug leidimų, konkretus nenustatytas.",A4. Rusų lentyna (originalo k.),XIX a. klasika (Gogolis–Čechovas),K02693,Lentynoje,,,,,,,,,2026-09-17 15:21:00,g@cool.lt,Paupio 2 aukštas,21.0
2684.0,Михаил Булгаков,(pavadinimas nematomas),,RU,,,,,,,,"raudona nugarėlė, tik autorius · PATIKSLINTI",,,K02694,Lentynoje,,,,,,,,,2026-09-16 17:00:00,g@cool.lt,Paupio 2 aukštas,21.0
2685.0,Н. В. Гоголь,Мертвые души,,RU,,,Romanas / poema,,,,"Spinta I, 13 lentyna (rusų klasika)","Rusiškas leidimas; daug leidimų, konkretus nenustatytas.",A4. Rusų lentyna (originalo k.),XIX a. klasika (Gogolis–Čechovas),K02695,Lentynoje,,,,,,,,,2026-09-17 15:21:00,g@cool.lt,Paupio 2 aukštas,21.0
2686.0,Н. В. Гоголь,(pavadinimas nematomas),,RU,,,,,,,,alyvinė nugarėlė · PATIKSLINTI,,,K02696,Lentynoje,,,,,,,,,2026-09-16 17:00:00,g@cool.lt,Paupio 2 aukštas,21.0
2687.0,Андрей Платонов,Ювенильное море,,RU,,,Proza,,,,"Spinta I, 13 lentyna (rusų klasika)","Rusiškas leidimas; daug leidimų, konkretus nenustatytas.",A4. Rusų lentyna (originalo k.),XX a. klasika,K02697,Lentynoje,,,,,,,,,2026-09-17 15:21:00,g@cool.lt,Paupio 2 aukštas,21.0
2688.0,Андрей Платонов,(pavadinimas nematomas),,RU,,,,,,,,"kreminė nugarėlė, tik autorius · PATIKSLINTI",,,K02698,Lentynoje,,,,,,,,,2026-09-16 17:00:00,g@cool.lt,Paupio 2 aukštas,21.0
2689.0,М. Блок,Апология истории,Apologie pour l'histoire,RU,,,Istoriografija,,,,"Spinta I, 13 lentyna (rusų klasika)","Rusiškas leidimas; daug leidimų, konkretus nenustatytas.",E31. Istorijos biblioteka,Istoriografijos teorija,K02699,Lentynoje,,,,,,,,,2026-09-17 15:21:00,g@cool.lt,Paupio 2 aukštas,21.0
2690.0,Андрей Платонов,(pavadinimas nematomas),,RU,,,,,,,,raudona; tomas III · PATIKSLINTI,,,K02700,Lentynoje,,,,,,,,,2026-09-16 17:00:00,g@cool.lt,Paupio 2 aukštas,21.0
2691.0,Андрей Платонов,(pavadinimas nematomas),,RU,,,,,,,,"šviesiai mėlyna nugarėlė, tik autorius · PATIKSLINTI",,,K02701,Lentynoje,,,,,,,,,2026-09-16 17:00:00,g@cool.lt,Paupio 2 aukštas,21.0
2692.0,В. Чалмаев,(pavadinimas nematomas),,RU,,,,,,,,raudona su juodu ornamentu · PATIKSLINTI,,,K02702,Lentynoje,,,,,,,,,2026-09-16 17:00:00,g@cool.lt,Paupio 2 aukštas,21.0
2693.0,Акунин-Чхартишвили,Собачья смерть,,RU,Захаров,2023.0,,,,9785815916975.0,,,,,K02703,Lentynoje,,,,,,,,,2026-09-16 17:00:00,g@cool.lt,Paupio 2 aukštas,21.0
2694.0,Виктор Пелевин,Священная книга оборотня,,RU,,,Romanas,,,,"Spinta I, 13 lentyna (rusų klasika)","Rusiškas leidimas; daug leidimų, konkretus nenustatytas.",A4. Rusų lentyna (originalo k.),Posovietinė proza,K02704,Lentynoje,,,,,,,,,2026-09-17 15:21:00,g@cool.lt,Paupio 2 aukštas,21.0
2695.0,Борис Пастернак,Доктор Живаго,,RU,,,Romanas,,,,"Spinta I, 13 lentyna (rusų klasika)","Rusiškas leidimas; daug leidimų, konkretus nenustatytas.",A4. Rusų lentyna (originalo k.),Sidabro amžius ir poezija ★ pora: originalas + vertimas,K02705,Lentynoje,,,,,,,,,2026-09-17 15:21:00,g@cool.lt,Paupio 2 aukštas,21.0
2696.0,Виктор Пелевин,Generation „П“. Повести. Рассказы,,RU,,,Proza,,,,"Spinta I, 13 lentyna (rusų klasika)","Rusiškas leidimas; daug leidimų, konkretus nenustatytas.",A4. Rusų lentyna (originalo k.),Posovietinė proza,K02706,Lentynoje,,,,,,,,,2026-09-17 15:21:00,g@cool.lt,Paupio 2 aukštas,21.0
2697.0,Рэй Брэдбери,Вино из одуванчиков. Повесть и рассказы,Dandelion Wine,RU,,,Proza / fantastika,,,,"Spinta I, 13 lentyna (rusų klasika)","Rusiškas leidimas; daug leidimų, konkretus nenustatytas.",B11. SF aukso amžius,,K02707,Lentynoje,,,,,,,,,2026-09-17 15:21:00,g@cool.lt,Paupio 2 aukštas,21.0
2699.0,Romualdas Granauskas,Kai reikės nebeūti,,LT,Lietuvos rašytojų sąjungos leidykla,2015.0,Proza,,,,"Spinta I, 26 lentyna (Granauskas)",ISBN skelbime nenurodytas.,A50. Lietuvių XX–XXI a. literatūra,Sovietmečio karta,K02709,Lentynoje,,,,,,,,,2026-09-17 15:21:00,g@cool.lt,Paupio 2 aukštas,22.0
2703.0,Romualdas Granauskas,Gyvulėlių dainavimas. Apsakymai ir esė,,LT,Presvika,1998.0,,,,9789986805755.0,,,,,K02713,Lentynoje,,,,,,,,,2026-09-16 17:00:00,g@cool.lt,Paupio 2 aukštas,22.0
2704.0,Romualdas Granauskas,(pavadinimas nematomas),,,,,,,,,,"tamsiai mėlyna nugarėlė, tik autoriaus parašas · PATIKSLINTI",,,K02714,Lentynoje,,,,,,,,,2026-09-16 17:00:00,g@cool.lt,Paupio 2 aukštas,22.0
2705.0,Vincas Pietaris,"Algimantas, arba Lietuviai XIII šimtmetyje",,LT,Vaga,1989.0,,,,9785415002733.0,,Keli leidimai.,,,K02715,Lentynoje,,,,,,,,,2026-09-16 17:00:00,g@cool.lt,Paupio 2 aukštas,22.0
2706.0,Vytautas Bubnys,Baltas vėjas,,LT,Vaga,1974.0,,,,,,apdriskęs viršelis · Keli leidimai; ISBN nenurodytas.,,,K02716,Lentynoje,,,,,,,,,2026-09-16 17:00:00,g@cool.lt,Paupio 2 aukštas,22.0
2707.0,Fischer / Margulies / Mosenfelder,Bobby Fischer Teaches Chess,,Anglų,,1966.0,Šachmatai,,,,"Spinta I, 27 lentyna (šachmatai)","guli plokščiai lentynos viršuje · Pirmojo leidimo metai; daug leidimų, konkretus nenustatytas.","H48. Menas, kalbos, pomėgiai",Šachmatai,K02717,Lentynoje,,,,,,,,,2026-09-17 15:21:00,g@cool.lt,Paupio 2 aukštas,23.0
2709.0,,(neįskaityta nugarėlė),,LT,,,,,,,,"balta knyga po plokščiai gulinčiomis, matomas tik brūkšninis kodas · PATIKSLINTI",,,K02719,Lentynoje,,,,,,,,,2026-09-16 17:00:00,g@cool.lt,Paupio 2 aukštas,23.0
2710.0,J. H. Donner,The King,,EN,New in Chess,1998.0,Šachmatai / esė,,,,"Spinta I, 27 lentyna (šachmatai)",New in Chess · Keli leidimai.,A3. Klasikos kanonas (pagal šalis),Kita klasika ir antologijos,K02720,Lentynoje,,,,,,,,,2026-09-17 15:21:00,g@cool.lt,Paupio 2 aukštas,23.0
2711.0,A. Nimcovičius,Mano sistema,Mein System,LT,Mintis,1982.0,Šachmatai,,,,"Spinta I, 27 lentyna (šachmatai)",Lietuviškas leidimas; ISBN nenurodytas.,"H48. Menas, kalbos, pomėgiai",Šachmatai,K02721,Lentynoje,,,,,,,,,2026-09-17 15:21:00,g@cool.lt,Paupio 2 aukštas,23.0
2712.0,Ганс Кмох,Рубинштейн выигрывает. 100 шахматных шедевров великого маэстро,,RU,,,,,,,,Leidimo duomenų patvirtinti nepavyko.,,,K02722,Lentynoje,,,,,,,,,2026-09-16 17:00:00,g@cool.lt,Paupio 2 aukštas,23.0
2713.0,Rišardas Fichmanas,Šachmatų gramatika,,LT,Tyto alba,2014.0,Šachmatai,,,9786094660375.0,"Spinta I, 27 lentyna (šachmatai)",Alma littera,"H48. Menas, kalbos, pomėgiai",Šachmatai,K02723,Lentynoje,,,,,,,,,2026-09-17 15:21:00,g@cool.lt,Paupio 2 aukštas,23.0
2715.0,,(neįskaityta nugarėlė),,LT,,,,,,,,"sena apdriskusi knyga, nugarėlė nutrinta · PATIKSLINTI",,,K02725,Lentynoje,,,,,,,,,2026-09-16 17:01:00,g@cool.lt,Paupio 2 aukštas,23.0
2717.0,,(neįskaityta nugarėlė),,LT,,,,,,,,plona gelsva knyga · PATIKSLINTI,,,K02727,Lentynoje,,,,,,,,,2026-09-16 17:01:00,g@cool.lt,Paupio 2 aukštas,23.0
2718.0,,(neįskaityta nugarėlė),,LT,,,,,,,,žalsva knyga dešiniajame krašte · PATIKSLINTI,,,K02728,Lentynoje,,,,,,,,,2026-09-16 17:01:00,g@cool.lt,Paupio 2 aukštas,23.0
2723.0,Olga Tokarczuk,Bėgūnai,,LT,Lietuvos rašytojų sąjungos leidykla,2019.0,,,,,,(2 egz.) · Tas pats leidinys kaip id 268 (antras egzempliorius); ISBN nenurodytas.,,,K02733,Lentynoje,,,,,,,,,2026-09-16 17:01:00,g@cool.lt,Paupio 2 aukštas,24.0
2725.0,Aldous Huxley,(pavadinimas neįskaitomas),,LT,,,,,,,,"balta nugarėlė, tekstas labai blankus · PATIKSLINTI",,,K02735,Lentynoje,,,,,,,,,2026-09-16 17:01:00,g@cool.lt,Paupio 2 aukštas,25.0
2726.0,,(neįskaityta nugarėlė),,LT,,,,,,,,odiniu viršeliu įrištas tomas su auksuotu įspaudu · PATIKSLINTI,,,K02736,Lentynoje,,,,,,,,,2026-09-16 17:01:00,g@cool.lt,Paupio 2 aukštas,25.0
2732.0,Romain Gary,Dangaus šaknys,,LT,Baltos lankos,2011.0,,,,9789955234364.0,,(2 egz.) · Tas pats leidinys kaip id 277 (antras egzempliorius).,,,K02742,Lentynoje,,,,,,,,,2026-09-16 17:01:00,g@cool.lt,Paupio 2 aukštas,26.0
2733.0,Ромен Гари,Обещание на рассвете,La Promesse de l'aube,RU,,,Autobiografinis romanas,,,,"Spinta I, 21 lentyna (Gary, Rilke, klasika)","Symposium · Rusiškas leidimas; daug leidimų, konkretus nenustatytas.",B9. Šiuolaikinė pasaulio proza,Šiuolaikinis pasaulio romanas,K02743,Lentynoje,,,,,,,,,2026-09-17 15:21:00,g@cool.lt,Paupio 2 aukštas,26.0
2736.0,Lévi-Strauss,Rasė ir istorija,Race et histoire,LT,baltos lankos,1992.0,Antropologija,,,,"Spinta I, 21 lentyna (Gary, Rilke, klasika)",ALK · Lietuviškas leidimas; leidykla ir ISBN skelbime nenurodyti.,"D25. Sociologija, semiotika, antropologija",,K02746,Lentynoje,,,,,,,,,2026-09-17 15:21:00,g@cool.lt,Paupio 2 aukštas,26.0
2737.0,Henry David Thoreau,"Voldenas, arba gyvenimas miške. Apie pilietinio nepaklusnumo pareigą",Civil Disobedience,LT,Baltos lankos,1999.0,Esė / filosofija,,,9986861144.0,"Spinta I, 21 lentyna (Gary, Rilke, klasika)","baltos lankos, serija „Idėjos"" · Lietuviškas leidimas.",A3. Klasikos kanonas (pagal šalis),Kita klasika ir antologijos,K02747,Lentynoje,,,,,,,,,2026-09-17 15:21:00,g@cool.lt,Paupio 2 aukštas,26.0
2738.0,A. Manzoni,I Promessi Sposi,,EN,,,Romanas,,,,"Spinta I, 21 lentyna (Gary, Rilke, klasika)","Daug leidimų; OpenLibrary metai klaidingi (pirmasis leidimas 1827, galutinė redakcija 1840) – nepatvirtinta.",A3. Klasikos kanonas (pagal šalis),Prancūzų klasika,K02748,Lentynoje,,,,,,,,,2026-09-17 15:21:00,g@cool.lt,Paupio 2 aukštas,26.0
2740.0,Ernest Hemingway,A Farewell to Arms,,EN,Charles Scribner's Sons,1929.0,,,,,,Pirmojo leidimo metai; daug leidimų.,,,K02750,Lentynoje,,,,,,,,,2026-09-16 17:01:00,g@cool.lt,Paupio 2 aukštas,27.0
2741.0,Ernestas Hemingvejus,(pavadinimas nematomas),,,,,,,,,,"geltona nugarėlė, tik autorius · PATIKSLINTI",,,K02751,Lentynoje,,,,,,,,,2026-09-16 17:01:00,g@cool.lt,Paupio 2 aukštas,27.0
2742.0,Ernestas Hemingvejus,(pavadinimas nematomas),,,,,,,,,,"raudona apdriskusi nugarėlė, tik autorius · PATIKSLINTI",,,K02752,Lentynoje,,,,,,,,,2026-09-16 17:01:00,g@cool.lt,Paupio 2 aukštas,27.0
2744.0,E. M. Remarkas,Juodasis obeliskas,Der schwarze Obelisk,Lietuvių,Vaga,1984.0,Romanas,,,,"Spinta A, 5 lentyna","(2 egz.) · Lietuviškas leidimas; keli leidimai. Skelbime nurodytas ISBN neatitinka 1984 m. leidimo, todėl nepateiktas.",A7. Prarastoji karta ir Amerikos XX a.,,K02754,Lentynoje,,,,,,,,,2026-09-17 15:21:00,g@cool.lt,Paupio 2 aukštas,27.0
2746.0,E. M. Remarkas,Juodasis obeliskas,,,Vaga,1984.0,,,,,,(2 egz.) · Tas pats leidinys kaip id 290 (antras egzempliorius); keli lietuviški leidimai.,,,K02756,Lentynoje,,,,,,,,,2026-09-16 17:01:00,g@cool.lt,Paupio 2 aukštas,27.0
2747.0,Erich Maria Remarque,(pavadinimas neįskaitomas),,LT,,,,,,,,"sidabrinė nugarėlė; pavadinimas prasideda „Dangu…"" · PATIKSLINTI",,,K02757,Lentynoje,,,,,,,,,2026-09-16 17:01:00,g@cool.lt,Paupio 2 aukštas,27.0
2748.0,E. M. Remarkas,Kelias atgal,,,Spindulys,1993.0,,,,,,Lietuviškas leidimas; ISBN skelbime nenurodytas; keli leidimai.,,,K02758,Lentynoje,,,,,,,,,2026-09-16 17:01:00,g@cool.lt,Paupio 2 aukštas,27.0
2749.0,Erichas Marija Remarkas,Vakarų fronte nieko naujo,,LT,Valstybinė grožinės literatūros leidykla,1960.0,,,,,,autorius ant nugarėlės nenurodytas · Keli lietuviški leidimai; duomenys iš sena.lt skelbimo.,,,K02759,Lentynoje,,,,,,,,,2026-09-16 17:01:00,g@cool.lt,Paupio 2 aukštas,27.0
2750.0,Džeimsas Džoisas,Dubliniečiai,Dubliners,LT,Vaga,1985.0,Apsakymai,,,,"Spinta I, 15 lentyna (moderni klasika)",Lietuviškas leidimas; ISBN nenurodytas.,A6. XX a. modernizmas,,K02760,Lentynoje,,,,,,,,,2026-09-17 15:21:00,g@cool.lt,Paupio 2 aukštas,28.0
2752.0,Alberas Kamiu,(pavadinimas neįskaitomas),,LT,,,,,,,,"balta nugarėlė; panašu į „Svetimas · Krytis"", įrašas blankus · PATIKSLINTI",,,K02762,Lentynoje,,,,,,,,,2026-09-16 17:01:00,g@cool.lt,Paupio 2 aukštas,28.0
2753.0,Альбер Камю,Бунтующий человек,L'Homme révolté,RU,,,Filosofija,,,,"Spinta I, 15 lentyna (moderni klasika)","Rusiškas leidimas; daug leidimų, konkretus nenustatytas.",A6. XX a. modernizmas,,K02763,Lentynoje,,,,,,,,,2026-09-17 15:21:00,g@cool.lt,Paupio 2 aukštas,28.0
2754.0,Karl Ove Knausgaard,The End,Min kamp 6,EN,,2018.0,Autofikcija,My Struggle,,,"Spinta I, 15 lentyna (moderni klasika)",Angliškas vertimas (Harvill Secker / Knopf Canada); keli leidimai.,B9. Šiuolaikinė pasaulio proza,Šiuolaikinis pasaulio romanas,K02764,Lentynoje,,,,,,,,,2026-09-17 15:21:00,g@cool.lt,Paupio 2 aukštas,28.0
2756.0,Tomas Vulfas,"Žvelk, angele, į savo būstą","Look Homeward, Angel",LT,Vaga,1974.0,Romanas,,,,"Spinta I, 17 lentyna (XX a. klasika)",lietuviškas leidimas; ISBN nesuteiktas (leista iki ISBN įvedimo),A7. Prarastoji karta ir Amerikos XX a.,,K02766,Lentynoje,,,,,,,,,2026-09-17 15:21:00,g@cool.lt,Paupio 2 aukštas,29.0
2758.0,Tomas Stearnsas Eliotas,Pavasaris žiemos vidury,,LT,Vaga,1991.0,Poezija,Nobelio premijos laureatai,,5415006443.0,"Spinta I, 17 lentyna (XX a. klasika)",,A6. XX a. modernizmas,,K02768,Lentynoje,,,,,,,,,2026-09-17 15:21:00,g@cool.lt,Paupio 2 aukštas,29.0
2759.0,Viljamas Folkneris,Palaikų išniekintojas,Intruder in the Dust,LT,Vaga,1969.0,Romanas,,,,"Spinta I, 17 lentyna (XX a. klasika)",ISBN nesuteiktas (leista iki ISBN įvedimo),A6. XX a. modernizmas,,K02769,Lentynoje,,,,,,,,,2026-09-17 15:21:00,g@cool.lt,Paupio 2 aukštas,29.0
2761.0,Kahlilis Džibranas,"Pranašas. Pranašo sodas. Jėzus, žmogaus sūnus",,LT,Asveja,1998.0,,,,9986504619.0,,Asveja · vertė Zigmas Ardickas,,,K02771,Lentynoje,,,,,,,,,2026-09-16 17:01:00,g@cool.lt,Paupio 2 aukštas,29.0
2762.0,Kahlil Gibran,Pranašas,The Prophet,LT,Gardenija,1998.0,Poezija / filosofija,,,,"Spinta I, 17 lentyna (XX a. klasika)",keli lietuviški leidimai; ISBN šaltinyje nenurodytas,A3. Klasikos kanonas (pagal šalis),Kita klasika ir antologijos,K02772,Lentynoje,,,,,,,,,2026-09-17 15:21:00,g@cool.lt,Paupio 2 aukštas,29.0
2763.0,Anatole France,Thaïs,,,,,,,,,,keli leidimai (pranc. originalas 1890 m. ir daug perleidimų) — konkretus nenustatytas,,,K02773,Lentynoje,,,,,,,,,2026-09-16 17:01:00,g@cool.lt,Paupio 2 aukštas,29.0
2764.0,Frédéric Beigbeder,(pavadinimas nematomas),,,,,,,,,,"geltona nugarėlė, tik autorius ir kainos lipdukas · PATIKSLINTI",,,K02774,Lentynoje,,,,,,,,,2026-09-16 17:01:00,g@cool.lt,Paupio 2 aukštas,30.0
2767.0,Rein Raud,(pavadinimas neįskaitomas),,LT,,,,,,,,"balta nugarėlė, pavadinimas prašviestas · PATIKSLINTI",,,K02777,Lentynoje,,,,,,,,,2026-09-16 17:01:00,g@cool.lt,Paupio 2 aukštas,30.0
2771.0,Marc Levinson,The Box: How the Shipping Container Made the World Smaller and the World Economy Bigger,,EN,Princeton University Press,2006.0,,,,9780691123240.0,,Princeton · pirmojo leidimo duomenys; namų egzemplioriaus leidimas nepatikslintas,,,K02781,Lentynoje,,,,,,,,,2026-09-16 17:01:00,g@cool.lt,Paupio 2 aukštas,31.0
2774.0,Ben Horowitz,"Sudėtingi dalykai – sudėtingais laikais: kaip kurti verslą, kai aiškių atsakymų nėra",The Hard Thing About Hard Things,LT,Liūtai ne avys,2020.0,Verslas,,,9786098254327.0,"Spinta I, 32 lentyna (verslas, inovacijos)",Liūtai ne avys,G37. Strategija ir vadyba,,K02784,Lentynoje,,,,,,,,,2026-09-17 15:21:00,g@cool.lt,Paupio 2 aukštas,32.0
2777.0,Adam Rutherford,Creation: The Origin of Life / The Future of Life,,EN,Viking,2013.0,,,,9780670920464.0,,pirmojo leidimo duomenys; namų egzemplioriaus leidimas nepatikslintas,,,K02787,Lentynoje,,,,,,,,,2026-09-16 17:01:00,g@cool.lt,Paupio 2 aukštas,33.0
2778.0,Dorion Sagan (sud.),Lynn Margulis: The Life and Legacy of a Scientific Rebel,,EN,Chelsea Green Publishing,2012.0,,,,9781603584463.0,,leidykla Chelsea Green,,,K02788,Lentynoje,,,,,,,,,2026-09-16 17:01:00,g@cool.lt,Paupio 2 aukštas,33.0
2779.0,,(neįskaityta nugarėlė),,LT,,,,,,,,"juoda knyga tarp Margulis ir Rothman, ant nugarėlės teksto nematyti · PATIKSLINTI",,,K02789,Lentynoje,,,,,,,,,2026-09-16 17:01:00,g@cool.lt,Paupio 2 aukštas,33.0
2783.0,Ray Dalio,Principles: Life and Work,,EN,Simon & Schuster,2017.0,Verslas / filosofija,,,9781501124020.0,"Spinta J, 4 niša (Dalio, mokslas)",pirmojo leidimo duomenys; namų egzemplioriaus leidimas nepatikslintas,D19. Filosofijos klasika,Antika–Apšvieta,K02793,Lentynoje,,,,,,,,,2026-09-17 15:21:00,g@cool.lt,Paupio 2 aukštas,34.0
2785.0,,(neįskaityta nugarėlė),,LT,,,,,,,,"tamsiai raudona knyga už kitų, matomas tik nugarėlės kraštas · PATIKSLINTI",,,K02795,Lentynoje,,,,,,,,,2026-09-16 17:01:00,g@cool.lt,Paupio 2 aukštas,34.0
2795.0,Michael Laitman,From Chaos to Harmony,,EN,Bnei Baruch / Laitman Kabbalah Publishers,2007.0,Filosofija / kabala,,,9780978159047.0,"Spinta I, 34 lentyna (mišri)",pirmojo leidimo duomenys; namų egzemplioriaus leidimas nepatikslintas,D22. Rytų praktikos ir ezoterika,Ezoterika ir praktikos,K02805,Lentynoje,,,,,,,,,2026-09-17 15:21:00,g@cool.lt,Paupio 2 aukštas,37.0
2798.0,,(neįskaityta nugarėlė),,LT,,,,,,,,"spiraliniu būdu įrištas leidinys, nugarėlės su tekstu nėra · PATIKSLINTI",,,K02808,Lentynoje,,,,,,,,,2026-09-16 17:01:00,g@cool.lt,Paupio 2 aukštas,37.0
2800.0,,Read Real Japanese,,,,,,,,,,"paantraštė „Short Stories by Contemporary Writers"" · neaišku, kuri serijos knyga — „Read Real Japanese Essays“ (Janet Ashby) ar „Read Real Japanese Fiction“ (Michael Emmerich)",,,K02810,Lentynoje,,,,,,,,,2026-09-16 17:01:00,g@cool.lt,Paupio 2 aukštas,37.0
2801.0,F. Scott Fitzgerald,Didysis Getsbis,The Great Gatsby,Lietuvių,Andrena,1995.0,Romanas,,,9986370000.0,"Spinta I, 34 lentyna (mišri)",keli lietuviški leidimai; vertė Gražina Zolubienė,A7. Prarastoji karta ir Amerikos XX a.,★ pora: originalas + vertimas,K02811,Lentynoje,,,,,,,,,2026-09-17 15:21:00,g@cool.lt,Paupio 2 aukštas,37.0
2802.0,Šekspyras,Karalius Lyras,King Lear,LT,,,Drama,,,,"Spinta I, 34 lentyna (mišri)",keli lietuviški leidimai (1948 Valstybinė grožinės literatūros leidykla ir kt.) — konkretus nenustatytas,A3. Klasikos kanonas (pagal šalis),Anglų klasika,K02812,Lentynoje,,,,,,,,,2026-09-17 15:21:00,g@cool.lt,Paupio 2 aukštas,37.0
2807.0,,(neįskaityta nugarėlė),,LT,,,,,,,,nusitrynusi šviesi nugarėlė be įskaitomo teksto · PATIKSLINTI,,,K02817,Lentynoje,,,,,,,,,2026-09-16 17:01:00,g@cool.lt,Paupio 2 aukštas,38.0
2809.0,Sergejus Utčenka,Julijus Cezaris,Юлий Цезарь,LT,Mintis,1990.0,Istorija / biografija,,,5417003468.0,"Spinta I, 35 lentyna (istorija, Antika)",,E32. Biografijos ir memuarai,Asmenybės ir memuarai,K02819,Lentynoje,,,,,,,,,2026-09-17 15:21:00,g@cool.lt,Paupio 2 aukštas,38.0
2810.0,Germanas Hafneris,Žymūs antikos žmonės,Prominente der Antike,LT,,1987.0,Istorija / biografijos,,,5430057077.0,"Spinta I, 35 lentyna (istorija, Antika)","leidykla nepatvirtinta (šaltinyje nurodyta „Albagrafija“, tačiau ISBN priešdėlis 5-430 rodo sovietmečio lietuvišką leidyklą)",E26. Antikos ir viduramžių istorija,,K02820,Lentynoje,,,,,,,,,2026-09-17 15:21:00,g@cool.lt,Paupio 2 aukštas,38.0
2813.0,Ирвинг Стоун,Происхождение,The Origin,RU,,,Biografinis romanas (apie Darviną),,,,"Spinta J, 1 niša (mokslo istorija)","serija „Библиотека атеистической литературы"" · keli rusiški leidimai (1983 m. ir vėlesni perleidimai) — konkretus nenustatytas",A4. Rusų lentyna (originalo k.),XIX a. klasika (Gogolis–Čechovas),K02823,Lentynoje,,,,,,,,,2026-09-17 15:21:00,g@cool.lt,Paupio 2 aukštas,39.0
2814.0,Lewis Carroll,Alice's Adventures in Wonderland,,EN,,,Klasika,,,,"Spinta J, 1 niša (mokslo istorija)","odinis įrišimas · klasika, šimtai leidimų — konkretus nenustatytas",C18. Kolekciniai leidimai,,K02824,Lentynoje,,,,,,,,,2026-09-17 15:21:00,g@cool.lt,Paupio 2 aukštas,39.0
2816.0,A. Scott Berg,Goldwyn,,EN,Knopf,1989.0,Biografija,,,394510593.0,"Spinta J, 1 niša (mokslo istorija)",pirmojo leidimo duomenys; namų egzemplioriaus leidimas nepatikslintas,E32. Biografijos ir memuarai,Menininkų biografijos,K02826,Lentynoje,,,,,,,,,2026-09-17 15:21:00,g@cool.lt,Paupio 2 aukštas,39.0
2818.0,Marina Abramović,Walk Through Walls,,Anglų,Crown Archetype,2016.0,Memuarai / menas,,,9781101905043.0,"Spinta J, 3 niša (menininkų biografijos)",pirmojo leidimo duomenys; namų egzemplioriaus leidimas nepatikslintas,E32. Biografijos ir memuarai,Menininkų biografijos,K02828,Lentynoje,,,,,,,,,2026-09-17 15:21:00,g@cool.lt,Paupio 2 aukštas,40.0
2819.0,San Martín,The Brilliant Strategist,,EN,,,,,,,,plona brošiūra · leidinio identifikuoti nepavyko,,,K02829,Lentynoje,,,,,,,,,2026-09-16 17:01:00,g@cool.lt,Paupio 2 aukštas,40.0
2820.0,Salvador Dalí,"Slaptas Salvadoro Dali gyvenimas, aprašytas Salvadoro Dali",The Secret Life of Salvador Dalí,LT,Tyto alba,2020.0,Autobiografija / menas,,,9789986169697.0,"Spinta J, 3 niša (menininkų biografijos)",autoriaus ant nugarėlės nėra · keli leidimai (ankstesnis apie 2013 m.),E32. Biografijos ir memuarai,Menininkų biografijos,K02830,Lentynoje,,,,,,,,,2026-09-17 15:21:00,g@cool.lt,Paupio 2 aukštas,40.0
2821.0,Andy Warhol,The Philosophy of Andy Warhol,,EN,Harcourt Brace Jovanovich,1975.0,Menas / autobiografija,,,151890501.0,"Spinta J, 3 niša (menininkų biografijos)",pirmojo leidimo duomenys; namų egzemplioriaus leidimas nepatikslintas,E32. Biografijos ir memuarai,Menininkų biografijos,K02831,Lentynoje,,,,,,,,,2026-09-17 15:21:00,g@cool.lt,Paupio 2 aukštas,40.0
2822.0,Andrė Salmonas,Aistringas Modiljanio gyvenimas,La Vie passionnée de Modigliani,LT,Amžius,1994.0,Biografija / menas,,,9789986430223.0,"Spinta J, 3 niša (menininkų biografijos)",keli leidimai (1994 ir 2014); pasirinktas 1994 m. pagal autoriaus vardo formą,E32. Biografijos ir memuarai,Asmenybės ir memuarai,K02832,Lentynoje,,,,,,,,,2026-09-17 15:21:00,g@cool.lt,Paupio 2 aukštas,40.0
2823.0,Herbert Genzmer,Salvadoras Dali ir Gala: dailininkas ir jo mūza (serija „Portretai“),,LT,Tyto alba,1999.0,Biografija / menas,,,,"Spinta D, 1 lentyna (viršutinė)",ISBN šaltinyje nenurodytas,E32. Biografijos ir memuarai,Menininkų biografijos,K02833,Lentynoje,,,,,,,,,2026-09-17 15:21:00,g@cool.lt,Paupio 2 aukštas,40.0
2825.0,nietzsche,(neįskaityta nugarėlė),,LT,,,,,,,,"ant nugarėlės tik „nietzsche"" ir leidykla Apostrofa · PATIKSLINTI",,,K02835,Lentynoje,,,,,,,,,2026-09-16 17:01:00,g@cool.lt,Paupio 2 aukštas,41.0
2826.0,Даниель Галеви,Жизнь Фридриха Ницше,La Vie de Frédéric Nietzsche,RU,,,Biografija,,,,"Spinta J, 5 niša (Nietzsche, Fluxus)",keli rusiški leidimai (1911 m. originalas ir vėlesni perleidimai) — konkretus nenustatytas,E32. Biografijos ir memuarai,Asmenybės ir memuarai,K02836,Lentynoje,,,,,,,,,2026-09-17 15:21:00,g@cool.lt,Paupio 2 aukštas,41.0
2828.0,Питирим Сорокин,Дальняя дорога: автобиография,,RU,Терра,1992.0,,,,5239013780.0,,,,,K02838,Lentynoje,,,,,,,,,2026-09-16 17:01:00,g@cool.lt,Paupio 2 aukštas,41.0
2829.0,Jonas Mekas,Trys draugai,,,Baltos lankos,1998.0,,,,9986861047.0,,"leidykla Baltos lankos · įvestyje nurodyti Mačiūnas, Ono ir Lennon yra knygos herojai, autorius — Jonas Mekas",,,K02839,Lentynoje,,,,,,,,,2026-09-16 17:01:00,g@cool.lt,Paupio 2 aukštas,41.0
2830.0,Михаил и Елена Булгаковы,Дневник Мастера и Маргариты,,RU,ПРОЗАиК,2012.0,Dienoraščiai,,,9785916311693.0,"Spinta J, 5 niša (Nietzsche, Fluxus)",,A4. Rusų lentyna (originalo k.),XX a. klasika,K02840,Lentynoje,,,,,,,,,2026-09-17 15:21:00,g@cool.lt,Paupio 2 aukštas,41.0
2839.0,Mohandas K. Gandhi,Autobiography: The Story of My Experiments with Truth,,EN,Dover,,Autobiografija,,,,"Spinta J, 6 niša (biografijos, istorija)","Dover · pirmas leidimas 1927 m., bet leidimų dešimtys — konkretus nenustatytas",E32. Biografijos ir memuarai,Valstybininkų biografijos,K02849,Lentynoje,,,,,,,,,2026-09-17 15:21:00,g@cool.lt,Paupio 2 aukštas,42.0
2842.0,sud. Algirdas Degutis,I. Kanto filosofijos profiliai: straipsnių rinkinys,,LT,Mintis,1988.0,,,,,,"LNB bibliografijoje ISBN pateiktas nepilnas (5-417-00256), todėl neįrašytas",,,K02852,Lentynoje,,,,,,,,,2026-09-16 17:01:00,g@cool.lt,Paupio 2 aukštas,43.0
2844.0,Martynas Mažvydas,Katekizmas,,LT,Baltos lankos,1997.0,,,,9986816071.0,,,,,K02854,Lentynoje,,,,,,,,,2026-09-16 17:01:00,g@cool.lt,Paupio 2 aukštas,43.0
2845.0,Konfucijus,(neįskaityta nugarėlė),,LT,,,,,,,,ant nugarėlės tik autoriaus vardas · PATIKSLINTI,,,K02855,Lentynoje,,,,,,,,,2026-09-16 17:01:00,g@cool.lt,Paupio 2 aukštas,43.0
2846.0,Novalis,Heinrich von Ofterdingen,,,,,,,,,,Reclam 8939-41 · daug vokiškų leidimų — konkretus nenustatytas,,,K02856,Lentynoje,,,,,,,,,2026-09-16 17:01:00,g@cool.lt,Paupio 2 aukštas,43.0
2847.0,,Die Kunst zu lieben,,,,,,,,,,"Reclam 111, autoriaus ant nugarėlės nėra · greičiausiai Ericho Frommo „Die Kunst zu lieben“, bet autorius įvestyje nenurodytas ir leidimas nenustatytas",,,K02857,Lentynoje,,,,,,,,,2026-09-16 17:01:00,g@cool.lt,Paupio 2 aukštas,43.0
2849.0,Shen Fu,The Old Man of the Moon,,EN,Penguin Books,2015.0,,,,9780141397801.0,,Penguin Little Black Classics · serija Penguin Little Black Classics,,,K02859,Lentynoje,,,,,,,,,2026-09-16 17:01:00,g@cool.lt,Paupio 2 aukštas,43.0
2851.0,Emily Brontë,The Night is Darkening Round Me,,EN,Penguin Books,2015.0,,,,9780141398471.0,,Penguin Little Black Classics 63 · serija Penguin Little Black Classics,,,K02861,Lentynoje,,,,,,,,,2026-09-16 17:01:00,g@cool.lt,Paupio 2 aukštas,43.0
2852.0,Victor Hugo,Waterloo,,,Penguin Books,2016.0,,,,9780241251829.0,,Penguin Little Black Classics 125 · serija Penguin Little Black Classics,,,K02862,Lentynoje,,,,,,,,,2026-09-16 17:01:00,g@cool.lt,Paupio 2 aukštas,43.0
2853.0,Josephas von Eichendorffas,Iš vieno nenaudėlio gyvenimo,Aus dem Leben eines Taugenichts,LT,,1965.0,Apysaka,,,,"Spinta A, 4 lentyna","autoriaus ant nugarėlės nematyti · VLE nurodo, kad lietuvių kalba išleista 1965 m.; leidykla nepatvirtinta",A3. Klasikos kanonas (pagal šalis),Vokiečių klasika vertimuose,K02863,Lentynoje,,,,,,,,,2026-09-17 15:21:00,g@cool.lt,Paupio 2 aukštas,43.0
2857.0,,Bosch,,,,,,,,,,"plona, ant nugarėlės tik pavadinimas · be autoriaus ir paantraštės neaišku, kuris Boscho leidinys",,,K02867,Lentynoje,,,,,,,,,2026-09-16 17:01:00,g@cool.lt,Paupio 2 aukštas,44.0
2858.0,Laure Meyer,Masters of English Landscape,,EN,Terrail,1993.0,Dailės albumas,,,2879390729.0,"Spinta J, 12 niša (dailės albumai)",odinis įrišimas · pirmojo leidimo duomenys; namų egzemplioriaus leidimas nepatikslintas,"H48. Menas, kalbos, pomėgiai",Pasaulio dailės albumai,K02868,Lentynoje,,,,,,,,,2026-09-17 15:21:00,g@cool.lt,Paupio 2 aukštas,44.0
2859.0,Valérie Bougault,Paris-Montparnasse,,Anglų,Terrail,1996.0,Dailės albumas,,,2879391105.0,"Spinta J, 12 niša (dailės albumai)","odinis įrišimas · prancūziškas leidimas 1996, angliškas 1997","H48. Menas, kalbos, pomėgiai",Pasaulio dailės albumai,K02869,Lentynoje,,,,,,,,,2026-09-17 15:21:00,g@cool.lt,Paupio 2 aukštas,44.0
2860.0,Eugène Müntz,Leonardo da Vinci,,Anglų,W. Heinemann,1898.0,Dailės albumas,,,,"Spinta J, 12 niša (dailės albumai)",I tomas (Parkstone) · pirmas leidimas 1898; yra perleidimų (Parkstone ir kt.) — ISBN nenustatytas,"H48. Menas, kalbos, pomėgiai",Pasaulio dailės albumai,K02870,Lentynoje,,,,,,,,,2026-09-17 15:21:00,g@cool.lt,Paupio 2 aukštas,44.0
2861.0,Eugène Müntz,Leonardo da Vinci,,,W. Heinemann,1898.0,,,,,,II tomas (Parkstone) · antras to paties leidinio egzempliorius; žr. 406,,,K02871,Lentynoje,,,,,,,,,2026-09-16 17:01:00,g@cool.lt,Paupio 2 aukštas,44.0
2862.0,,Mikalojus Konstantinas Čiurlionis,,LT,Šviesa (?),,Dailės albumas,,,,"Spinta J, 12 niša (dailės albumai)","autoriaus ant nugarėlės nėra · keli leidiniai tokiu pavadinimu (Vaga 1976, 1981, Mokslo ir enciklopedijų leidykla ir kt.) — konkretus nenustatytas","H48. Menas, kalbos, pomėgiai",Lietuvių dailė,K02872,Lentynoje,,,,,,,,,2026-09-17 15:21:00,g@cool.lt,Paupio 2 aukštas,44.0
2865.0,Leonidas Donskis,Mažoji Europa: esteto žemėlapis,,LT,Versus aureus,2012.0,Eseistika,,,9789955343431.0,"Spinta J, 12 niša (dailės albumai)",galimi ankstesni leidimai,A3. Klasikos kanonas (pagal šalis),Kita klasika ir antologijos,K02875,Lentynoje,,,,,,,,,2026-09-17 15:21:00,g@cool.lt,Paupio 2 aukštas,44.0
2866.0,Julia Conaway Bondanella & Mark Musa,The Italian Renaissance Reader,,EN,New American Library / Plume,1987.0,Antologija,,,452008735.0,"Spinta J, 12 niša (dailės albumai)",Meridian,A3. Klasikos kanonas (pagal šalis),Kita klasika ir antologijos,K02876,Lentynoje,,,,,,,,,2026-09-17 15:21:00,g@cool.lt,Paupio 2 aukštas,44.0
2868.0,,(neįskaityta nugarėlė),,LT,,,,,,,,"knygelė su senos gatvės nuotrauka viršelyje; įskaitoma tik „Juozap..."" · PATIKSLINTI",,,K02878,Lentynoje,,,,,,,,,2026-09-16 17:01:00,g@cool.lt,Paupio 2 aukštas,45.0
2869.0,Mark Twain,Huckleberry Finn,,Anglų,,,Klasika,,,,"Spinta J, 8 niša (klasika)","odinis įrišimas · klasika, šimtai leidimų — konkretus nenustatytas",C18. Kolekciniai leidimai,,K02879,Lentynoje,,,,,,,,,2026-09-17 15:21:00,g@cool.lt,Paupio 2 aukštas,45.0
2872.0,Miguel de Cervantes,Don Kichotas,Don Quijote,Lietuvių,,,Klasika,,,,"Spinta J, 8 niša (klasika)","I tomas, autoriaus ant nugarėlės nėra · be autoriaus ir leidimo požymių neaišku, kuris lietuviškas „Don Kichoto“ leidimas",A3. Klasikos kanonas (pagal šalis),Italų ir ispanų klasika,K02882,Lentynoje,,,,,,,,,2026-09-17 15:21:00,g@cool.lt,Paupio 2 aukštas,45.0
2876.0,H. Bičer-Stou,Dėdės Tomo trobelė,Uncle Tom's Cabin,LT,,,Klasika,,,,"Spinta J, 8 niša (klasika)","keli lietuviški leidimai (1962, 1980 ir naujesni) — konkretus nenustatytas",A3. Klasikos kanonas (pagal šalis),Amerikos klasika,K02886,Lentynoje,,,,,,,,,2026-09-17 15:21:00,g@cool.lt,Paupio 2 aukštas,45.0
2877.0,V. Hugo,(neįskaityta nugarėlė),,LT,,,,,,,,"ant nugarėlės tik „V. Hugo"", pavadinimo nėra · PATIKSLINTI",,,K02887,Lentynoje,,,,,,,,,2026-09-16 17:01:00,g@cool.lt,Paupio 2 aukštas,45.0
2879.0,zygmunt bauman,(neįskaityta nugarėlė),,LT,,,,,,,,"mėlyna nugarėlė, matoma tik autoriaus pavardė · PATIKSLINTI",,,K02889,Lentynoje,,,,,,,,,2026-09-16 17:01:00,g@cool.lt,Paupio 2 aukštas,46.0
2882.0,Niall Ferguson,Doom,,,Penguin Press,2021.0,,,,9780593297377.0,,Penguin · pirmojo leidimo duomenys; namų egzemplioriaus leidimas nepatikslintas,,,K02892,Lentynoje,,,,,,,,,2026-09-16 17:01:00,g@cool.lt,Paupio 2 aukštas,46.0
2883.0,Umberto Eco,Tobulos kalbos paieškos Europos kultūroje,,LT,Baltos lankos,2001.0,,,,,,"ALK, Baltos lankos · serija „Atviros Lietuvos knyga“; ISBN šaltinyje nenurodytas",,,K02893,Lentynoje,,,,,,,,,2026-09-16 17:01:00,g@cool.lt,Paupio 2 aukštas,46.0
2886.0,Simon Read,"Everything you ever wanted to know about anarchism, but were afraid to ask...",,EN,,,,,,,,Rebel Press; autoriaus pavardė sunkiai įskaitoma · PATIKSLINTI,,,K02896,Lentynoje,,,,,,,,,2026-09-16 17:01:00,g@cool.lt,Paupio 2 aukštas,46.0
2889.0,,Radvilos / The Radziwills,,EN,,,Istorija,,,,"Spinta J, 7 niša (Radvilos, sociologija)",II tomas · dvikalbis leidinys; patikimo įrašo rasti nepavyko,E27. LDK ir Lietuvos istorija,Sintezės ir monografijos,K02899,Lentynoje,,,,,,,,,2026-09-17 15:21:00,g@cool.lt,Paupio 2 aukštas,47.0
2890.0,,Radvilos / The Radziwills,,EN,,,,,,,,I tomas · antras to paties leidinio egzempliorius; žr. 435,,,K02900,Lentynoje,,,,,,,,,2026-09-16 17:01:00,g@cool.lt,Paupio 2 aukštas,47.0
2892.0,"Robert J. Brym, John Lie",Sociology,,,,,,,,,,"third edition · vadovėlis, daug laidų (2002, 2006 ir kt.) — konkreti laida nenustatyta",,,K02902,Lentynoje,,,,,,,,,2026-09-16 17:01:00,g@cool.lt,Paupio 2 aukštas,47.0
2893.0,,(neįskaityta nugarėlė),,LT,,,,,,,,"sena knyga, nugarėlė suirusi · PATIKSLINTI",,,K02903,Lentynoje,,,,,,,,,2026-09-16 17:01:00,g@cool.lt,Paupio 2 aukštas,47.0
2894.0,,(neįskaityta nugarėlė),,LT,,,,,,,,"sena knyga, nugarėlė suirusi · PATIKSLINTI",,,K02904,Lentynoje,,,,,,,,,2026-09-16 17:01:00,g@cool.lt,Paupio 2 aukštas,47.0
2896.0,Nizami Gandževi,Leili ir Medžnūnas,Layla and Majnun,LT,Vaga,1985.0,Epinė poema,,,,"Spinta J, 13 niša (pasaulio klasika)","kraštinė knyga, pasvirusi · sovietinio laikotarpio leidimas be ISBN",A2. Viduramžių ir tautų epai,,K02906,Lentynoje,,,,,,,,,2026-09-17 15:21:00,g@cool.lt,Paupio 2 aukštas,48.0
2897.0,Oscar Wilde,The Picture of Dorian Gray,,EN,,,Romanas,,,,"Spinta J, 13 niša (pasaulio klasika)",odinis įrišimas · daug leidimų; konkretus leidimas neidentifikuotas (3000+ leidimų),C18. Kolekciniai leidimai,,K02907,Lentynoje,,,,,,,,,2026-09-17 15:21:00,g@cool.lt,Paupio 2 aukštas,48.0
2898.0,,(neįskaityta nugarėlė),,LT,,,,,,,,"geltona knyga su suplyšusiu aplanku, tekstas neįskaitomas · PATIKSLINTI",,,K02908,Lentynoje,,,,,,,,,2026-09-16 17:01:00,g@cool.lt,Paupio 2 aukštas,48.0
2902.0,Miguel de Cervantes Saavedra,Don Kichotas,,,,,,,,,,"II tomas, autoriaus ant nugarėlės nėra · keli lietuviški leidimai (Valstybinė grožinės literatūros leidykla 1959; Vaga 1995, PLB) – tikslus nenustatytas",,,K02912,Lentynoje,,,,,,,,,2026-09-16 17:01:00,g@cool.lt,Paupio 2 aukštas,48.0
2903.0,Vladas Drėma,(neįskaityta nugarėlė),,LT,,,,,,,,ant nugarėlės tik autorius; leidykla Vaga · PATIKSLINTI,,,K02913,Lentynoje,,,,,,,,,2026-09-16 17:01:00,g@cool.lt,Paupio 2 aukštas,48.0
2904.0,Vladas Drėma,(neįskaityta nugarėlė),,LT,,,,,,,,ant nugarėlės tik autorius; leidykla Vaga · PATIKSLINTI,,,K02914,Lentynoje,,,,,,,,,2026-09-16 17:01:00,g@cool.lt,Paupio 2 aukštas,48.0
2908.0,Ovidijus,(neįskaityta nugarėlė),,LT,,,,,,,,"ant nugarėlės tik autorius, pavadinimas nuplyšęs · PATIKSLINTI",,,K02918,Lentynoje,,,,,,,,,2026-09-16 17:01:00,g@cool.lt,Paupio 2 aukštas,48.0
2910.0,,(neįskaityta nugarėlė),,LT,,,,,,,,ornamentuota nugarėlė kairiajame krašte · PATIKSLINTI,,,K02920,Lentynoje,,,,,,,,,2026-09-16 17:01:00,g@cool.lt,Paupio 2 aukštas,49.0
2913.0,Juzefas Ignacas Kraševskis,Vilnius. Nuo jo pradžios iki 1750 metų,,LT,Mintis,,Istorija,,,,"Spinta J, 14 niša (Vilnius, miestai)",I tomas · 4 tomų leidimas (2015–2021); kataloge tomas nenurodytas,E28. Vilniaus biblioteka,,K02923,Lentynoje,,,,,,,,,2026-09-17 15:21:00,g@cool.lt,Paupio 2 aukštas,49.0
2914.0,Tomas Venclova,Vilniaus vardai,,,R. Paknio leidykla,2006.0,,,,9789986830962.0,,tas pats leidimas kaip Nr. 451,,,K02924,Lentynoje,,,,,,,,,2026-09-16 17:01:00,g@cool.lt,Paupio 2 aukštas,49.0
2921.0,Gabrielė Giunterytė-Puzinienė,Vilniuje ir Lietuvos dvaruose: 1815–1843 metų dienoraštis,W Wilnie i w dworach litewskich,LT,,2005.0,Memuarai,,,,"Spinta J, 14 niša (Vilnius, miestai)",šaltiniai nesutaria dėl leidyklos (Regionų kultūrinių iniciatyvų centras / Tyto alba),E28. Vilniaus biblioteka,,K02931,Lentynoje,,,,,,,,,2026-09-17 15:21:00,g@cool.lt,Paupio 2 aukštas,49.0
2925.0,"Gina Vilionienė, Raimondas Urbakavičius",Vilniaus šventovės,,LT,Alma littera,,Istorija / religija / albumas,,,,"Spinta J, 14 niša (Vilnius, miestai)",leidinio rasti nepavyko,D21. Religijotyra ir šventraščiai,Krikščionybė ir religijotyra,K02935,Lentynoje,,,,,,,,,2026-09-17 15:21:00,g@cool.lt,Paupio 2 aukštas,49.0
2926.0,Marco Bussagli (sud.),Rome: The Golden Centuries,,EN,h.f.ullmann,,Menas / istorija,,,,"Spinta J, 14 niša (Vilnius, miestai)",leidinio rasti nepavyko,E26. Antikos ir viduramžių istorija,,K02936,Lentynoje,,,,,,,,,2026-09-17 15:21:00,g@cool.lt,Paupio 2 aukštas,49.0
2928.0,Gila Hurvitz,The Story of Masada,,EN,,,,,,,,rasti tik kitų autorių to paties pavadinimo knygos; neidentifikuota,,,K02938,Lentynoje,,,,,,,,,2026-09-16 17:01:00,g@cool.lt,Paupio 2 aukštas,49.0
2931.0,,(neįskaityta nugarėlė),,LT,,,,,,,,"oranžinė įspausta nugarėlė, guli plokščiai · PATIKSLINTI",,,K02941,Lentynoje,,,,,,,,,2026-09-16 17:01:00,g@cool.lt,Paupio 2 aukštas,50.0
2932.0,,(neįskaityta nugarėlė),,LT,,,,,,,,"raudona knyga, guli plokščiai · PATIKSLINTI",,,K02942,Lentynoje,,,,,,,,,2026-09-16 17:01:00,g@cool.lt,Paupio 2 aukštas,50.0
2934.0,Кирилл Привалов,(pavadinimas neįskaitomas) досье страха,,RU,,,,,,,,juoda nugarėlė kairiajame krašte · PATIKSLINTI,,,K02944,Lentynoje,,,,,,,,,2026-09-16 17:01:00,g@cool.lt,Paupio 2 aukštas,50.0
2935.0,,(neįskaityta nugarėlė),,LT,,,,,,,,geltona nugarėlė be užrašo · PATIKSLINTI,,,K02945,Lentynoje,,,,,,,,,2026-09-16 17:01:00,g@cool.lt,Paupio 2 aukštas,50.0
2936.0,Emanuel Swedenborg,"О небесах, о мире духов и об аде",De Caelo et Inferno,RU,,,Religija / mistika,,,,"Spinta J, 15 niša (religijotyra)",daug rusiškų leidimų – neidentifikuota,D21. Religijotyra ir šventraščiai,Krikščionybė ir religijotyra,K02946,Lentynoje,,,,,,,,,2026-09-17 15:21:00,g@cool.lt,Paupio 2 aukštas,50.0
2938.0,Г. П. Аксенов,Глубинная история человека. От христианства до ноосферы,,RU,,,,,,,,leidinio rasti nepavyko,,,K02948,Lentynoje,,,,,,,,,2026-09-16 17:01:00,g@cool.lt,Paupio 2 aukštas,50.0
2939.0,Géza Vermes,The Complete Dead Sea Scrolls in English,,EN,Penguin,,Religija / šaltiniai,,,,"Spinta J, 15 niša (religijotyra)","Penguin Classics · keli leidimai (1997 Allen Lane, 1998/2004/2011 Penguin) – metai nenustatyti",D21. Religijotyra ir šventraščiai,Šventraščiai,K02949,Lentynoje,,,,,,,,,2026-09-17 15:21:00,g@cool.lt,Paupio 2 aukštas,50.0
2940.0,Vytautas Ališauskas (sud.),Šie yra slapti žodžiai: Nag Hammadi apokrifai,,LT,Naujasis Židinys-Aidai,2022.0,Religija / apokrifai,,,,"Spinta J, 15 niša (religijotyra)",Naujasis Židinys-Aidai,D21. Religijotyra ir šventraščiai,Krikščionybė ir religijotyra,K02950,Lentynoje,,,,,,,,,2026-09-17 15:21:00,g@cool.lt,Paupio 2 aukštas,50.0
2941.0,К. Каутский,Происхождение христианства,Der Ursprung des Christentums,RU,,,Religijotyra,Библиотека атеистической литературы,,,"Spinta J, 15 niša (religijotyra)",Библиотека атеистической литературы · leidinio rasti nepavyko,D21. Religijotyra ir šventraščiai,Krikščionybė ir religijotyra,K02951,Lentynoje,,,,,,,,,2026-09-17 15:21:00,g@cool.lt,Paupio 2 aukštas,50.0
2944.0,,"10 книг, изменивших мир: Библия",,RU,,,Religijotyra,,,,"Spinta J, 15 niša (religijotyra)",leidinio rasti nepavyko,D21. Religijotyra ir šventraščiai,Krikščionybė ir religijotyra,K02954,Lentynoje,,,,,,,,,2026-09-17 15:21:00,g@cool.lt,Paupio 2 aukštas,50.0
2946.0,,(neįskaityta nugarėlė),,LT,,,,,,,,"dekoratyvi oranžinė etiketė, teksto neįmanoma perskaityti · PATIKSLINTI",,,K02956,Lentynoje,,,,,,,,,2026-09-16 17:01:00,g@cool.lt,Paupio 2 aukštas,50.0
2948.0,John Maxwell Coetzee,Jėzaus vaikystė,The Childhood of Jesus,LT,Sofoklis,2014.0,Romanas,,,,"Spinta J, 15 niša (religijotyra)",,B9. Šiuolaikinė pasaulio proza,Nobelio laureatai,K02958,Lentynoje,,,,,,,,,2026-09-17 15:21:00,g@cool.lt,Paupio 2 aukštas,50.0
2952.0,,(neįskaityta nugarėlė),,LT,,,,,,,,tamsi nugarėlė be užrašo · PATIKSLINTI,,,K02962,Lentynoje,,,,,,,,,2026-09-16 17:01:00,g@cool.lt,Paupio 2 aukštas,50.0
2953.0,Шломо Занд,Кто и как изобрел еврейский народ,The Invention of the Jewish People,RU,,,Istorija,,,,"Spinta J, 15 niša (religijotyra)",leidinio rasti nepavyko,E31. Istorijos biblioteka,Šalių ir epochų istorijos,K02963,Lentynoje,,,,,,,,,2026-09-17 15:21:00,g@cool.lt,Paupio 2 aukštas,50.0
2955.0,Yoseph Leib ibn Mardachya,Cannabis Chassidis,,Anglų,,2009.0,Judaika / kultūra,,,,"Spinta J, 15 niša (religijotyra)",leidyklos ir ISBN nerasta,D21. Religijotyra ir šventraščiai,Judaika,K02965,Lentynoje,,,,,,,,,2026-09-17 15:21:00,g@cool.lt,Paupio 2 aukštas,50.0
2958.0,Bernhard Moestl,Šaolinas. Laimėk nekovodamas,,LT,Algarvė,2008.0,Rytų filosofija / strategija,,,,"Spinta J, 16 niša (Rytų religijos)",PATIKSLINTI autorių,D22. Rytų praktikos ir ezoterika,Ezoterika ir praktikos,K02968,Lentynoje,,,,,,,,,2026-09-17 15:21:00,g@cool.lt,Paupio 2 aukštas,51.0
2960.0,Сюй Юнь,Облако пустоты,Empty Cloud,RU,,,Dzenbudizmas,,,,"Spinta J, 16 niša (Rytų religijos)",leidinio rasti nepavyko,D22. Rytų praktikos ir ezoterika,Dzen ir Rytų klasika,K02970,Lentynoje,,,,,,,,,2026-09-17 15:21:00,g@cool.lt,Paupio 2 aukštas,51.0
2962.0,,(pirmas žodis neįskaitomas) судьбы,,RU,,,,,,,,"balta nugarėlė, rusiškas tekstas · PATIKSLINTI",,,K02972,Lentynoje,,,,,,,,,2026-09-16 17:01:00,g@cool.lt,Paupio 2 aukštas,51.0
2963.0,W. Y. Evans-Wentz,The Tibetan Book of the Dead,Bardo Thödol,EN,Oxford University Press,,Budizmas,,,,"Spinta J, 16 niša (Rytų religijos)",daug OUP leidimų ir perspaudų – metai nenustatyti,D21. Religijotyra ir šventraščiai,Rytų religijos,K02973,Lentynoje,,,,,,,,,2026-09-17 15:21:00,g@cool.lt,Paupio 2 aukštas,51.0
2964.0,Согьял Ринпоче,Тибетская книга жизни и смерти,The Tibetan Book of Living and Dying,RU,,,Budizmas,,,,"Spinta J, 16 niša (Rytų religijos)",leidinio rasti nepavyko,D21. Religijotyra ir šventraščiai,Rytų religijos,K02974,Lentynoje,,,,,,,,,2026-09-17 15:21:00,g@cool.lt,Paupio 2 aukštas,51.0
2966.0,Carole Satyamurti,Mahabharata,,Anglų,W. W. Norton,,Epas / hinduizmas,,,,"Spinta J, 16 niša (Rytų religijos)","keli leidimai (2015 kietas, 2016 minkštas ir kt.) – metai nenustatyti",D21. Religijotyra ir šventraščiai,Šventraščiai,K02976,Lentynoje,,,,,,,,,2026-09-17 15:21:00,g@cool.lt,Paupio 2 aukštas,51.0
2972.0,Юлия Латынина,Сотворение Бога,,RU,Эксмо,,Religijotyra / publicistika,,,,"Spinta J, 16 niša (Rytų religijos)",keli leidimai – metai nenustatyti,D21. Religijotyra ir šventraščiai,Krikščionybė ir religijotyra,K02982,Lentynoje,,,,,,,,,2026-09-17 15:21:00,g@cool.lt,Paupio 2 aukštas,51.0
2973.0,Algirdas Kumža,Kuksando. Kelio knyga,,LT,Alma littera,2018.0,,,,9786090131374.0,,geraknyga.lt nurodo 2019 m.; autorius turi ir „Kuksando. Nuo Korėjos kalnų“ (2024),,,K02983,Lentynoje,,,,,,,,,2026-09-16 17:01:00,g@cool.lt,Paupio 2 aukštas,51.0
2974.0,Albertas Vijūkas-Kojelavičius,(pavadinimas nematomas),,LT,,,,,,,,ant nugarėlės tik autoriaus vardas · PATIKSLINTI,,,K02984,Lentynoje,,,,,,,,,2026-09-16 17:01:00,g@cool.lt,Paupio 2 aukštas,52.0
2976.0,Winston S. Churchill,Antrasis pasaulinis karas. Triumfas ir tragedija,The Second World War,Lietuvių,Briedis,2017.0,Istorija / memuarai,,,,"Spinta J, 17 lentyna (Lietuvos istoriografija)","IV tomas, Briedis · IV tomas; ISBN nerastas",E29. XX a. totalitarizmai ir karai,,K02986,Lentynoje,,,,,,,,,2026-09-17 15:21:00,g@cool.lt,Paupio 2 aukštas,52.0
2977.0,Winston S. Churchill,Antrasis pasaulinis karas. Didžioji sąjunga,The Second World War,LT,Briedis,2017.0,Istorija / memuarai,,,,"Spinta J, 17 lentyna (Lietuvos istoriografija)","III tomas, Briedis · III tomas; ISBN nerastas",E29. XX a. totalitarizmai ir karai,,K02987,Lentynoje,,,,,,,,,2026-09-17 15:21:00,g@cool.lt,Paupio 2 aukštas,52.0
2981.0,Jūratė Rosales,Goths and Balts,,LT,,,Istorija,,,,"Spinta J, 17 lentyna (Lietuvos istoriografija)",pavadinimas iš dalies uždengtas · PATIKSLINTI,E27. LDK ir Lietuvos istorija,Sintezės ir monografijos,K02991,Lentynoje,,,,,,,,,2026-09-17 15:21:00,g@cool.lt,Paupio 2 aukštas,52.0
2984.0,,(neįskaityta nugarėlė),,LT,,,,,,,,tamsiai mėlyna oda be užrašo · PATIKSLINTI,,,K02994,Lentynoje,,,,,,,,,2026-09-16 17:02:00,g@cool.lt,Paupio 2 aukštas,52.0
2986.0,,(neįskaityta nugarėlė),,LT,,,,,,,,pilka nugarėlė be užrašo · PATIKSLINTI,,,K02996,Lentynoje,,,,,,,,,2026-09-16 17:02:00,g@cool.lt,Paupio 2 aukštas,52.0
2989.0,Edvardas Gudavičius,Lietuvos istorija. T. 1,,LT,Lietuvos rašytojų sąjungos leidykla / Vydūno fondas,1999.0,,,,9789986391128.0,,I tomas · I tomas (nuo seniausių laikų iki 1569 m.),,,K02999,Lentynoje,,,,,,,,,2026-09-16 17:02:00,g@cool.lt,Paupio 2 aukštas,52.0
2991.0,Valdas Rakutis,Prieš panyrant į sutemas. Lietuva XVIII amžiuje,,LT,Alma littera,2022.0,Istorija,,,9786090151785.0,"Spinta J, 17 lentyna (Lietuvos istoriografija)",geraknyga.lt nurodo 2023 m.,E31. Istorijos biblioteka,Šalių ir epochų istorijos,K03001,Lentynoje,,,,,,,,,2026-09-17 15:21:00,g@cool.lt,Paupio 2 aukštas,52.0
2992.0,,(neįskaityta nugarėlė),,LT,,,,,,,,sena pageltusi knyga dešiniajame krašte · PATIKSLINTI,,,K03002,Lentynoje,,,,,,,,,2026-09-16 17:02:00,g@cool.lt,Paupio 2 aukštas,52.0
2993.0,,(neįskaityta nugarėlė),,LT,,,,,,,,sena pageltusi knyga dešiniajame krašte · PATIKSLINTI,,,K03003,Lentynoje,,,,,,,,,2026-09-16 17:02:00,g@cool.lt,Paupio 2 aukštas,52.0
2995.0,Inga Leonavičiūtė,1009 metai: Brunono Kverfurtiečio misija,,LT,Aidai,2006.0,Istorija,,,9789955656227.0,"Spinta J, 10 niša (sodininkystė, mišri)",Aidai,E31. Istorijos biblioteka,Šalių ir epochų istorijos,K03005,Lentynoje,,,,,,,,,2026-09-17 15:21:00,g@cool.lt,Paupio 2 aukštas,53.0
2996.0,,1009. Šv. Brunono misija,,LT,,,,,,,,"nugarėlė iš dalies uždengta, serija Fontes ecclesiastici · PATIKSLINTI",,,K03006,Lentynoje,,,,,,,,,2026-09-16 17:02:00,g@cool.lt,Paupio 2 aukštas,53.0
2998.0,Zigmas Zinkevičius,Lietuvių kalbos istorija,,LT,Mokslas,,Kalbotyra,,,,"Spinta J, 18 lentyna (kultūros istorija)","II tomas · daugiatomis (t. 1–6 Mokslas 1984–1994, t. 7 1995) – tomas nenurodytas","H48. Menas, kalbos, pomėgiai",Kalbos ir žodynai,K03008,Lentynoje,,,,,,,,,2026-09-17 15:21:00,g@cool.lt,Paupio 2 aukštas,53.0
3000.0,Э. Б. Тайлор,Первобытная культура,Primitive Culture,RU,,,Antropologija,,,,"Spinta J, 18 lentyna (kultūros istorija)",Библиотека атеистической литературы · leidinio rasti nepavyko,"D25. Sociologija, semiotika, antropologija",,K03010,Lentynoje,,,,,,,,,2026-09-17 15:21:00,g@cool.lt,Paupio 2 aukštas,53.0
3003.0,Jurgis Baltrušaitis,Visuotinė meno istorija,,LT,Šviesa,1992.0,Meno istorija,,,,"Spinta J, 18 lentyna (kultūros istorija)",1 tomas · 2 tomai; yra ir originalus 1934/1939 m. leidimas,E27. LDK ir Lietuvos istorija,Sintezės ir monografijos,K03013,Lentynoje,,,,,,,,,2026-09-17 15:21:00,g@cool.lt,Paupio 2 aukštas,53.0
3004.0,Leonas Karsavinas,Europos kultūros istorija,,LT,Vaga,,,,,,,2 tomas · 5 tomų Vagos leidimas (1991–1998); tomas nenurodytas,,,K03014,Lentynoje,,,,,,,,,2026-09-16 17:02:00,g@cool.lt,Paupio 2 aukštas,53.0
3005.0,Algirdas Julius Greimas,Tautos atminties beieškant: apie dievus ir žmones,,LT,Mokslas,1990.0,Semiotika / kultūrologija,,,9785420008300.0,"Spinta J, 18 lentyna (kultūros istorija)",,"D25. Sociologija, semiotika, antropologija",,K03015,Lentynoje,,,,,,,,,2026-09-17 15:21:00,g@cool.lt,Paupio 2 aukštas,53.0
3006.0,Algirdas Sabaliauskas,Žodžiai atgyja,,LT,,,,,,,,du leidimai: 1967 ir papildytas 2000 – neidentifikuota,,,K03016,Lentynoje,,,,,,,,,2026-09-16 17:02:00,g@cool.lt,Paupio 2 aukštas,53.0
3009.0,Leonas Karsavinas,Europos kultūros istorija,,LT,Vaga,,,,,,,1 tomas · 5 tomų Vagos leidimas (1991–1998); tomas nenurodytas,,,K03019,Lentynoje,,,,,,,,,2026-09-16 17:02:00,g@cool.lt,Paupio 2 aukštas,53.0
3010.0,,(neįskaityta nugarėlė),,LT,,,,,,,,"tamsiai mėlyna nugarėlė su ženklu „KF"" · PATIKSLINTI",,,K03020,Lentynoje,,,,,,,,,2026-09-16 17:02:00,g@cool.lt,Paupio 2 aukštas,53.0
3011.0,"Vytenis Almonaitis, Junona Almonaitienė",Karšuvos žemė XIII–XIV amžiuje: praeitis ir paveldas,,LT,Keliautojo žinyunas,2020.0,Istorija,,,,"Spinta J, 18 lentyna (kultūros istorija)",,E31. Istorijos biblioteka,Šalių ir epochų istorijos,K03021,Lentynoje,,,,,,,,,2026-09-17 15:21:00,g@cool.lt,Paupio 2 aukštas,53.0
3015.0,,(neįskaityta nugarėlė),,LT,,,,,,,,"balta pakrypusi knyga, ALK / Baltos lankos · PATIKSLINTI",,,K03025,Lentynoje,,,,,,,,,2026-09-16 17:02:00,g@cool.lt,Paupio 2 aukštas,53.0
3017.0,,(neįskaityta nugarėlė),,LT,,,,,,,,alyvinė knyga pačiame kairiajame krašte · PATIKSLINTI,,,K03027,Lentynoje,,,,,,,,,2026-09-16 17:02:00,g@cool.lt,Paupio 2 aukštas,54.0
3018.0,,(neįskaityta nugarėlė),,LT,,,,,,,,didelė tamsiai mėlyna knyga be užrašo · PATIKSLINTI,,,K03028,Lentynoje,,,,,,,,,2026-09-16 17:02:00,g@cool.lt,Paupio 2 aukštas,54.0
3019.0,,(neįskaityta nugarėlė),,LT,,,,,,,,"sena pageltusi knyga, padėta įstrižai ant kitų · PATIKSLINTI",,,K03029,Lentynoje,,,,,,,,,2026-09-16 17:02:00,g@cool.lt,Paupio 2 aukštas,54.0
3020.0,,(neįskaityta nugarėlė),,LT,,,,,,,,"kreminė knyga, tekstas nublukęs · PATIKSLINTI",,,K03030,Lentynoje,,,,,,,,,2026-09-16 17:02:00,g@cool.lt,Paupio 2 aukštas,54.0
3021.0,,(neįskaityta nugarėlė),,LT,,,,,,,,"balta nugarėlė, matyti tik žodis „žolelių"" · PATIKSLINTI",,,K03031,Lentynoje,,,,,,,,,2026-09-16 17:02:00,g@cool.lt,Paupio 2 aukštas,54.0
3022.0,Ursula Braun-Bernhart,Balkonai ir terasos,,,,,,,,,,leidinio duomenų rasti nepavyko (greičiausiai ta pati Aktėjos serija kaip Nr. 571–574),,,K03032,Lentynoje,,,,,,,,,2026-09-16 17:02:00,g@cool.lt,Paupio 2 aukštas,54.0
3023.0,Katharina Adams,Bukmedis,,,,,,,,,,leidinio duomenų rasti nepavyko,,,K03033,Lentynoje,,,,,,,,,2026-09-16 17:02:00,g@cool.lt,Paupio 2 aukštas,54.0
3024.0,Anja Flehmig,ūksmingi sodai,,LT,,,,,,,,leidinio duomenų rasti nepavyko,,,K03034,Lentynoje,,,,,,,,,2026-09-16 17:02:00,g@cool.lt,Paupio 2 aukštas,54.0
3025.0,Brigitte Klemme,Alergijos nesukeliantis sodas,,LT,Aktėja,2008.0,,,,,,,,,K03035,Lentynoje,,,,,,,,,2026-09-16 17:02:00,g@cool.lt,Paupio 2 aukštas,54.0
3027.0,Brigitte Klemme,Alergijos nesukeliantis sodas,,LT,Aktėja,2008.0,,,,,,antras egzempliorius · tas pats leidimas kaip Nr. 571,,,K03037,Lentynoje,,,,,,,,,2026-09-16 17:02:00,g@cool.lt,Paupio 2 aukštas,54.0
3028.0,Ursula Braun-Bernhart,Mažasis sodas,,LT,Aktėja,2008.0,,,,,,antras egzempliorius · tas pats leidimas kaip Nr. 572,,,K03038,Lentynoje,,,,,,,,,2026-09-16 17:02:00,g@cool.lt,Paupio 2 aukštas,54.0
3029.0,Katharina Adams,Bukmedis,,,,,,,,,,antras egzempliorius · leidinio duomenų rasti nepavyko,,,K03039,Lentynoje,,,,,,,,,2026-09-16 17:02:00,g@cool.lt,Paupio 2 aukštas,54.0
3030.0,,(neįskaityta nugarėlė),,LT,,,,,,,,balta nugarėlė be užrašo · PATIKSLINTI,,,K03040,Lentynoje,,,,,,,,,2026-09-16 17:02:00,g@cool.lt,Paupio 2 aukštas,54.0
3031.0,,Plants for Shade,,,,,,,,,,tokiu pavadinimu yra kelios skirtingų autorių knygos – neidentifikuota,,,K03041,Lentynoje,,,,,,,,,2026-09-16 17:02:00,g@cool.lt,Paupio 2 aukštas,54.0
3032.0,,1000 хитрых советов,,RU,,,,,,,,"žalia nugarėlė, pavadinimas iš dalies uždengtas · PATIKSLINTI",,,K03042,Lentynoje,,,,,,,,,2026-09-16 17:02:00,g@cool.lt,Paupio 2 aukštas,54.0
3034.0,,(neįskaityta nugarėlė),,LT,,,,,,,,knyga gruzinų kalba · PATIKSLINTI,,,K03044,Lentynoje,,,,,,,,,2026-09-16 17:02:00,g@cool.lt,Paupio 2 aukštas,54.0
3035.0,,RHS Simple Steps to Success: Clematis and Climbers,,EN,,,,,,,,leidinio duomenų patvirtinti nepavyko,,,K03045,Lentynoje,,,,,,,,,2026-09-16 17:02:00,g@cool.lt,Paupio 2 aukštas,54.0
3036.0,,Naujasis kambarinių augalų priežiūros vadovas,,LT,,,,,,,,DK · leidinio rasti nepavyko,,,K03046,Lentynoje,,,,,,,,,2026-09-16 17:02:00,g@cool.lt,Paupio 2 aukštas,54.0
3037.0,Alan Toogood (sud.),Propagating Plants,,,DK,,,,,,,"DK · keli leidimai (1999, 2019) – metai nenustatyti",,,K03047,Lentynoje,,,,,,,,,2026-09-16 17:02:00,g@cool.lt,Paupio 2 aukštas,54.0
3038.0,Halina Heitz,Gėlių knyga. Puikus žinynas,,LT,Gamta,1996.0,,,,,,,,,K03048,Lentynoje,,,,,,,,,2026-09-16 17:02:00,g@cool.lt,Paupio 2 aukštas,54.0
3039.0,,Lengvai prižiūrimas sodas,,LT,,,,,,,,Reader's Digest · leidinio rasti nepavyko,,,K03049,Lentynoje,,,,,,,,,2026-09-16 17:02:00,g@cool.lt,Paupio 2 aukštas,54.0
3040.0,,(gėlių enciklopedija),,LT,,,,,,,,pavadinimas neįskaitomas · PATIKSLINTI,,,K03050,Lentynoje,,,,,,,,,2026-09-16 17:02:00,g@cool.lt,Paupio 2 aukštas,54.0
3041.0,sara altshul ir dr. pamela hops,Vaistinė jūsų virtuvėje. 1000 naminių receptų jūsų sveikatai,,LT,Alma littera,2013.0,,,389.0,,,,,,K03051,Lentynoje,,,10.0,2014-01-01 00:00:00,Tarasonių biblioteka,,,,2026-09-18 20:11:00,g@cool.lt,Paupio virtuvė,2.0
3042.0,Татьяна Койсман,Цветники,,RU,Эксмо,2011.0,,,,9785699394029.0,,Эксмо,,,K03052,Lentynoje,,,,,,,,,2026-09-16 17:02:00,g@cool.lt,Paupio 2 aukštas,54.0
3043.0,,(neįskaityta nugarėlė),,LT,,,,,,,,plona balta/žalia nugarėlė be užrašo · PATIKSLINTI,,,K03053,Lentynoje,,,,,,,,,2026-09-16 17:02:00,g@cool.lt,Paupio 2 aukštas,54.0
3044.0,,Обрезка растений,,RU,,,,,,,,leidinio rasti nepavyko,,,K03054,Lentynoje,,,,,,,,,2026-09-16 17:02:00,g@cool.lt,Paupio 2 aukštas,54.0
3045.0,,(neįskaityta nugarėlė),,LT,,,,,,,,brošiūtų/žurnalų krūvelė · PATIKSLINTI,,,K03055,Lentynoje,,,,,,,,,2026-09-16 17:02:00,g@cool.lt,Paupio 2 aukštas,54.0
3046.0,Eugène Müntz,Leonardo da Vinci,,,,,,,,,,"Parkstone International · daug perspaudų (Heinemann 1898; Parkstone, Kessinger ir kt.) – neidentifikuota",,,K03056,Lentynoje,,,,,,,,,2026-09-16 17:02:00,g@cool.lt,Paupio 2 aukštas,54.0
3047.0,Stendhal,Raudona ir juoda,Le Rouge et le Noir,Lietuvių,,,Klasika,,,,"Spinta J, 27 niša (kolekciniai leidimai)",keli lietuviški leidimai (Vaga 1988 PLB Nr. 44; Jotema 2011) – neidentifikuota,C18. Kolekciniai leidimai,,K03057,Lentynoje,,,,,,,,,2026-09-17 15:21:00,g@cool.lt,Paupio 2 aukštas,55.0
3048.0,Henry Fielding,Tom Jones,The History of Tom Jones,Lietuvių (?),,,Klasika,,,,"Spinta J, 27 niša (kolekciniai leidimai)",daug leidimų; konkretus leidimas neidentifikuotas (435 leidimai),C18. Kolekciniai leidimai,,K03058,Lentynoje,,,,,,,,,2026-09-17 15:21:00,g@cool.lt,Paupio 2 aukštas,55.0
3050.0,Milton Crane (sud.),50 Great Short Stories,,Anglų,Bantam Classics,,Apsakymai / antologija,,,,"Spinta J, 27 niša (kolekciniai leidimai)","ant nugarėlės matyti tik „50"" ir autorių sąrašas · PATIKSLINTI",A3. Klasikos kanonas (pagal šalis),Anglų klasika,K03060,Lentynoje,,,,,,,,,2026-09-17 15:21:00,g@cool.lt,Paupio 2 aukštas,55.0
3051.0,Charles Dickens,Pasakojimas apie du miestus,A Tale of Two Cities,Lietuvių,,,Romanas,Istorinio romano biblioteka (IRB),,,"Spinta J, 25 niša (Mark Twain)",Istorinio romano biblioteka · keli lietuviški leidimai (Alka 1999; Baltos lankos 2013) – neidentifikuota,A3. Klasikos kanonas (pagal šalis),Anglų klasika ★ pora: originalas + vertimas,K03061,Lentynoje,,,,,,,,,2026-09-17 15:21:00,g@cool.lt,Paupio 2 aukštas,56.0
3053.0,Бернард Шоу,Пьесы,,RU,,,,,,,,leidinio rasti nepavyko,,,K03063,Lentynoje,,,,,,,,,2026-09-16 17:02:00,g@cool.lt,Paupio 2 aukštas,56.0
3054.0,Марк Твен,(pavadinimas neįskaitomas),,RU,,,,,,,,ruda odinė nugarėlė · PATIKSLINTI,,,K03064,Lentynoje,,,,,,,,,2026-09-16 17:02:00,g@cool.lt,Paupio 2 aukštas,56.0
3058.0,"O. Henris, Džekas Londonas",(pavadinimas nenurodytas),,LT,,,,,,,,ant nugarėlės tik autorių pavardės · PATIKSLINTI,,,K03068,Lentynoje,,,,,,,,,2026-09-16 17:02:00,g@cool.lt,Paupio 2 aukštas,56.0
3059.0,Charles Dickens,The Pickwick Papers,,EN,Signet,,Romanas,,,,"Spinta J, 26 niša (Penguin klasika)",Romanas pirmą kartą išleistas 1836–1837 m.; OpenLibrary nurodo klaidingus 1800 m. Konkretus turimas leidimas nenustatytas (539 leidimai),A3. Klasikos kanonas (pagal šalis),Anglų klasika,K03069,Lentynoje,,,,,,,,,2026-09-17 15:21:00,g@cool.lt,Paupio 2 aukštas,57.0
3066.0,"Kevin Richardson, Tony Park",Part of the Pride,,EN,St. Martin's Press,2009.0,Gamta / memuarai,,,,"Spinta J, 23 niša (kelionių istorijos)",OpenLibrary: pirmas leidimas 2009 m. (4 leidimai); leidykla ir ISBN nepatikslinti,E32. Biografijos ir memuarai,Asmenybės ir memuarai,K03076,Lentynoje,,,,,,,,,2026-09-17 15:21:00,g@cool.lt,Paupio 2 aukštas,58.0
3067.0,,South Africa,,Anglų,,,Fotografija / kelionės,,,,"Medinė lentyna, 1 lentyna (kelionės)","Insight Guides / Discovery Channel · Įvestyje nėra autoriaus, pavadinimas per bendras — knygos identifikuoti neįmanoma","H47. Kelionės, atlasai, geografija",Kelionių literatūra,K03077,Lentynoje,,,,,,,,,2026-09-17 15:21:00,g@cool.lt,Paupio 2 aukštas,58.0
3072.0,Juhanas Smuulis,Ledinė knyga,,LT,,1980.0,,,,,,"Keli leidimai; knygos.lt egzemplioriaus aprašas nurodo 1980 m. Leidykla nenurodyta, ISBN sovietiniam leidimui nesuteiktas",,,K03082,Lentynoje,,,,,,,,,2026-09-16 17:02:00,g@cool.lt,Paupio 2 aukštas,58.0
3073.0,,(neįskaityta nugarėlė),,LT,,,,,,,,pilko audinio viršelis be užrašo · PATIKSLINTI,,,K03083,Lentynoje,,,,,,,,,2026-09-16 17:02:00,g@cool.lt,Paupio 2 aukštas,58.0
3074.0,Ю. Кононов,Страна субтропиков и заснеженных гор,,RU,,,Kelionės / geografija,,,,"Spinta J, 23 niša (kelionių istorijos)",Rusiškas leidinys; patikimo šaltinio rasti nepavyko,"H47. Kelionės, atlasai, geografija",Kelionių literatūra,K03084,Lentynoje,,,,,,,,,2026-09-17 15:21:00,g@cool.lt,Paupio 2 aukštas,58.0
3075.0,,(neįskaityta nugarėlė),,LT,,,,,,,,"pageltusi, nublukusi nugarėlė · PATIKSLINTI",,,K03085,Lentynoje,,,,,,,,,2026-09-16 17:02:00,g@cool.lt,Paupio 2 aukštas,59.0
3076.0,,(neįskaityta nugarėlė),,LT,,,,,,,,"pageltusi, nublukusi nugarėlė · PATIKSLINTI",,,K03086,Lentynoje,,,,,,,,,2026-09-16 17:02:00,g@cool.lt,Paupio 2 aukštas,59.0
3077.0,Anatolijus Pankovas,Oimiakono meridianas,,,Vaga,1984.0,,,,,,Vertė Laimonas Inis; ISBN sovietiniam leidimui nesuteiktas,,,K03087,Lentynoje,,,,,,,,,2026-09-16 17:02:00,g@cool.lt,Paupio 2 aukštas,59.0
3078.0,Irenėjus Eibl-Eibesfeldtas,Galapagų salos,,LT,Vaga,1975.0,,,,,,Vertė Arvydas Galginas; ISBN sovietiniam leidimui nesuteiktas,,,K03088,Lentynoje,,,,,,,,,2026-09-16 17:02:00,g@cool.lt,Paupio 2 aukštas,59.0
3079.0,,(neįskaityta nugarėlė),,LT,,,,,,,,nublukęs įspaustas tekstas · PATIKSLINTI,,,K03089,Lentynoje,,,,,,,,,2026-09-16 17:02:00,g@cool.lt,Paupio 2 aukštas,59.0
3080.0,Sigfridas Siuder(?),(neįskaityta nugarėlė),,LT,,,,,,,,"nublukęs mėlynas tekstas, autoriaus pavardė neaiški · PATIKSLINTI",,,K03090,Lentynoje,,,,,,,,,2026-09-16 17:02:00,g@cool.lt,Paupio 2 aukštas,59.0
3081.0,,(neįskaityta nugarėlė),,LT,,,,,,,,žalia pakrypusi knyga · PATIKSLINTI,,,K03091,Lentynoje,,,,,,,,,2026-09-16 17:02:00,g@cool.lt,Paupio 2 aukštas,59.0
3085.0,,(neįskaityta nugarėlė),,LT,,,,,,,,"sena suirusi knyga, nugarėlė nuplyšusi · PATIKSLINTI",,,K03095,Lentynoje,,,,,,,,,2026-09-16 17:02:00,g@cool.lt,Paupio 2 aukštas,60.0
3086.0,T. Hejerdalas,(pavadinimas neįskaitomas),,LT,,,,,,,,ant nugarėlės matyti tik autorius · PATIKSLINTI,,,K03096,Lentynoje,,,,,,,,,2026-09-16 17:02:00,g@cool.lt,Paupio 2 aukštas,60.0
3087.0,,(neįskaityta nugarėlė),,LT,,,,,,,,kreminė knyga be užrašo · PATIKSLINTI,,,K03097,Lentynoje,,,,,,,,,2026-09-16 17:02:00,g@cool.lt,Paupio 2 aukštas,60.0
3088.0,Albertas Šveiceris,Tarp vandenų ir džiunglių,,LT,,,,,,,,"Lietuviškas leidimas priklauso „Horizontų“ serijai, tačiau metų/leidyklos patvirtinti nepavyko",,,K03098,Lentynoje,,,,,,,,,2026-09-16 17:02:00,g@cool.lt,Paupio 2 aukštas,60.0
3089.0,Boleslovas Prusas,Faraonas,Faraon,Lietuvių,Mintis,1986.0,Istorinis romanas,Istorinio romano biblioteka (IRB),,,"Spinta J, 21 niša (Antika, Troja)",Istorinio romano biblioteka · Keli lietuviški leidimai (yra ir ankstesnis 2 tomų); pasirinktas 1986 m. vientomis. ISBN nesuteiktas,A3. Klasikos kanonas (pagal šalis),Kita klasika ir antologijos,K03099,Lentynoje,,,,,,,,,2026-09-17 15:21:00,g@cool.lt,Paupio 2 aukštas,60.0
3090.0,Andrė Židas,Kongo šalyje,,LT,,,,,,,,serija Kultūrų pėdsakais · Patikimo šaltinio rasti nepavyko,,,K03100,Lentynoje,,,,,,,,,2026-09-16 17:02:00,g@cool.lt,Paupio 2 aukštas,61.0
3091.0,D. Braunas,Užkaskit mano širdį prie Vundid Ny,Bury My Heart at Wounded Knee,LT,Mintis,1984.0,Istorija,,,,"Spinta J, 22 niša (tautų mitai)",Vertė V. Petrukaitis; ISBN sovietiniam leidimui nesuteiktas,E31. Istorijos biblioteka,Šalių ir epochų istorijos,K03101,Lentynoje,,,,,,,,,2026-09-17 15:21:00,g@cool.lt,Paupio 2 aukštas,61.0
3092.0,David Kalākaua,The Legends and Myths of Hawaii,,EN,Mutual Publishing,,Mitologija,,,,"Spinta J, 22 niša (tautų mitai)","Mutual · Keli leidimai (1888 originalas, 1990 ir 2018 perleidimai); konkretus nenustatytas",D24. Mitologija ir tautosaka,,K03102,Lentynoje,,,,,,,,,2026-09-17 15:21:00,g@cool.lt,Paupio 2 aukštas,61.0
3094.0,,(neįskaityta nugarėlė),,LT,,,,,,,,žalias leidinys be užrašo nugarėlėje · PATIKSLINTI,,,K03104,Lentynoje,,,,,,,,,2026-09-16 17:02:00,g@cool.lt,Paupio 2 aukštas,62.0
3095.0,,(neįskaityta nugarėlė),,LT,,,,,,,,šviesiai mėlynas leidinys be užrašo nugarėlėje · PATIKSLINTI,,,K03105,Lentynoje,,,,,,,,,2026-09-16 17:02:00,g@cool.lt,Paupio 2 aukštas,62.0
3097.0,Antanas Poška,Nuo Baltijos iki Bengalijos,,LT,Vilko takas,,Kelionės,,,,"Spinta J, 19 niša (baltistika)","III tomas, Vilko takas · 8 dalių serija, leista 2002–2012 m.; konkreti dalis, metai ir ISBN nenustatyti","H47. Kelionės, atlasai, geografija",Kelionių literatūra,K03107,Lentynoje,,,,,,,,,2026-09-17 15:21:00,g@cool.lt,Paupio 2 aukštas,62.0
3099.0,,(neįskaityta nugarėlė),,LT,,,,,,,,tamsiai žalia nugarėlė kairiajame krašte · PATIKSLINTI,,,K03109,Lentynoje,,,,,,,,,2026-09-16 17:02:00,g@cool.lt,Paupio 2 aukštas,63.0
3100.0,,(neįskaityta nugarėlė),,LT,,,,,,,,"pilka nugarėlė, nuotrauka neryški; galbūt „...užrašų eilėraščiai"" · PATIKSLINTI",,,K03110,Lentynoje,,,,,,,,,2026-09-16 17:02:00,g@cool.lt,Paupio 2 aukštas,63.0
3102.0,,(neįskaityta nugarėlė),,LT,,,,,,,,plona raudona nugarėlė be užrašo · PATIKSLINTI,,,K03112,Lentynoje,,,,,,,,,2026-09-16 17:02:00,g@cool.lt,Paupio 2 aukštas,63.0
3103.0,,(neįskaityta nugarėlė),,LT,,,,,,,,balta nugarėlė be užrašo · PATIKSLINTI,,,K03113,Lentynoje,,,,,,,,,2026-09-16 17:02:00,g@cool.lt,Paupio 2 aukštas,63.0
3104.0,Vytautas Tarasonis,Fizika,,LT,Žiburio leidykla,,,,,,,"Mokyklinių vadovėlių serija (kelios dalys, 11–12 kl., apie 2002 m.); konkreti dalis ir metai nenustatyti",,,K03114,Lentynoje,,,,,,,,,2026-09-16 17:02:00,g@cool.lt,Paupio 2 aukštas,63.0
3105.0,Gediminas Vitkus (sud.),"Lietuvos narystė Europos Sąjungoje. Patirtys, tendencijos, refleksijos",,LT,Vilniaus universiteto leidykla,2021.0,,,,9786090706589.0,,Yra ir antras ISBN 9786090706596 (el. leidimas),,,K03115,Lentynoje,,,,,,,,,2026-09-16 17:02:00,g@cool.lt,Paupio 2 aukštas,63.0
3106.0,,(neįskaityta nugarėlė),,LT,,,,,,,,balta nugarėlė be užrašo · PATIKSLINTI,,,K03116,Lentynoje,,,,,,,,,2026-09-16 17:02:00,g@cool.lt,Paupio 2 aukštas,63.0
3108.0,,(neįskaityta nugarėlė),,LT,,,,,,,,ruda nugarėlė be užrašo · PATIKSLINTI,,,K03118,Lentynoje,,,,,,,,,2026-09-16 17:02:00,g@cool.lt,Paupio 2 aukštas,63.0
3110.0,Edward N. Luttwak,The Grand Strategy of the Roman Empire,,EN,Johns Hopkins University Press,,Istorija / strategija,,,,"Spinta H, 7 lentyna",revised and updated edition · Du skirtingi leidimai (1976 originalas ir 2016 papildytas); konkretus nenustatytas,E26. Antikos ir viduramžių istorija,,K03120,Lentynoje,,,,,,,,,2026-09-17 15:21:00,g@cool.lt,Paupio Žydriaus,1.0
3111.0,,(neįskaityta nugarėlė),,LT,,,,,,,,"mėlyna knyga, nugarėlė beveik uždengta · PATIKSLINTI",,,K03121,Lentynoje,,,,,,,,,2026-09-16 17:02:00,g@cool.lt,Paupio Žydriaus,1.0
3112.0,Luo Guanzhong,"Троецарствие, т. 1",,RU,,,,,,,,"rusiškas leidimas, autorius nurodytas pagal kūrinį · PATIKSLINTI",,,K03122,Lentynoje,,,,,,,,,2026-09-16 17:02:00,g@cool.lt,Paupio Žydriaus,1.0
3114.0,Габриэль Гарсия Маркес,(pavadinimas neįskaitytas),,RU,,,,,,,,rusiškas leidimas · PATIKSLINTI,,,K03124,Lentynoje,,,,,,,,,2026-09-16 17:02:00,g@cool.lt,Paupio Žydriaus,1.0
3115.0,Luigi Pirandello,"Vienas, nėvienas ir šimtas tūkstančių","Uno, nessuno e centomila",LT,,,Romanas,,,,"Spinta H, 7 lentyna",PATIKSLINTI,A6. XX a. modernizmas,,K03125,Lentynoje,,,,,,,,,2026-09-17 15:21:00,g@cool.lt,Paupio Žydriaus,1.0
3116.0,Jorge Luis Borges,"(pavadinimas rašytiniu šriftu, neįskaitytas)",,LT,,,,,,,,balta nugarėlė · PATIKSLINTI,,,K03126,Lentynoje,,,,,,,,,2026-09-16 17:02:00,g@cool.lt,Paupio Žydriaus,1.0
3117.0,Aidas Marčėnas,Mirkt,,LT,,,,,,,,PATIKSLINTI,,,K03127,Lentynoje,,,,,,,,,2026-09-16 17:02:00,g@cool.lt,Paupio Žydriaus,1.0
3118.0,Jorge Luis Borges,Labyrinths,,,,1962.0,,,,,,New Directions NDP186 · OpenLibrary: pirmas leidimas 1962 m. (27 leidimai); konkretus leidimas nenustatytas,,,K03128,Lentynoje,,,,,,,,,2026-09-16 17:02:00,g@cool.lt,Paupio Žydriaus,1.0
3122.0,Kapka Kassabova,Elixir,,,,2023.0,,,,,,OpenLibrary: 2023 m. (5 leidimai); leidykla ir ISBN nepatikslinti,,,K03132,Lentynoje,,,,,,,,,2026-09-16 17:02:00,g@cool.lt,Paupio Žydriaus,1.0
3125.0,Winston S. Churchill,"Antrasis pasaulinis karas, II tomas",,,,,,,,,,Briedis · PATIKSLINTI,,,K03135,Lentynoje,,,,,,,,,2026-09-16 17:02:00,g@cool.lt,Paupio Žydriaus,1.0
3129.0,Chulijas Kortasaras,Žaidžiame „klases“,,LT,,1978.0,,,,,,"senesnis leidimas · Sovietinis leidimas (transliteruotas autoriaus vardas). Leidykla nepatvirtinta, ISBN nesuteiktas",,,K03139,Lentynoje,,,,,,,,,2026-09-16 17:02:00,g@cool.lt,Paupio Žydriaus,1.0
3132.0,Yuval Noah Harari,Sapiens,,,,2011.0,,,,,,guli viršuje · Originalas 2011 m. (86 leidimai); konkretus leidimas nenustatytas,,,K03142,Lentynoje,,,,,,,,,2026-09-16 17:02:00,g@cool.lt,Paupio Žydriaus,1.0
3133.0,Jón Kalman Stefánsson,Dangus ir pragaras,,LT,Baltų lankų leidyba,2024.0,,,,,,"baltos lankos, guli viršuje · Vertė Rasa Baranauskienė; ISBN nepatikslintas",,,K03143,Lentynoje,,,,,,,,,2026-09-16 17:02:00,g@cool.lt,Paupio Žydriaus,1.0
3135.0,Matthew Cobb,The Idea of the Brain: The Past and Future of Neuroscience,,EN,Profile Books,2020.0,Mokslo populiarinimas,,,,"Spinta H, 8 lentyna",Leidykla ir ISBN nepatikslinti,F35. Gyvybės mokslai ir evoliucija,,K03145,Lentynoje,,,,,,,,,2026-09-17 15:21:00,g@cool.lt,Paupio Žydriaus,2.0
3136.0,Jędrzej Śniadecki,Theory of Organic Beings,,LT,,,,,,,,"nurodyti t. 2, 3 · PATIKSLINTI",,,K03146,Lentynoje,,,,,,,,,2026-09-16 17:02:00,g@cool.lt,Paupio Žydriaus,2.0
3137.0,Merlin Sheldrake,"Raizgus gyvenimas. Kaip grybai kuria mūsų pasaulį, keičia mąstymą ir formuoja ateitį",,LT,Baltos lankos,2021.0,,,,9786094795190.0,,,,,K03147,Lentynoje,,,,,,,,,2026-09-16 17:02:00,g@cool.lt,Paupio Žydriaus,2.0
3138.0,,(neįskaityta nugarėlė),,LT,,,,,,,,dekoruota nugarėlė auksinėmis raidėmis · PATIKSLINTI,,,K03148,Lentynoje,,,,,,,,,2026-09-16 17:02:00,g@cool.lt,Paupio Žydriaus,2.0
3139.0,,(neįskaityta nugarėlė),,LT,,,,,,,,"balta knyga, tekstas neįskaitomas · PATIKSLINTI",,,K03149,Lentynoje,,,,,,,,,2026-09-16 17:02:00,g@cool.lt,Paupio Žydriaus,2.0
3140.0,Thomas Sjöberg,"Ingmaras Bergmanas: meilė, seksas ir išdavystė",,LT,,,,,,,,Obuolys · PATIKSLINTI,,,K03150,Lentynoje,,,,,,,,,2026-09-16 17:02:00,g@cool.lt,Paupio Žydriaus,2.0
3141.0,Gerimantas Statinis,Pasiklydęs Amazonijoje: Mato Šalčiaus klajonių pėdsakais,,LT,Versus aureus,2008.0,,,,,,ISBN nepatikslintas,,,K03151,Lentynoje,,,,,,,,,2026-09-16 17:02:00,g@cool.lt,Paupio Žydriaus,2.0
3143.0,,Tibeto mirusiųjų knyga,,LT,Obuolys,2020.0,,,,9786094840364.0,,Obuolys · Keli lietuviški leidimai; pasirinktas 2020 m. (vertė Algirdas Kugevičius),,,K03153,Lentynoje,,,,,,,,,2026-09-16 17:02:00,g@cool.lt,Paupio Žydriaus,2.0
3144.0,Anne Sverdrup-Thygeson,(pavadinimas neįskaitytas),,LT,,,,,,,,nugarėlė uždengta · PATIKSLINTI,,,K03154,Lentynoje,,,,,,,,,2026-09-16 17:02:00,g@cool.lt,Paupio Žydriaus,2.0
3145.0,Andrius Kleiva,Ką veikia vabzdžių planeta,,LT,,,,,,,,gali būti A. Sverdrup-Thygeson knygos pavadinimas · PATIKSLINTI,,,K03155,Lentynoje,,,,,,,,,2026-09-16 17:02:00,g@cool.lt,Paupio Žydriaus,2.0
3146.0,Jevgenij Anisimov,Rusijos istorija,,,,,,,,,,PATIKSLINTI,,,K03156,Lentynoje,,,,,,,,,2026-09-16 17:02:00,g@cool.lt,Paupio Žydriaus,2.0
3147.0,,Fabulosai!,,,,,,,,,,autorius ant nugarėlės nematomas · PATIKSLINTI,,,K03157,Lentynoje,,,,,,,,,2026-09-16 17:02:00,g@cool.lt,Paupio Žydriaus,2.0
3148.0,,(neįskaityta nugarėlė),,LT,,,,,,,,auksinė knyga su figūromis · PATIKSLINTI,,,K03158,Lentynoje,,,,,,,,,2026-09-16 17:02:00,g@cool.lt,Paupio Žydriaus,2.0
3149.0,Paul Baker (red. Margaret Mead),Cultural Patterns and Technical Change,,EN,,,,,,,,PATIKSLINTI,,,K03159,Lentynoje,,,,,,,,,2026-09-16 17:02:00,g@cool.lt,Paupio Žydriaus,2.0
3150.0,Варлам Шаламов,Колымские рассказы,,RU,,,,,,,,"OpenLibrary: pirmas leidimas 1978 m. (YMCA-Press, Paryžius); turimas rusiškas leidimas nenustatytas",,,K03160,Lentynoje,,,,,,,,,2026-09-16 17:02:00,g@cool.lt,Paupio Žydriaus,2.0
3151.0,Gabriel García Márquez,Patriarcho ruduo,,,Alma littera,2006.0,,,,9789955241072.0,,"Keli lietuviški leidimai; pasirinktas 2006 m., vertė Valdas V. Petrauskas",,,K03161,Lentynoje,,,,,,,,,2026-09-16 17:02:00,g@cool.lt,Paupio Žydriaus,2.0
3152.0,Lewis Carroll,Alice's Adventures in Wonderland,,EN,,,,,,,,autorius spėjamas pagal pavadinimą · Originalas 1865 m.; 3500+ leidimų — konkretus nenustatytas,,,K03162,Lentynoje,,,,,,,,,2026-09-16 17:02:00,g@cool.lt,Paupio Žydriaus,2.0
3153.0,Лев Гумилёв,Этногенез и биосфера Земли,,RU,,,Istorija / etnologija,,,,"Spinta H, 8 lentyna",PATIKSLINTI,E31. Istorijos biblioteka,Šalių ir epochų istorijos,K03163,Lentynoje,,,,,,,,,2026-09-17 15:21:00,g@cool.lt,Paupio Žydriaus,2.0
3154.0,,Etologija (medžiojamųjų gyvūnų),,LT,,,,,,,,nugarėlė blogai įskaitoma · PATIKSLINTI,,,K03164,Lentynoje,,,,,,,,,2026-09-16 17:02:00,g@cool.lt,Paupio Žydriaus,2.0
3155.0,,(neįskaityta nugarėlė),,LT,,,,,,,,didelis baltas albumas · PATIKSLINTI,,,K03165,Lentynoje,,,,,,,,,2026-09-16 17:02:00,g@cool.lt,Paupio Žydriaus,3.0
3156.0,,(neįskaityta nugarėlė),,LT,,,,,,,,baltas albumas · PATIKSLINTI,,,K03166,Lentynoje,,,,,,,,,2026-09-16 17:02:00,g@cool.lt,Paupio Žydriaus,3.0
3157.0,,(neįskaityta nugarėlė),,LT,,,,,,,,baltas albumas · PATIKSLINTI,,,K03167,Lentynoje,,,,,,,,,2026-09-16 17:02:00,g@cool.lt,Paupio Žydriaus,3.0
3158.0,,nowy napis 2,,,,,,,,,,lenkiškas žurnalas · PATIKSLINTI,,,K03168,Lentynoje,,,,,,,,,2026-09-16 17:02:00,g@cool.lt,Paupio Žydriaus,3.0
3159.0,,Saga wołyńska. Głód,,,,,,,,,,autorius neįskaitytas · PATIKSLINTI,,,K03169,Lentynoje,,,,,,,,,2026-09-16 17:02:00,g@cool.lt,Paupio Žydriaus,3.0
3160.0,,(neįskaityta nugarėlė),,LT,,,,,,,,albumas be užrašų · PATIKSLINTI,,,K03170,Lentynoje,,,,,,,,,2026-09-16 17:02:00,g@cool.lt,Paupio Žydriaus,3.0
3161.0,,(neįskaityta nugarėlė),,LT,,,,,,,,albumas be užrašų · PATIKSLINTI,,,K03171,Lentynoje,,,,,,,,,2026-09-16 17:02:00,g@cool.lt,Paupio Žydriaus,3.0
3162.0,,(neįskaityta nugarėlė),,LT,,,,,,,,plona raudona knyga · PATIKSLINTI,,,K03172,Lentynoje,,,,,,,,,2026-09-16 17:02:00,g@cool.lt,Paupio Žydriaus,3.0
3163.0,,Dizionario fondamentale della lingua italiana per stranieri,,,,,,,,,,PATIKSLINTI,,,K03173,Lentynoje,,,,,,,,,2026-09-16 17:02:00,g@cool.lt,Paupio Žydriaus,3.0
3164.0,Carlo Collodi,Le avventure di Pinocchio,,,,,,,,,,Originalas 1883 m.; 400+ leidimų — konkretus nenustatytas,,,K03174,Lentynoje,,,,,,,,,2026-09-16 17:02:00,g@cool.lt,Paupio Žydriaus,3.0
3165.0,Friedrich Hölderlin,(pavadinimas neįskaitytas),,LT,,,,,,,,"Wagenbach, plona knyga · PATIKSLINTI",,,K03175,Lentynoje,,,,,,,,,2026-09-16 17:02:00,g@cool.lt,Paupio Žydriaus,3.0
3166.0,,The Qur'an,,EN,,,,,,,,Saheeh International · PATIKSLINTI,,,K03176,Lentynoje,,,,,,,,,2026-09-16 17:02:00,g@cool.lt,Paupio Žydriaus,3.0
3167.0,,(neįskaityta nugarėlė),,LT,,,,,,,,tamsiai raudona plona knyga · PATIKSLINTI,,,K03177,Lentynoje,,,,,,,,,2026-09-16 17:02:00,g@cool.lt,Paupio Žydriaus,3.0
3168.0,,(neįskaityta nugarėlė),,LT,,,,,,,,"auksinė knyga, guli viršuje · PATIKSLINTI",,,K03178,Lentynoje,,,,,,,,,2026-09-16 17:02:00,g@cool.lt,Paupio Žydriaus,4.0
3169.0,"Eimantas Gudas, Žilvinė Petrauskaitė-Taranda",Gedimino kraujas. Lietuvos valdovų Gediminaičių dinastija: 112 vyrų ir moterų likimai,,LT,Alma littera,2024.0,,,,9786090158999.0,,"Alma littera · Įvestyje bendraautorės vardas netikslus (ne Živilė, o Žilvinė Petrauskaitė-Taranda)",,,K03179,Lentynoje,,,,,,,,,2026-09-16 17:02:00,g@cool.lt,Paupio Žydriaus,4.0
3170.0,Marcelijus Martinaitis,(pavadinimas neįskaitytas),,LT,,,,,,,,PATIKSLINTI,,,K03180,Lentynoje,,,,,,,,,2026-09-16 17:02:00,g@cool.lt,Paupio Žydriaus,4.0
3171.0,Paulius Širvys,(pavadinimas neįskaitytas),,LT,,,,,,,,PATIKSLINTI,,,K03181,Lentynoje,,,,,,,,,2026-09-16 17:02:00,g@cool.lt,Paupio Žydriaus,4.0
3172.0,Jonas Strielkūnas,(pavadinimas neįskaitytas),,LT,,,,,,,,PATIKSLINTI,,,K03182,Lentynoje,,,,,,,,,2026-09-16 17:02:00,g@cool.lt,Paupio Žydriaus,4.0
3173.0,Aistė Jurga Krasauskaitė (sud.),Juoda ir balta. Prisiminimai apie Stasį Krasauską,,LT,,2004.0,,,,,,OpenLibrary: 2004 m.; leidykla ir ISBN nepatikslinti,,,K03183,Lentynoje,,,,,,,,,2026-09-16 17:02:00,g@cool.lt,Paupio Žydriaus,4.0
3174.0,Ričardas Gavelis,(pavadinimas neįskaitytas),,LT,,,,,,,,PATIKSLINTI,,,K03184,Lentynoje,,,,,,,,,2026-09-16 17:02:00,g@cool.lt,Paupio Žydriaus,4.0
3175.0,Gintaras Beresnevičius,(pavadinimas neįskaitytas),,LT,,,,,,,,PATIKSLINTI,,,K03185,Lentynoje,,,,,,,,,2026-09-16 17:02:00,g@cool.lt,Paupio Žydriaus,4.0
3176.0,,(neįskaityta nugarėlė),,LT,,,,,,,,rusiška knyga · PATIKSLINTI,,,K03186,Lentynoje,,,,,,,,,2026-09-16 17:02:00,g@cool.lt,Paupio Žydriaus,4.0
3177.0,,(neįskaityta nugarėlė),,LT,,,,,,,,ruda knyga · PATIKSLINTI,,,K03187,Lentynoje,,,,,,,,,2026-09-16 17:02:00,g@cool.lt,Paupio Žydriaus,4.0
3178.0,,(neįskaityta nugarėlė),,LT,,,,,,,,maža tamsi knyga · PATIKSLINTI,,,K03188,Lentynoje,,,,,,,,,2026-09-16 17:02:00,g@cool.lt,Paupio Žydriaus,4.0
3179.0,,(neįskaitytos nugarėlės),,LT,,,,,,,,kelios plonos mėlynos knygelės · PATIKSLINTI,,,K03189,Lentynoje,,,,,,,,,2026-09-16 17:02:00,g@cool.lt,Paupio Žydriaus,4.0
3180.0,Eliza Orzeszkowa,Prie Nemuno,Nad Niemnem,Lietuvių,,,Romanas,,,,"Spinta H, 5 lentyna",PATIKSLINTI,A3. Klasikos kanonas (pagal šalis),Šiaurės ir Vidurio Europos klasika,K03190,Lentynoje,,,,,,,,,2026-09-17 15:21:00,g@cool.lt,Paupio Žydriaus,4.0
3181.0,Jurgis Kunčinas,Tūla,,LT,Lietuvos rašytojų sąjungos leidykla,,,,,,,"Keli leidimai (1993 pirmasis, 2007, 2024 ir kt.), visi tos pačios leidyklos; konkretus leidimas ir ISBN nenustatyti",,,K03191,Lentynoje,,,,,,,,,2026-09-16 17:02:00,g@cool.lt,Paupio Žydriaus,4.0
3182.0,Justinas Marcinkevičius,(pavadinimas neįskaitytas),,LT,,,,,,,,PATIKSLINTI,,,K03192,Lentynoje,,,,,,,,,2026-09-16 17:02:00,g@cool.lt,Paupio Žydriaus,4.0
3183.0,Vytautas Landsbergis,(pavadinimas neįskaitytas),,LT,,,,,,,,PATIKSLINTI,,,K03193,Lentynoje,,,,,,,,,2026-09-16 17:02:00,g@cool.lt,Paupio Žydriaus,4.0
3184.0,,Laikinas namas (organizuoti tekstai II),,,,,,,,,,pavadinimas blogai įskaitomas · PATIKSLINTI,,,K03194,Lentynoje,,,,,,,,,2026-09-16 17:02:00,g@cool.lt,Paupio Žydriaus,4.0
3185.0,,Poetiniai dialogai,,,,,,,,,,autorius neįskaitytas · PATIKSLINTI,,,K03195,Lentynoje,,,,,,,,,2026-09-16 17:02:00,g@cool.lt,Paupio Žydriaus,4.0
3186.0,,Pirmasis ruduo,,,,,,,,,,autorius neįskaitytas · PATIKSLINTI,,,K03196,Lentynoje,,,,,,,,,2026-09-16 17:02:00,g@cool.lt,Paupio Žydriaus,4.0
3189.0,,Η ΚΑΙΝΗ ΔΙΑΘΗΚΗ,,,,,,,,,,juodas odinis viršelis · Graikiškas Naujasis Testamentas; be papildomų duomenų konkretaus leidimo identifikuoti neįmanoma,,,K03199,Lentynoje,,,,,,,,,2026-09-16 17:02:00,g@cool.lt,Paupio Žydriaus,4.0
3190.0,Vincas Krėvė,Dainavos šalies senų žmonių padavimai,,LT,,,,,,,,PATIKSLINTI,,,K03200,Lentynoje,,,,,,,,,2026-09-16 17:02:00,g@cool.lt,Paupio Žydriaus,4.0
3191.0,Kazys Boruta,(pavadinimas neįskaitytas),,LT,,,,,,,,PATIKSLINTI,,,K03201,Lentynoje,,,,,,,,,2026-09-16 17:02:00,g@cool.lt,Paupio Žydriaus,4.0
3192.0,Balys Sruoga,Dievo avinėlis,,LT,,,,,,,,PATIKSLINTI,,,K03202,Lentynoje,,,,,,,,,2026-09-16 17:02:00,g@cool.lt,Paupio Žydriaus,4.0
3193.0,,(neįskaityta nugarėlė),,LT,,,,,,,,"dešinėje, apie senuosius meistrus ir paveikslus · PATIKSLINTI",,,K03203,Lentynoje,,,,,,,,,2026-09-16 17:02:00,g@cool.lt,Paupio Žydriaus,4.0
3194.0,Zbigniew Herbert,Trapūs būties uostai. Kruche porty istnienia,,LT,Bazilisko ambasada,2022.0,,,,9786099625775.0,,Sudarė ir vertė Žilvinas Norkūnas,,,K03204,Lentynoje,,,,,,,,,2026-09-16 17:02:00,g@cool.lt,Paupio Žydriaus,5.0
3196.0,Tadeusz Różewicz,Vanduo puodelyje,,,Apostrofa,2017.0,,,,9789955605980.0,,Vertė Eugenijus Ališanka,,,K03206,Lentynoje,,,,,,,,,2026-09-16 17:02:00,g@cool.lt,Paupio Žydriaus,5.0
3198.0,Niall Ferguson,Civilization: The West and the Rest,,EN,,2011.0,,,,,,Leidykla ir ISBN nepatikslinti,,,K03208,Lentynoje,,,,,,,,,2026-09-16 17:02:00,g@cool.lt,Paupio Žydriaus,5.0
3199.0,Wisława Szymborska,33 eilėraščiai. 33 wiersze,,LT,Apostrofa,2022.0,,,,9786098205282.0,,Vertė Tomas Venclova,,,K03209,Lentynoje,,,,,,,,,2026-09-16 17:02:00,g@cool.lt,Paupio Žydriaus,5.0
3200.0,Friedrich Hölderlin,(pavadinimas neįskaitytas),,LT,,,,,,,,balta nugarėlė · PATIKSLINTI,,,K03210,Lentynoje,,,,,,,,,2026-09-16 17:02:00,g@cool.lt,Paupio Žydriaus,5.0
3201.0,Czesław Miłosz,Pavergtas protas,,LT,Lietuvos rašytojų sąjungos leidykla,2022.0,,,,9786094802980.0,,"Keli lietuviški leidimai; pasirinktas 2022 m., vertė Almis Grybauskas",,,K03211,Lentynoje,,,,,,,,,2026-09-16 17:02:00,g@cool.lt,Paupio Žydriaus,5.0
3202.0,Gajus Svetonijus Trankvilas,Dvylikos cezarių gyvenimas,De vita Caesarum,LT,Gimtasis žodis,2008.0,Istorija / biografija,,,9789955162438.0,"Spinta H, 6 lentyna",Vyturys · Vertė Janina Mažiulienė,A1. Antikos literatūra ir istorikai,,K03212,Lentynoje,,,,,,,,,2026-09-17 15:21:00,g@cool.lt,Paupio Žydriaus,5.0
3204.0,Czesław Miłosz,Poetinis traktatas su mano komentarais. Traktat poetycki z moim komentarzem,,,Apostrofa,2021.0,,,,9786098205183.0,,Vertė Tomas Venclova,,,K03214,Lentynoje,,,,,,,,,2026-09-16 17:02:00,g@cool.lt,Paupio Žydriaus,5.0
3205.0,Henrikas Senkevičius,Quo vadis,,LT,Obuolys,2019.0,,,,9786094840333.0,,"Keli lietuviški leidimai; pasirinktas 2019 m., vertė Vytautas Visockas",,,K03215,Lentynoje,,,,,,,,,2026-09-16 17:02:00,g@cool.lt,Paupio Žydriaus,5.0
3206.0,Publijus Kornelijus Tacitas,(pavadinimas neįskaitytas),,LT,,,,,,,,žalia nugarėlė · PATIKSLINTI,,,K03216,Lentynoje,,,,,,,,,2026-09-16 17:02:00,g@cool.lt,Paupio Žydriaus,5.0
3207.0,Eva Mattsson,Kotryna Jogailaitė. Rožės ir akmens karalienė,,LT,Obuolys,2024.0,Istorija / biografija,,,9786094847066.0,"Spinta H, 6 lentyna",PATIKSLINTI paantraštę,E32. Biografijos ir memuarai,Asmenybės ir memuarai,K03217,Lentynoje,,,,,,,,,2026-09-17 15:21:00,g@cool.lt,Paupio Žydriaus,5.0
3209.0,Publijus Kornelijus Tacitas,Rinktiniai raštai,,LT,,,,,,,,PATIKSLINTI,,,K03219,Lentynoje,,,,,,,,,2026-09-16 17:02:00,g@cool.lt,Paupio Žydriaus,5.0
3210.0,,(neįskaityta nugarėlė),,LT,,,,,,,,"raudona knyga, apysakos · PATIKSLINTI",,,K03220,Lentynoje,,,,,,,,,2026-09-16 17:02:00,g@cool.lt,Paupio Žydriaus,5.0
3211.0,"Valdas Rakutis, Živilė Petrauskaitė",Karai ir žmonės,,LT,,,,,,,,pavadinimas iš dalies uždengtas · PATIKSLINTI,,,K03221,Lentynoje,,,,,,,,,2026-09-16 17:02:00,g@cool.lt,Paupio Žydriaus,5.0
3212.0,Czesław Miłosz,Gimtoji Europa,,,Apostrofa,2011.0,,,,9789955605676.0,,"Apostrofa, milosz100 · Keli lietuviški leidimai; pasirinktas 2011 m.",,,K03222,Lentynoje,,,,,,,,,2026-09-16 17:02:00,g@cool.lt,Paupio Žydriaus,5.0
3214.0,Jan Kochanowski,Fraszki / Niekai,,LT,Debesų ganyklos,,,,,,,Leidykla nustatyta iš Lietuvos leidėjų asociacijos katalogo; metai (tikėtina 2023) ir ISBN nepatvirtinti,,,K03224,Lentynoje,,,,,,,,,2026-09-16 17:02:00,g@cool.lt,Paupio Žydriaus,5.0
3215.0,Bahá'u'lláh,The Hidden Words,,EN,,,,,,,,PATIKSLINTI,,,K03225,Lentynoje,,,,,,,,,2026-09-16 17:02:00,g@cool.lt,Paupio Žydriaus,5.0
3216.0,Mikalojus Povilas Vilutis,(pavadinimas neįskaitytas),,LT,,,,,,,,raudona knyga · PATIKSLINTI,,,K03226,Lentynoje,,,,,,,,,2026-09-16 17:02:00,g@cool.lt,Paupio Žydriaus,6.0
3219.0,Marcus Aurelius,(pavadinimas neįskaitytas),,LT,,,,,,,,guli plokščiai · PATIKSLINTI,,,K03229,Lentynoje,,,,,,,,,2026-09-16 17:02:00,g@cool.lt,Paupio Žydriaus,6.0
3220.0,,Šventasis Raštas. Senasis ir Naujasis Testamentas,,LT,Katalikų pasaulio leidiniai,2019.0,,,,9789955293965.0,,"Lietuvos Biblijos draugija, odinis viršelis · Keli leidimai; pasirinktas 2019 m. (V pataisytas). Vertė A. Rubšys ir Č. Kavaliauskas",,,K03230,Lentynoje,,,,,,,,,2026-09-16 17:02:00,g@cool.lt,Paupio Žydriaus,7.0
3224.0,,(neįskaityta nugarėlė),,LT,,,,,,,,sena nudėvėta knyga · PATIKSLINTI,,,K03234,Lentynoje,,,,,,,,,2026-09-16 17:02:00,g@cool.lt,Paupio Žydriaus,7.0
3225.0,Robertas Petrauskas,Poltava,,LT,Protų kovos,2022.0,,,,9786099606330.0,,Briedis / Protų kovos,,,K03235,Lentynoje,,,,,,,,,2026-09-16 17:02:00,g@cool.lt,Paupio Žydriaus,7.0
3226.0,Winston S. Churchill,Antrasis pasaulinis karas,The Second World War,Lietuvių,,,Istorija / memuarai,,,,"Spinta H, 7 lentyna",pilka nugarėlė · PATIKSLINTI,E29. XX a. totalitarizmai ir karai,,K03236,Lentynoje,,,,,,,,,2026-09-17 15:21:00,g@cool.lt,Paupio Žydriaus,7.0
3227.0,,The Epic of Gilgamesh,,EN,,,,,,,,"Penguin Classics, vertė N. K. Sandars · Daug vertimų ir leidimų (Sandars, Foster, George ir kt.); konkretus nenustatytas",,,K03237,Lentynoje,,,,,,,,,2026-09-16 17:02:00,g@cool.lt,Paupio Žydriaus,7.0
3228.0,Aizekas Azimovas,Net patys dievai,,,Vaga,1981.0,,,,,,Vertė N. Chijenienė; ISBN sovietiniam leidimui nesuteiktas,,,K03238,Lentynoje,,,,,,,,,2026-09-16 17:02:00,g@cool.lt,Paupio Žydriaus,7.0
3229.0,,(neįskaityta nugarėlė),,LT,,,,,,,,plona knyga kairėje · PATIKSLINTI,,,K03239,Lentynoje,,,,,,,,,2026-09-16 17:02:00,g@cool.lt,Paupio Žydriaus,8.0
3230.0,Rainer Maria Rilke,Letters to a Young Poet,,EN,,,,,,,,PATIKSLINTI,,,K03240,Lentynoje,,,,,,,,,2026-09-16 17:02:00,g@cool.lt,Paupio Žydriaus,8.0
3231.0,Юлия Латынина,Охота на изюбря,,RU,,,Romanas,,,,"Spinta H, 4 lentyna",PATIKSLINTI,A4. Rusų lentyna (originalo k.),Posovietinė proza,K03241,Lentynoje,,,,,,,,,2026-09-17 15:21:00,g@cool.lt,Paupio Žydriaus,8.0
3232.0,Михаил Зыгарь,Вся кремлевская рать. Краткая история современной России,,RU,,2016.0,,,,,,Leidykla ir ISBN nepatikslinti,,,K03242,Lentynoje,,,,,,,,,2026-09-16 17:02:00,g@cool.lt,Paupio Žydriaus,8.0
3233.0,Jonas Öhman,Donbaso dienoraštis,,LT,,,,,,,,pavadinimas blogai įskaitomas · PATIKSLINTI,,,K03243,Lentynoje,,,,,,,,,2026-09-16 17:02:00,g@cool.lt,Paupio Žydriaus,8.0
3234.0,Noam Chomsky,Hegemonija arba išlikimas: Amerikos siekis viešpatauti pasaulyje,,LT,Kitos knygos,2011.0,,,,9786094270369.0,,Vertė Tomas Čiučelis,,,K03244,Lentynoje,,,,,,,,,2026-09-16 17:02:00,g@cool.lt,Paupio Žydriaus,8.0
3238.0,,(neįskaityta nugarėlė),,LT,,,,,,,,"nudėvėta rausva knyga, matyti „Canaan“ · PATIKSLINTI",,,K03248,Lentynoje,,,,,,,,,2026-09-16 17:02:00,g@cool.lt,Paupio Žydriaus,8.0
3239.0,,(neįskaityta nugarėlė),,LT,,,,,,,,"balta knyga, Columbia UP · PATIKSLINTI",,,K03249,Lentynoje,,,,,,,,,2026-09-16 17:02:00,g@cool.lt,Paupio Žydriaus,8.0
3241.0,Dan Wang,Breakneck: China's Quest to Engineer the Future,,EN,,2025.0,,,,,,Penguin · Leidykla ir ISBN nepatikslinti,,,K03251,Lentynoje,,,,,,,,,2026-09-16 17:02:00,g@cool.lt,Paupio Žydriaus,8.0
3242.0,"Rasa Bortkevičiūtė, Vitalis Nakrošis, Inga Patkauskaitė-Tiuchtienė, Ramūnas Vilpišauskas","Nėra to blogo, kas neišeitų į gera? Reikšmingų įvykių įtaka viešosios politikos kaitai Lietuvoje 2004–2020 m.",,LT,Vilniaus universiteto leidykla,2024.0,,,,9786090710227.0,,autorius ant viršelio nenurodytas · Yra ir antras ISBN 9786090710234 (el. leidimas),,,K03252,Lentynoje,,,,,,,,,2026-09-16 17:02:00,g@cool.lt,Paupio Žydriaus,9.0
3244.0,Arvydas Šliogeris,Transcendencijos tyla: pamatiniai filosofijos klausimai,,LT,Margi raštai,2010.0,Filosofija,,,9789986094036.0,"Spinta H, 1 lentyna (filosofija)",II pataisytas leidimas; I leidimas 1996 m. („Pradai“),D20. XX a. ir lietuvių filosofija,,K03254,Lentynoje,,,,,,,,,2026-09-17 15:21:00,g@cool.lt,Paupio Žydriaus,10.0
3250.0,Mykolas Römeris,Dienoraštis,,LT,,,,,,,,"Daugiatomis leidinys (OpenLibrary rodo 2007 ir 2009 m. tomus); konkretus tomas, leidykla ir ISBN nenustatyti",,,K03260,Lentynoje,,,,,,,,,2026-09-16 17:02:00,g@cool.lt,Paupio Žydriaus,10.0
3251.0,,(neįskaityta nugarėlė),,LT,,,,,,,,"balta ALK knyga, guli stirtoje · PATIKSLINTI",,,K03261,Lentynoje,,,,,,,,,2026-09-16 17:02:00,g@cool.lt,Paupio Žydriaus,10.0
3252.0,Stasys Šalkauskis,Raštai,,LT,,1990.0,,,,,,"guli stirtoje · Daugiatomiai raštai; OpenLibrary rodo 1990 m. Konkretus tomas, leidykla ir ISBN nenustatyti",,,K03262,Lentynoje,,,,,,,,,2026-09-16 17:02:00,g@cool.lt,Paupio Žydriaus,10.0
3253.0,Leonidas Donskis,Tarp vaizduotės ir realybės: ideologija ir utopija nūdienos civilizacijos teorijoje,,LT,ALK,,Filosofija / eseistika,,,,"Spinta H, 1 lentyna (filosofija)",guli stirtoje · Patikimo leidimo aprašo gauti nepavyko (rasti šaltiniai neprieinami arba be bibliografinių duomenų),A3. Klasikos kanonas (pagal šalis),Kita klasika ir antologijos,K03263,Lentynoje,,,,,,,,,2026-09-17 15:21:00,g@cool.lt,Paupio Žydriaus,10.0
3257.0,,(neįskaityta nugarėlė),,LT,,,,,,,,balta knyga su ornamentu · PATIKSLINTI,,,K03267,Lentynoje,,,,,,,,,2026-09-16 17:02:00,g@cool.lt,Paupio Žydriaus,11.0
3258.0,,Lituanistinė biblioteka,,LT,,,,,,,,"serijos tomas, pavadinimas neįskaitytas · PATIKSLINTI",,,K03268,Lentynoje,,,,,,,,,2026-09-16 17:02:00,g@cool.lt,Paupio Žydriaus,11.0
3260.0,Jonas Lasickis,(pavadinimas neįskaitytas),,LT,,,,,,,,Lituanistinė biblioteka · PATIKSLINTI,,,K03270,Lentynoje,,,,,,,,,2026-09-16 17:02:00,g@cool.lt,Paupio Žydriaus,11.0
3261.0,"M. Jučas, I. Lukšaitė, V. Merkys",(pavadinimas neįskaitytas),,LT,,,,,,,,PATIKSLINTI,,,K03271,Lentynoje,,,,,,,,,2026-09-16 17:02:00,g@cool.lt,Paupio Žydriaus,11.0
3262.0,,(neįskaityta nugarėlė),,LT,,,,,,,,auksinio audinio viršelis · PATIKSLINTI,,,K03272,Lentynoje,,,,,,,,,2026-09-16 17:02:00,g@cool.lt,Paupio Žydriaus,11.0
3263.0,,(neįskaityta nugarėlė),,LT,,,,,,,,žalia knyga · PATIKSLINTI,,,K03273,Lentynoje,,,,,,,,,2026-09-16 17:02:00,g@cool.lt,Paupio Žydriaus,11.0
3264.0,,(neįskaitytos nugarėlės),,LT,,,,,,,,kelios plonos knygelės apie Vilnių · PATIKSLINTI,,,K03274,Lentynoje,,,,,,,,,2026-09-16 17:02:00,g@cool.lt,Paupio Žydriaus,11.0
3268.0,Benjamín Labatut,MANIAC,The MANIAC,Lietuvių,,,Romanas / mokslas,,,,"Spinta H, 2 lentyna",guli viršuje · PATIKSLINTI,B9. Šiuolaikinė pasaulio proza,Šiuolaikinis pasaulio romanas,K03278,Lentynoje,,,,,,,,,2026-09-17 15:21:00,g@cool.lt,Paupio Žydriaus,11.0
3271.0,Ogden Nash,Ogden Nash's Zoo,,,,1987.0,,,,,,Leidykla ir ISBN nepatikslinti,,,K03281,Lentynoje,,,,,,,,,2026-09-16 17:02:00,g@cool.lt,Paupio Žydriaus,12.0
3272.0,,Le cinéma de Serge Gainsbourg,,,,,,,,,,autorius neįskaitytas · PATIKSLINTI,,,K03282,Lentynoje,,,,,,,,,2026-09-16 17:02:00,g@cool.lt,Paupio Žydriaus,12.0
3273.0,Raymond Blum,Skaičių magija,,LT,,,,,,,,PATIKSLINTI,,,K03283,Lentynoje,,,,,,,,,2026-09-16 17:02:00,g@cool.lt,Paupio Žydriaus,12.0
3274.0,Gina Viliūnė,Kur dingo gandras Grantas? Paukščių nuotykiai Ventės rage,,LT,Tyto alba,2021.0,,,,9786094665424.0,,,,,K03284,Lentynoje,,,,,,,,,2026-09-16 17:02:00,g@cool.lt,Paupio Žydriaus,12.0
3277.0,,Parque Nacional Los Glaciares,,,,,,,,,,"leidinys/brošiūra, ne knyga · PATIKSLINTI",,,K03287,Lentynoje,,,,,,,,,2026-09-16 17:02:00,g@cool.lt,Paupio Žydriaus,13.0
3278.0,,500 invazijos dienų,,LT,,,,,,,,"leidinys, ne knyga · PATIKSLINTI",,,K03288,Lentynoje,,,,,,,,,2026-09-16 17:02:00,g@cool.lt,Paupio Žydriaus,13.0
3279.0,,Ленин в Смольном,,RU,,,,,,,,PATIKSLINTI,,,K03289,Lentynoje,,,,,,,,,2026-09-16 17:02:00,g@cool.lt,Paupio Žydriaus,14.0
3280.0,,(neįskaityta nugarėlė),,LT,,,,,,,,"mėlyna knyga, matomas galūnė „...ologija“ · PATIKSLINTI",,,K03290,Lentynoje,,,,,,,,,2026-09-16 17:02:00,g@cool.lt,Paupio Žydriaus,14.0
3281.0,Karlas Marksas,(pavadinimas neįskaitytas),,LT,,,,,,,,PATIKSLINTI,,,K03291,Lentynoje,,,,,,,,,2026-09-16 17:02:00,g@cool.lt,Paupio Žydriaus,14.0
3283.0,Эмиль Дюркгейм,(pavadinimas neįskaitytas),,RU,,,,,,,,PATIKSLINTI,,,K03293,Lentynoje,,,,,,,,,2026-09-16 17:02:00,g@cool.lt,Paupio Žydriaus,14.0
3284.0,Anthony Giddens,Durkheimas,,,,,,,,,,"ALK / Vaga · Leidinys priklauso serijai „Atviros Lietuvos knyga“ (ALK), tačiau metų, leidyklos ir ISBN patvirtinti nepavyko",,,K03294,Lentynoje,,,,,,,,,2026-09-16 17:02:00,g@cool.lt,Paupio Žydriaus,14.0
3285.0,,(neįskaityta nugarėlė),,LT,,,,,,,,juoda nudėvėta knyga · PATIKSLINTI,,,K03295,Lentynoje,,,,,,,,,2026-09-16 17:02:00,g@cool.lt,Paupio Žydriaus,14.0
3286.0,Vosylius Sezemanas,Raštai,,LT,,1987.0,,,,,,Leidykla ir ISBN nepatikslinti,,,K03296,Lentynoje,,,,,,,,,2026-09-16 17:02:00,g@cool.lt,Paupio Žydriaus,14.0
3287.0,Карл Густав Юнг,(pavadinimas neįskaitytas),,RU,,,,,,,,PATIKSLINTI,,,K03297,Lentynoje,,,,,,,,,2026-09-16 17:02:00,g@cool.lt,Paupio Žydriaus,14.0
3289.0,Martynas Heidegeris,Rinktiniai raštai,,LT,Mintis,1992.0,,,,9785417029059.0,,,,,K03299,Lentynoje,,,,,,,,,2026-09-16 17:02:00,g@cool.lt,Paupio Žydriaus,14.0
3290.0,Пьер Бурдье,Начала,,RU,,,,,,,,OpenLibrary nerado; patikimo šaltinio rasti nepavyko,,,K03300,Lentynoje,,,,,,,,,2026-09-16 17:02:00,g@cool.lt,Paupio Žydriaus,14.0
3291.0,Ганс-Георг Гадамер,(pavadinimas neįskaitytas),,RU,,,,,,,,PATIKSLINTI,,,K03301,Lentynoje,,,,,,,,,2026-09-16 17:02:00,g@cool.lt,Paupio Žydriaus,14.0
3293.0,Eugenijus Meškauskas,Marksistinės filosofijos metodologinė apybraiža,,LT,,,,,,,,Patikimo šaltinio su metais/leidykla rasti nepavyko,,,K03303,Lentynoje,,,,,,,,,2026-09-16 17:02:00,g@cool.lt,Paupio Žydriaus,14.0
3294.0,F. A. fon Hajekas,Kelias į vergovę,,LT,Lietuvos laisvosios rinkos institutas,2002.0,,,,9789955958406.0,,Vertė Algirdas Degutis,,,K03304,Lentynoje,,,,,,,,,2026-09-16 17:02:00,g@cool.lt,Paupio Žydriaus,14.0
3295.0,A. Šveiceris,(pavadinimas neįskaitytas),,LT,,,,,,,,PATIKSLINTI,,,K03305,Lentynoje,,,,,,,,,2026-09-16 17:02:00,g@cool.lt,Paupio Žydriaus,14.0
3296.0,Карл Ясперс,Смысл и назначение истории,,RU,,1991.0,Filosofija,,,,"Spinta H, 12 lentyna",OpenLibrary: 1991 m.; leidykla ir ISBN nepatikslinti,D20. XX a. ir lietuvių filosofija,,K03306,Lentynoje,,,,,,,,,2026-09-17 15:21:00,g@cool.lt,Paupio Žydriaus,14.0
3297.0,Хосе Ортега-и-Гассет,(pavadinimas neįskaitytas),,RU,,,,,,,,PATIKSLINTI,,,K03307,Lentynoje,,,,,,,,,2026-09-16 17:02:00,g@cool.lt,Paupio Žydriaus,14.0
3298.0,Фридрих Шеллинг,"Сочинения, том 1",,RU,,,Filosofija,,,,"Spinta H, 10 lentyna","OpenLibrary nerado; rusiško leidimo (Мысль, „Философское наследие“) konkreti laida nepatvirtinta — WebSearch biudžetas išnaudotas",D19. Filosofijos klasika,Vokiečių idealizmas ir XIX a.,K03308,Lentynoje,,,,,,,,,2026-09-17 15:21:00,g@cool.lt,Paupio Žydriaus,14.0
3301.0,Ralf Dahrendorf,Modernusis socialinis konfliktas: esė apie laisvės politiką,,LT,Pradai,1996.0,,,,9986-405-91-2,,ALK,,,K03311,Lentynoje,,,,,,,,,2026-09-16 17:02:00,g@cool.lt,Paupio Žydriaus,14.0
3302.0,Robert L. Heilbroner,Didieji ekonomistai,The Worldly Philosophers,LT,Amžius,1995.0,Ekonomika,,,9986430259.0,"Spinta H, 12 lentyna",ALK · keli leidimai (Amžius 1995; Vaga 2022); vertė Jonas Čičinskas,F32. Ekonomika ir politinė ekonomija,,K03312,Lentynoje,,,,,,,,,2026-09-17 15:21:00,g@cool.lt,Paupio Žydriaus,14.0
3303.0,,(neįskaityta nugarėlė),,LT,,,,,,,,raudona knyga dešiniame krašte · PATIKSLINTI,,,K03313,Lentynoje,,,,,,,,,2026-09-16 17:02:00,g@cool.lt,Paupio Žydriaus,14.0
3304.0,Фридрих Ницше,(pavadinimas neįskaitytas),,RU,,,,,,,,rausva nugarėlė · PATIKSLINTI,,,K03314,Lentynoje,,,,,,,,,2026-09-16 17:02:00,g@cool.lt,Paupio Žydriaus,15.0
3305.0,Фридрих Ницше,Сочинения в двух томах. Том 2,,RU,Мысль,1990.0,,,,5-244-00180-9,,serija „Философское наследие“; bendras komplekto ISBN 5-244-00138-8,,,K03315,Lentynoje,,,,,,,,,2026-09-16 17:02:00,g@cool.lt,Paupio Žydriaus,15.0
3306.0,Фридрих Ницше,Сочинения в двух томах. Том 1,,RU,Мысль,1990.0,,,,5-244-00173-6,,serija „Философское наследие“; bendras komplekto ISBN 5-244-00138-8,,,K03316,Lentynoje,,,,,,,,,2026-09-16 17:02:00,g@cool.lt,Paupio Žydriaus,15.0
3308.0,Вольтер,(pavadinimas neįskaitytas),,RU,,,,,,,,Памятники философской мысли · PATIKSLINTI,,,K03318,Lentynoje,,,,,,,,,2026-09-16 17:02:00,g@cool.lt,Paupio Žydriaus,15.0
3310.0,Гегель,Философия права,,RU,Мысль,1990.0,Filosofija / teisė,,,5-244-00384-4,"Spinta H, 10 lentyna","serija „Философское наследие“, t. 113",D19. Filosofijos klasika,Vokiečių idealizmas ir XIX a.,K03320,Lentynoje,,,,,,,,,2026-09-17 15:21:00,g@cool.lt,Paupio Žydriaus,15.0
3311.0,Г. В. Ф. Гегель,(pavadinimas neįskaitytas),,RU,,,,,,,,tamsiai žalia nugarėlė · PATIKSLINTI,,,K03321,Lentynoje,,,,,,,,,2026-09-16 17:02:00,g@cool.lt,Paupio Žydriaus,15.0
3312.0,Georg Wilhelm Friedrich Hegel,"Teisės filosofijos apmatai, arba Prigimtinės teisės ir valstybės mokslo metmenys",,LT,Mintis,2000.0,,,,9785417008214.0,,ALK / Mintis,,,K03322,Lentynoje,,,,,,,,,2026-09-16 17:02:00,g@cool.lt,Paupio Žydriaus,15.0
3313.0,Ламетри,Сочинения,,RU,,,,,,,,"OpenLibrary nerado; rusiško leidimo (Мысль, „Философское наследие“ — 1976 ir 1983 m. laidos) konkreti nepatvirtinta; WebSearch biudžetas išnaudotas",,,K03323,Lentynoje,,,,,,,,,2026-09-16 17:02:00,g@cool.lt,Paupio Žydriaus,15.0
3314.0,Imanuelis Kantas,Grynojo proto kritika,,,Mintis,1982.0,,,,,,"keli lietuviški leidimai (Mintis 1982; Margi raštai 1996 ir 2013, ISBN 9789986094395) — pasirinktas seniausias ir labiausiai paplitęs Mintis 1982; vertė Romanas Plečkaitis",,,K03324,Lentynoje,,,,,,,,,2026-09-16 17:02:00,g@cool.lt,Paupio Žydriaus,15.0
3315.0,Bronius Genzelis ir kt. (sud.),Filosofijos istorijos chrestomatija. Renesansas,,Lietuvių,Mintis,,Filosofija,,,,"Spinta H, 9 lentyna","dvi dalys: I d. 1984, II d. 1986 (abi Mintis) — kuri konkrečiai, nepatvirtinta, todėl metai palikti tušti",D19. Filosofijos klasika,Antika–Apšvieta,K03325,Lentynoje,,,,,,,,,2026-09-17 15:21:00,g@cool.lt,Paupio Žydriaus,15.0
3316.0,Imanuelis Kantas,Sprendimo galios kritika,Kritik der Urteilskraft,Lietuvių,Mintis,1991.0,Filosofija,,,5417003301.0,"Spinta H, 10 lentyna","keli leidimai (Mintis 1991; Margi raštai 2019, ISBN 9789986094968) — pasirinktas Mintis 1991; vertė Romanas Plečkaitis",D19. Filosofijos klasika,Vokiečių idealizmas ir XIX a.,K03326,Lentynoje,,,,,,,,,2026-09-17 15:21:00,g@cool.lt,Paupio Žydriaus,15.0
3317.0,Imanuelis Kantas,Praktinio proto kritika,Kritik der praktischen Vernunft,Lietuvių,Mintis,1987.0,Filosofija,,,,"Spinta D (balta), filosofijos lentyna (apatinė)",keli leidimai (1987 ir 2015) — pasirinktas Mintis 1987; ISBN nerastas,D19. Filosofijos klasika,Vokiečių idealizmas ir XIX a.,K03327,Lentynoje,,,,,,,,,2026-09-17 15:21:00,g@cool.lt,Paupio Žydriaus,15.0
3318.0,Imanuelis Kantas,(pavadinimas neįskaitytas),,LT,,,,,,,,kreminė nugarėlė · PATIKSLINTI,,,K03328,Lentynoje,,,,,,,,,2026-09-16 17:02:00,g@cool.lt,Paupio Žydriaus,15.0
3319.0,David Hume,Traktatas apie žmogaus prigimtį,,LT,Charibdė,2007.0,,,,9789986745877.0,,ALK,,,K03329,Lentynoje,,,,,,,,,2026-09-16 17:02:00,g@cool.lt,Paupio Žydriaus,15.0
3320.0,Готфрид Вильгельм Лейбниц,Сочинения в четырех томах. Том 4,,RU,Мысль,1989.0,,,,5-244-00371-2,,serija „Философское наследие“,,,K03330,Lentynoje,,,,,,,,,2026-09-16 17:02:00,g@cool.lt,Paupio Žydriaus,15.0
3321.0,Nikolas Makiavelis,Rinktiniai raštai,,LT,Mintis,1992.0,,,,5417006319.0,,,,,K03331,Lentynoje,,,,,,,,,2026-09-16 17:02:00,g@cool.lt,Paupio Žydriaus,15.0
3323.0,Эразм Роттердамский,(pavadinimas neįskaitytas),,RU,,,,,,,,Памятники философской мысли · PATIKSLINTI,,,K03333,Lentynoje,,,,,,,,,2026-09-16 17:02:00,g@cool.lt,Paupio Žydriaus,16.0
3324.0,Plutarchas,Apie tremtį,,LT,,,,,,,,greta rusiškas ПЛУТАРХ leidimas · PATIKSLINTI,,,K03334,Lentynoje,,,,,,,,,2026-09-16 17:02:00,g@cool.lt,Paupio Žydriaus,16.0
3326.0,Erazmas Roterdamietis,Pagiriamasis žodis kvailybei,,LT,Valstybinė grožinės literatūros leidykla,1963.0,,,,,,vertė M. Račkauskas; esama ir vėlesnių lietuviškų leidimų — keli leidimai,,,K03336,Lentynoje,,,,,,,,,2026-09-16 17:02:00,g@cool.lt,Paupio Žydriaus,16.0
3328.0,Цицерон,(pavadinimas neįskaitytas),,RU,,,,,,,,Памятники философской мысли · PATIKSLINTI,,,K03338,Lentynoje,,,,,,,,,2026-09-16 17:02:00,g@cool.lt,Paupio Žydriaus,16.0
3330.0,А. Н. Уайтхед,Избранные работы по философии,,RU,Прогресс,1990.0,Filosofija,,,5-01-001591-9,"Spinta H, 13 lentyna",serija „Философская мысль Запада“,D19. Filosofijos klasika,Antika–Apšvieta,K03340,Lentynoje,,,,,,,,,2026-09-17 15:21:00,g@cool.lt,Paupio Žydriaus,16.0
3332.0,,Вьетнамская философия нового и новейшего времени,,RU,,,,,,,,OpenLibrary nerado; WebSearch biudžetas išnaudotas — leidimas nepatvirtintas,,,K03342,Lentynoje,,,,,,,,,2026-09-16 17:02:00,g@cool.lt,Paupio Žydriaus,16.0
3334.0,,(neįskaityta nugarėlė),,LT,,,,,,,,dekoruota nugarėlė · PATIKSLINTI,,,K03344,Lentynoje,,,,,,,,,2026-09-16 17:02:00,g@cool.lt,Paupio Žydriaus,16.0
3335.0,Plato,Symposium,Συμπόσιον,Anglų,Oxford University Press,,Filosofija,,,,"Spinta H, 13 lentyna","Oxford · daug leidimų — konkretus leidimas neidentifikuotas, nespėliojama",D19. Filosofijos klasika,Antika–Apšvieta,K03345,Lentynoje,,,,,,,,,2026-09-17 15:21:00,g@cool.lt,Paupio Žydriaus,16.0
3337.0,,Charter of the United Nations,,EN,,,,,,,,"guli viršuje · daug leidimų — konkretus leidimas neidentifikuotas, nespėliojama (daugybė JT leidinių ir perspaudų)",,,K03347,Lentynoje,,,,,,,,,2026-09-16 17:02:00,g@cool.lt,Paupio Žydriaus,16.0
3338.0,,"Nepriklausomybė, demokratija, viešumas",,LT,,,,,,,,guli viršuje · PATIKSLINTI,,,K03348,Lentynoje,,,,,,,,,2026-09-16 17:02:00,g@cool.lt,Paupio Žydriaus,16.0
3339.0,,Socrates: Selected Writings,,,,,,,,,,guli viršuje · PATIKSLINTI,,,K03349,Lentynoje,,,,,,,,,2026-09-16 17:02:00,g@cool.lt,Paupio Žydriaus,16.0
3340.0,В. И. Толстых,Сократ и мы,,RU,,,,,,,,guli viršuje · PATIKSLINTI,,,K03350,Lentynoje,,,,,,,,,2026-09-16 17:02:00,g@cool.lt,Paupio Žydriaus,16.0
3341.0,"Charles Lamb, Mary Lamb",Tales from Shakespeare,,,,,,,,,,"Nelson · daug leidimų — konkretus leidimas neidentifikuotas, nespėliojama",,,K03351,Lentynoje,,,,,,,,,2026-09-16 17:02:00,g@cool.lt,Paupio Žydriaus,16a
3342.0,Francis Bacon,Essays and New Atlantis,,EN,Walter J. Black (Classics Club),1942.0,,,,,,Oxford · OpenLibrary rado būtent tokį pavadinimą (Classics Club leidimas); galimi ir kiti to paties turinio leidimai,,,K03352,Lentynoje,,,,,,,,,2026-09-16 17:02:00,g@cool.lt,Paupio Žydriaus,16a
3343.0,James Joyce,A Portrait of the Artist as a Young Man,,EN,,,,,,,,"Penguin Modern Classics · daug leidimų — konkretus leidimas neidentifikuotas, nespėliojama",,,K03353,Lentynoje,,,,,,,,,2026-09-16 17:02:00,g@cool.lt,Paupio Žydriaus,16a
3344.0,Friedrich Nietzsche,Also sprach Zarathustra,,,,,,,,,,"Everyman's Library · daug leidimų — konkretus leidimas neidentifikuotas, nespėliojama (vokiškas originalas); dublikatas su id 846",,,K03354,Lentynoje,,,,,,,,,2026-09-16 17:02:00,g@cool.lt,Paupio Žydriaus,16a
3345.0,G. W. F. Hegel,Essays,,,,,,,,,,Everyman's Library · PATIKSLINTI,,,K03355,Lentynoje,,,,,,,,,2026-09-16 17:02:00,g@cool.lt,Paupio Žydriaus,16a
3346.0,Platonas,(pavadinimas neįskaitytas),,LT,,,,,,,,leidykla Pradai · PATIKSLINTI,,,K03356,Lentynoje,,,,,,,,,2026-09-16 17:02:00,g@cool.lt,Paupio Žydriaus,16a
3348.0,Irina Muraviova,Andersenas,,,,,,,,,,PATIKSLINTI,,,K03358,Lentynoje,,,,,,,,,2026-09-16 17:02:00,g@cool.lt,Paupio Žydriaus,16a
3349.0,Markas Aurelijus,Sau pačiam,,LT,Alma littera,,,,,9789955385530.0,,"keli lietuviški leidimai (sovietmečio Vaga; Alma littera pakartotinai) — rastas Alma littera leidimas, tikslūs metai nepatvirtinti",,,K03359,Lentynoje,,,,,,,,,2026-09-16 17:02:00,g@cool.lt,Paupio Žydriaus,16a
3350.0,Наталья Трофимова,Пост-здоровье. Долголетие,,RU,,,,,,,,PATIKSLINTI,,,K03360,Lentynoje,,,,,,,,,2026-09-16 17:02:00,g@cool.lt,Paupio Žydriaus,16a
3351.0,Boris Johnson,Pasakojimai apie Romą,The Dream of Rome,LT,Tyto alba,2026.0,Istorija,,,,"Spinta H, 9 lentyna",Tyto alba · angl. originalas „The Dream of Rome“; 255 p.; ISBN nerastas,E26. Antikos ir viduramžių istorija,,K03361,Lentynoje,,,,,,,,,2026-09-17 15:21:00,g@cool.lt,Paupio Žydriaus,16a
3352.0,Paolo Biondi,Livia: una biografia ritrovata,,,,,,,,,,"Edizioni di Pagina · OpenLibrary nerado, WebSearch biudžetas išnaudotas — leidimas nepatvirtintas",,,K03362,Lentynoje,,,,,,,,,2026-09-16 17:02:00,g@cool.lt,Paupio Žydriaus,16a
3354.0,,(neįskaityta nugarėlė),,LT,,,,,,,,sena raudono audinio knyga · PATIKSLINTI,,,K03364,Lentynoje,,,,,,,,,2026-09-16 17:02:00,g@cool.lt,Paupio Žydriaus,16a
3355.0,John Locke,"An Essay Concerning Human Understanding, vol. two",,,,,,,,,,"Dent / Dutton · daug leidimų — konkretus leidimas neidentifikuotas, nespėliojama",,,K03365,Lentynoje,,,,,,,,,2026-09-16 17:02:00,g@cool.lt,Paupio Žydriaus,16a
3356.0,Anna Kamińska,Vanda. Pasakojimas apie stiprybę: gyvenimą ir mirtį. Vandos Rutkevič istorija,,LT,Spaudos lankas,,,,,9789955627616.0,,"tamsiai mėlynas leidimas · lietuviškas vertimas (vertė Vytautas/ Vyturys Jarutis) pristatytas 2020 m. gruodį, knygos.lt nurodo 2023 — tikslūs leidimo metai nepatvirtinti",,,K03366,Lentynoje,,,,,,,,,2026-09-16 17:02:00,g@cool.lt,Paupio Žydriaus,16a
3357.0,Anna Kamińska,Wanda. Opowieść o sile życia i śmierci,,,Wydawnictwo Literackie,2017.0,,,,9788308063576.0,,šviesiai mėlynas leidimas · lenkiškas originalas,,,K03367,Lentynoje,,,,,,,,,2026-09-16 17:02:00,g@cool.lt,Paupio Žydriaus,16a
3358.0,F. X. Mayr,(pavadinimas neįskaitytas),,LT,,,,,,,,Internationale Gesellschaft der Mayr-Ärzte · PATIKSLINTI,,,K03368,Lentynoje,,,,,,,,,2026-09-16 17:02:00,g@cool.lt,Paupio Žydriaus,16a
3359.0,Мераб Мамардашвили,Как я понимаю философию,,RU,Прогресс,1990.0,Filosofija,,,,"Spinta H, 13 lentyna",keli leidimai (1990; papildytas 1992) — pasirinktas pirmasis; ISBN nepatvirtintas,D20. XX a. ir lietuvių filosofija,,K03369,Lentynoje,,,,,,,,,2026-09-17 15:21:00,g@cool.lt,Paupio Žydriaus,17.0
3362.0,H. P. Blavatsky,"Isis Unveiled, vol. II: Theology",,Anglų,Theosophical University Press,,Teosofija,,,,"Spinta H, 13 lentyna","Theosophical University Press · daug leidimų — konkretus leidimas neidentifikuotas, nespėliojama (daugybė perspaudų)",B9. Šiuolaikinė pasaulio proza,Šiuolaikinis pasaulio romanas,K03372,Lentynoje,,,,,,,,,2026-09-17 15:21:00,g@cool.lt,Paupio Žydriaus,17.0
3363.0,H. P. Blavatsky,"Isis Unveiled, vol. I: Science",,Anglų,Theosophical University Press,,Teosofija,,,,"Spinta H, 13 lentyna","Theosophical University Press · daug leidimų — konkretus leidimas neidentifikuotas, nespėliojama (daugybė perspaudų)",B9. Šiuolaikinė pasaulio proza,Šiuolaikinis pasaulio romanas,K03373,Lentynoje,,,,,,,,,2026-09-17 15:21:00,g@cool.lt,Paupio Žydriaus,17.0
3365.0,Чарлз Дарвин,Происхождение видов,On the Origin of Species,RU,Сельхозгиз,,Mokslas,,,,"Spinta H, 13 lentyna","Сельхозгиз · daug leidimų — konkretus leidimas neidentifikuotas, nespėliojama (rusiškų leidimų labai daug)",F36. Mokslo ir idėjų istorija,,K03375,Lentynoje,,,,,,,,,2026-09-17 15:21:00,g@cool.lt,Paupio Žydriaus,17.0
3367.0,Ralf Dahrendorf,Homo Sociologicus,,,,,,,,,,"daug leidimų — konkretus leidimas neidentifikuotas, nespėliojama (vokiški ir angliški leidimai nuo 1959 m.)",,,K03377,Lentynoje,,,,,,,,,2026-09-16 17:02:00,g@cool.lt,Paupio Žydriaus,17.0
3368.0,Цицерон,(pavadinimas neįskaitytas),,RU,,,,,,,,tamsiai žalia nugarėlė · PATIKSLINTI,,,K03378,Lentynoje,,,,,,,,,2026-09-16 17:02:00,g@cool.lt,Paupio Žydriaus,17.0
3369.0,Lucijus Anėjus Seneka,Apie sielos ramybę,De tranquillitate animi,LT,,,Filosofija,,,,"Spinta H, 13 lentyna","keli lietuviški leidimai (1997, ISBN 5790007600; 2010) — konkretus nepatvirtintas, leidykla nenurodyta",D19. Filosofijos klasika,Antika–Apšvieta,K03379,Lentynoje,,,,,,,,,2026-09-17 15:21:00,g@cool.lt,Paupio Žydriaus,17.0
3370.0,Bomaršė,Figaro vedybos,,LT,,,,,,,,"Metodika · keli lietuviški leidimai (Metodika 2011, ISBN 9786094440090; Obuolys 2019; ankstesni sovietmečio leidimai) — konkretus neidentifikuotas",,,K03380,Lentynoje,,,,,,,,,2026-09-16 17:02:00,g@cool.lt,Paupio Žydriaus,17.0
3371.0,Machiavelli,Der Fürst,,,,,,,,,,"Kröner 235, guli viršuje · daug leidimų — konkretus leidimas neidentifikuotas, nespėliojama (vokiški vertimai)",,,K03381,Lentynoje,,,,,,,,,2026-09-16 17:02:00,g@cool.lt,Paupio Žydriaus,17.0
3372.0,,Pasakojimai apie pasaulėžiūrą,,LT,,,,,,,,guli viršuje · PATIKSLINTI,,,K03382,Lentynoje,,,,,,,,,2026-09-16 17:02:00,g@cool.lt,Paupio Žydriaus,17.0
3374.0,,(neįskaityta nugarėlė),,LT,,,,,,,,kreminio audinio viršelis su rytietišku raštu · PATIKSLINTI,,,K03384,Lentynoje,,,,,,,,,2026-09-16 17:02:00,g@cool.lt,Paupio Žydriaus,17a
3375.0,Laimonas Tapinas,"Laiškanešys, pasiklydęs dykumoje",,LT,Alma littera,2009.0,,,,9789955381990.0,,Alma littera,,,K03385,Lentynoje,,,,,,,,,2026-09-16 17:02:00,g@cool.lt,Paupio Žydriaus,17a
3377.0,,Giesmių giesmė,,LT,Vaga,1983.0,,,,,,vertė Sigitas Geda; esama ir naujesnio (2022) leidimo — keli leidimai,,,K03387,Lentynoje,,,,,,,,,2026-09-16 17:02:00,g@cool.lt,Paupio Žydriaus,17a
3378.0,Herodotas,Istorija,,,Mintis,1988.0,,,,,,Raštijos paminklai · vertė Jonas Dumčius; 557 p.,,,K03388,Lentynoje,,,,,,,,,2026-09-16 17:02:00,g@cool.lt,Paupio Žydriaus,17a
3379.0,Frydrichas Nyčė,Rinktiniai raštai,,LT,Mintis,1991.0,,,,5417029068.0,,serija „Iš filosofijos palikimo“,,,K03389,Lentynoje,,,,,,,,,2026-09-16 17:02:00,g@cool.lt,Paupio Žydriaus,17a
3381.0,John Locke,"An Essay Concerning Human Understanding, vol. one",,,,,,,,,,"Dent / Dutton · daug leidimų — konkretus leidimas neidentifikuotas, nespėliojama",,,K03391,Lentynoje,,,,,,,,,2026-09-16 17:02:00,g@cool.lt,Paupio Žydriaus,17a
3382.0,René Descartes,Samprotavimas apie metodą,,LT,Jonas ir Jokūbas,2017.0,,,,9786099589527.0,,vertė Aloyzas Bartkus; įvestyje nurodytas ir prancūziškas pavadinimas (dvikalbis leidimas) — dvikalbiškumas nepatvirtintas,,,K03392,Lentynoje,,,,,,,,,2026-09-16 17:02:00,g@cool.lt,Paupio Žydriaus,17a
3385.0,,(neįskaityta nugarėlė),,LT,,,,,,,,tamsiai mėlyna knyga · PATIKSLINTI,,,K03395,Lentynoje,,,,,,,,,2026-09-16 17:02:00,g@cool.lt,Paupio Rūtos,1.0
3388.0,Douglas Rushkoff,Get Back in the Box,,EN,Collins (HarperCollins),2005.0,Verslas / inovacijos,,,9780060758691.0,"Kampinė lentyna (darbo kambarys), 3 lentyna (kalbos)",Collins,G37. Strategija ir vadyba,,K03398,Lentynoje,,,,,,,,,2026-09-17 15:21:00,g@cool.lt,Paupio Rūtos,1.0
3393.0,,(neįskaityta nugarėlė),,LT,,,,,,,,"oranžinė lietuviška knyga, matyti „...spąstai“ · PATIKSLINTI",,,K03403,Lentynoje,,,,,,,,,2026-09-16 17:02:00,g@cool.lt,Paupio Rūtos,1.0
3394.0,,(neįskaityta nugarėlė),,LT,,,,,,,,oranžinė/persikinė knyga · PATIKSLINTI,,,K03404,Lentynoje,,,,,,,,,2026-09-16 17:02:00,g@cool.lt,Paupio Rūtos,1.0
3396.0,,Successful Application Essays,,Anglų,,,Rašymas / studijos,,,,"Kampinė lentyna (darbo kambarys), 3 lentyna (kalbos)",Oxford · PATIKSLINTI,G40. Komunikacija ir rašymas,,K03406,Lentynoje,,,,,,,,,2026-09-17 15:21:00,g@cool.lt,Paupio Rūtos,1.0
3397.0,,65 Successful Harvard Business School Application Essays,,Anglų,St. Martin's,,Rašymas / studijos,,,,"Kampinė lentyna (darbo kambarys), 3 lentyna (kalbos)",PATIKSLINTI,G40. Komunikacija ir rašymas,,K03407,Lentynoje,,,,,,,,,2026-09-17 15:21:00,g@cool.lt,Paupio Rūtos,1.0
3398.0,Michael Swan,Practical English Usage,,,Oxford University Press,,,,,,,"Oxford · keli leidimai (1980, 1995, 2005, 2016) — konkretus nepatvirtintas",,,K03408,Lentynoje,,,,,,,,,2026-09-16 17:02:00,g@cool.lt,Paupio Rūtos,1.0
3401.0,,Longman Essential Activator,,Anglų,Longman / Pearson,,Kalbos / žodynas,,,,"Kampinė lentyna (darbo kambarys), 3 lentyna (kalbos)",keli leidimai (1997 pirmasis; 2002; 2006 new edition) — konkretus nepatvirtintas,"H48. Menas, kalbos, pomėgiai",Kalbos ir žodynai,K03411,Lentynoje,,,,,,,,,2026-09-17 15:21:00,g@cool.lt,Paupio Rūtos,1.0
3402.0,,Collins Essential Italian,,,,,,,,,,OpenLibrary rado kelis skirtingus „Collins“ itališkus žodynus — konkretus leidinys neidentifikuotas,,,K03412,Lentynoje,,,,,,,,,2026-09-16 17:02:00,g@cool.lt,Paupio Rūtos,1.0
3403.0,,Amor Roma,,,,,,,,,,autorius neįskaitytas · PATIKSLINTI,,,K03413,Lentynoje,,,,,,,,,2026-09-16 17:02:00,g@cool.lt,Paupio Rūtos,1.0
3405.0,,(neįskaitytos nugarėlės),,LT,,,,,,,,kelios neryškiai nufotografuotos knygos vidurinėje dalyje · PATIKSLINTI,,,K03415,Lentynoje,,,,,,,,,2026-09-16 17:02:00,g@cool.lt,Paupio Rūtos,1.0
3406.0,"Paul W. Farris, Neil T. Bendle, Phillip E. Pfeifer, David J. Reibstein",Marketing Metrics,,Anglų,Wharton School Publishing,2006.0,Marketingas / metrikos,,,9780131873704.0,"Kampinė lentyna (darbo kambarys), 2 lentyna (analitika)","keli leidimai (2006, 2010, 2015) — pasirinktas pirmasis",G38. Marketingas ir prekės ženklai,,K03416,Lentynoje,,,,,,,,,2026-09-17 15:21:00,g@cool.lt,Paupio Rūtos,2.0
3412.0,Stuart R. Levine,The Fundamentals of Success,,EN,,,Verslas / saviugda,,,,"Kampinė lentyna (darbo kambarys), 1 lentyna (verslas)",PATIKSLINTI,D23. Psichologija ir saviugda,Saviugda,K03422,Lentynoje,,,,,,,,,2026-09-17 15:21:00,g@cool.lt,Paupio Rūtos,2.0
3413.0,,(neįskaityta nugarėlė),,LT,,,,,,,,nudėvėta žalsva knyga · PATIKSLINTI,,,K03423,Lentynoje,,,,,,,,,2026-09-16 17:02:00,g@cool.lt,Paupio Rūtos,2.0
3414.0,,(neįskaityta nugarėlė),,LT,,,,,,,,"žalsva knyga, 2nd Edition · PATIKSLINTI",,,K03424,Lentynoje,,,,,,,,,2026-09-16 17:02:00,g@cool.lt,Paupio Rūtos,2.0
3415.0,,(neįskaityta nugarėlė),,LT,,,,,,,,plona šviesiai mėlyna knyga · PATIKSLINTI,,,K03425,Lentynoje,,,,,,,,,2026-09-16 17:02:00,g@cool.lt,Paupio Rūtos,2.0
3417.0,"Richard H. Thaler, Cass R. Sunstein",Nudge,,,Yale University Press,2008.0,,,,,,Penguin · keli leidimai (Yale UP 2008; Penguin minkštviršis; 2021 „The Final Edition“) — pasirinktas pirmasis,,,K03427,Lentynoje,,,,,,,,,2026-09-16 17:02:00,g@cool.lt,Paupio Rūtos,2.0
3418.0,,(neįskaityta nugarėlė),,LT,,,,,,,,raudona knyga su spirale · PATIKSLINTI,,,K03428,Lentynoje,,,,,,,,,2026-09-16 17:02:00,g@cool.lt,Paupio Rūtos,2.0
3419.0,,(neįskaityta nugarėlė),,LT,,,,,,,,raudonas kietas viršelis · PATIKSLINTI,,,K03429,Lentynoje,,,,,,,,,2026-09-16 17:02:00,g@cool.lt,Paupio Rūtos,2.0
3431.0,,Brilliant Memory,,,,,,,,,,Teach Yourself · PATIKSLINTI,,,K03441,Lentynoje,,,,,,,,,2026-09-16 17:02:00,g@cool.lt,Paupio Rūtos,3.0
3432.0,,(ne knygos),,,,,,,,,,"užrašinės, spalvų paletės · PATIKSLINTI",,,K03442,Lentynoje,,,,,,,,,2026-09-16 17:02:00,g@cool.lt,Paupio Rūtos,3.0
3433.0,Carlo Rovelli,(pavadinimas neįskaitytas),,LT,,,,,,,,PATIKSLINTI,,,K03443,Lentynoje,,,,,,,,,2026-09-16 17:02:00,g@cool.lt,Paupio Rūtos,3.0
3437.0,Stephen P. Robbins,Essentials of Organizational Behavior,,EN,Pearson Prentice Hall,,Vadyba / vadovėlis,,,,"Kampinė lentyna (darbo kambarys), 2 lentyna (analitika)",Be autoriaus neįmanoma atskirti (Robbins ar Scandura; abiejų po daug leidimų),G37. Strategija ir vadyba,,K03447,Lentynoje,,,,,,,,,2026-09-17 15:21:00,g@cool.lt,Paupio Rūtos,3.0
3438.0,Henry Kissinger,World Order,,,Penguin Press,2014.0,,,,9781594206146.0,,"Penguin · yra ir 2015 m. minkštviršis (Penguin Books, 9780143127710) — keli leidimai",,,K03448,Lentynoje,,,,,,,,,2026-09-16 17:02:00,g@cool.lt,Paupio Rūtos,3.0
3439.0,Rudolf Grünig; Richard Kühn,Process-based Strategic Planning,,Anglų,Springer,,Strategija,,,,"Kampinė lentyna (darbo kambarys), 2 lentyna (analitika)",PATIKSLINTI,G37. Strategija ir vadyba,,K03449,Lentynoje,,,,,,,,,2026-09-17 15:21:00,g@cool.lt,Paupio Rūtos,3.0
3442.0,Nassim Nicholas Taleb,Rizikuoti savo kailiu. Kasdienio gyvenimo pasirinkimai,Skin in the Game,Lietuvių,Alma littera,2020.0,Ekonomika / rizika,,,9786090142929.0,"Kampinė lentyna (darbo kambarys), 2 lentyna (analitika)",,F32. Ekonomika ir politinė ekonomija,,K03452,Lentynoje,,,,,,,,,2026-09-17 15:21:00,g@cool.lt,Paupio Rūtos,3.0
3446.0,,(neįskaityta nugarėlė),,LT,,,,,,,,oranžinė knyga · PATIKSLINTI,,,K03456,Lentynoje,,,,,,,,,2026-09-16 17:02:00,g@cool.lt,Paupio Rūtos,3.0
3447.0,,Креативная экономика,,RU,,,,,,,,PATIKSLINTI,,,K03457,Lentynoje,,,,,,,,,2026-09-16 17:02:00,g@cool.lt,Paupio Rūtos,3.0
3448.0,,(neįskaityta nugarėlė),,LT,,,,,,,,tamsiai mėlyna knyga auksinėmis raidėmis · PATIKSLINTI,,,K03458,Lentynoje,,,,,,,,,2026-09-16 17:02:00,g@cool.lt,Paupio Rūtos,3.0
3449.0,,(neįskaitytos nugarėlės),,LT,,,,,,,,kelios neryškiai nufotografuotos knygos dešinėje · PATIKSLINTI,,,K03459,Lentynoje,,,,,,,,,2026-09-16 17:02:00,g@cool.lt,Paupio Rūtos,3.0
3450.0,Mitchell Beazley,"Champagne: The Essential Guide to the Wines, Producers, and Terroirs of the Iconic Region",,EN,Mitchell Beazley,,Vynas / gėrimai,,,,"Virtuvės spinta, 1 lentyna (kulinarijos klasika)","dviejų tomų dėžutė · Įvestyje autoriaus vietoje nurodyta leidykla „Mitchell Beazley“; tokio pavadinimo knygos autorius – Peter Liem (Ten Speed Press, 2017), bet sutapimas nepatvirtintas",H42. Kulinarija ir gėrimai,Gėrimai ir vynas,K03460,Lentynoje,,,,,,,,,2026-09-17 15:21:00,g@cool.lt,Paupio virtuvė,1.0
3454.0,"Beck, Bertholle, Child",Mastering the Art of French Cooking,,EN,,,Kulinarija,,,,"Virtuvės spinta, 1 lentyna (kulinarijos klasika)","Penguin, nudėvėta · PATIKSLINTI",H42. Kulinarija ir gėrimai,Chef'ų klasika ★ pora: originalas + vertimas,K03464,Lentynoje,,,,,,,,,2026-09-17 15:21:00,g@cool.lt,Paupio virtuvė,1.0
3456.0,sara altshul ir dr. pamela hops,Vaistinė Jūsų virtuvėje. 1000 naminių receptų jūsų sveikatai,,LT,,2013.0,,,370.0,,,"rastas tik pavadinimas; leidykla, metai ir ISBN nepatvirtinti",,,K03466,Lentynoje,,,10.0,2014-01-01 00:00:00,,,,,2026-09-18 20:12:00,g@cool.lt,Paupio virtuvė,2.0
3457.0,Jamie Oliver,Jamie Oliver 1,,,,,,,,,,PATIKSLINTI,,,K03467,Lentynoje,,,,,,,,,2026-09-16 17:02:00,g@cool.lt,Paupio virtuvė,2.0
3458.0,Jamie Oliver,The Naked Chef,,EN,Michael Joseph,1999.0,Kulinarija,,249.0,,"Virtuvės spinta, 2 lentyna (kulinarija)",keli leidimai (Michael Joseph 1999 JK; Hyperion 2000 JAV) — pasirinktas originalus JK,H42. Kulinarija ir gėrimai,Chef'ų klasika,K03468,Lentynoje,,,21.0,2008-04-18 00:00:00,,,,,2026-09-18 15:08:00,g@cool.lt,Paupio virtuvė,2.0
3460.0,"Milda Beržanskaitė-Kašėtienė, Dovilė Stonė","Veganiška virtuvė: daugiau nei 100 receptų įvairovę mėgstantiems visavalgiams, vegetarams ir veganams",,LT,Smaguris,2016.0,,,,,,"yra ir „Veganiška virtuvė pagal Mi ir Do“ — pavadinimai panašūs, ISBN nepatvirtintas",,,K03470,Lentynoje,,,,,,,,,2026-09-16 17:02:00,g@cool.lt,Paupio virtuvė,2.0
3464.0,,(neįskaityta nugarėlė),,LT,,,,,,,,"juoda knyga, leidykla Balto · PATIKSLINTI",,,K03474,Lentynoje,,,,,,,,,2026-09-16 17:02:00,g@cool.lt,Paupio virtuvė,2.0
3465.0,Alain Darroze,Mon pays Basque: Le goût de l'authentique,,Prancūzų,,,Kulinarija,,,,"Virtuvės spinta, 2 lentyna (kulinarija)",OpenLibrary nerado; WebSearch biudžetas išnaudotas — leidimas nepatvirtintas,H42. Kulinarija ir gėrimai,Pasaulio virtuvės,K03475,Lentynoje,,,,,,,,,2026-09-17 15:21:00,g@cool.lt,Paupio virtuvė,2.0
3469.0,,Der ganze Film in 5 Sekunden (Backen – Braten – Klimagaren),,EN,,,Humoras / kinas,,,,"Virtuvės spinta, 2 lentyna (kulinarija)",PATIKSLINTI,A3. Klasikos kanonas (pagal šalis),Kita klasika ir antologijos,K03479,Lentynoje,,,,,,,,,2026-09-17 15:21:00,g@cool.lt,Paupio virtuvė,2.0
3470.0,Živilė Povilaitytė-Buzaitė,Viskas dėl angliavandenių,,LT,Rainė,2022.0,,,,9786099633909.0,,,,,K03480,Lentynoje,,,,,,,,,2026-09-16 17:02:00,g@cool.lt,Paupio virtuvė,2.0
3471.0,,(neįskaityta nugarėlė),,LT,,,,,,,,šviesiai mėlyna knyga · PATIKSLINTI,,,K03481,Lentynoje,,,,,,,,,2026-09-16 17:02:00,g@cool.lt,Paupio virtuvė,2.0
3472.0,Khalid Aziz,Step by Step Guide to Indian Cooking,,EN,Hamlyn,1974.0,Kulinarija,,,9780600380931.0,"Virtuvės spinta, 2 lentyna (kulinarija)",Hamlyn,H42. Kulinarija ir gėrimai,Pasaulio virtuvės,K03482,Lentynoje,,,,,,,,,2026-09-17 15:21:00,g@cool.lt,Paupio virtuvė,2.0
3478.0,Gérard Depardieu,(pavadinimas neįskaitytas),,LT,,,,,,,,apie autoriaus virtuvę · PATIKSLINTI,,,K03488,Lentynoje,,,,,,,,,2026-09-16 17:02:00,g@cool.lt,Paupio virtuvė,2.0
3479.0,Fiorenza Maschietto,Eataly: Leonardo was not a vegetarian,,EN,,,Kulinarija / istorija,,,,"Virtuvės spinta, 2 lentyna (kulinarija)",Maschietto · OpenLibrary nerado; WebSearch biudžetas išnaudotas — leidimas nepatvirtintas,E31. Istorijos biblioteka,Šalių ir epochų istorijos,K03489,Lentynoje,,,,,,,,,2026-09-17 15:21:00,g@cool.lt,Paupio virtuvė,2.0
3480.0,,Žingsnis po žingsnio. Azijos virtuvė,,LT,,,Kulinarija,,,,"Virtuvės spinta, 2 lentyna (kulinarija)",PATIKSLINTI,H42. Kulinarija ir gėrimai,Lietuviška ir dvaro virtuvė,K03490,Lentynoje,,,,,,,,,2026-09-17 15:21:00,g@cool.lt,Paupio virtuvė,2.0
3482.0,,Visuotinė lietuvių enciklopedija,,LT,,,ENCIKLOPEDIJOS,,,,,"kraštinis tomas, numeris nematomas · PATIKSLINTI",,,K03492,Lentynoje,,,,,,,,,2026-09-16 17:02:00,g@cool.lt,Fabula,24.0
3483.0,,"Visuotinė lietuvių enciklopedija, V (Dis-Fat)",,LT,,,ENCIKLOPEDIJOS,,,,,,,,K03493,Lentynoje,,,,,,,,,2026-09-16 17:02:00,g@cool.lt,Fabula,24.0
3484.0,,"Visuotinė lietuvių enciklopedija, VIII (Imh-Jun)",,LT,,,ENCIKLOPEDIJOS,,,,,,,,K03494,Lentynoje,,,,,,,,,2026-09-16 17:02:00,g@cool.lt,Fabula,24.0
3485.0,,"Visuotinė lietuvių enciklopedija, XI (Kr-Len)",,LT,,,ENCIKLOPEDIJOS,,,,,,,,K03495,Lentynoje,,,,,,,,,2026-09-16 17:02:00,g@cool.lt,Fabula,24.0
3486.0,,"Visuotinė lietuvių enciklopedija, IX (Juo-Khi)",,LT,,,ENCIKLOPEDIJOS,,,,,,,,K03496,Lentynoje,,,,,,,,,2026-09-16 17:02:00,g@cool.lt,Fabula,24.0
3487.0,,"Visuotinė lietuvių enciklopedija, XII (Lietuva)",,LT,,,ENCIKLOPEDIJOS,,,,,,,,K03497,Lentynoje,,,,,,,,,2026-09-16 17:02:00,g@cool.lt,Fabula,24.0
3488.0,,"Visuotinė lietuvių enciklopedija, XX (Rėv-Sk)",,LT,,,ENCIKLOPEDIJOS,,,,,,,,K03498,Lentynoje,,,,,,,,,2026-09-16 17:02:00,g@cool.lt,Fabula,24.0
3489.0,,"Visuotinė lietuvių enciklopedija, VII (Gork-Imh)",,LT,,,ENCIKLOPEDIJOS,,,,,,,,K03499,Lentynoje,,,,,,,,,2026-09-16 17:02:00,g@cool.lt,Fabula,24.0
3490.0,,"Visuotinė lietuvių enciklopedija, XXI (Sam-Skė)",,LT,,,ENCIKLOPEDIJOS,,,,,,,,K03500,Lentynoje,,,,,,,,,2026-09-16 17:02:00,g@cool.lt,Fabula,24.0
3491.0,,"Visuotinė lietuvių enciklopedija, X (Khm-Kr)",,LT,,,ENCIKLOPEDIJOS,,,,,,,,K03501,Lentynoje,,,,,,,,,2026-09-16 17:02:00,g@cool.lt,Fabula,24.0
3492.0,,"Visuotinė lietuvių enciklopedija, XIV (Magd-)",,LT,,,ENCIKLOPEDIJOS,,,,,numeris nukirptas · PATIKSLINTI,,,K03502,Lentynoje,,,,,,,,,2026-09-16 17:02:00,g@cool.lt,Fabula,24.0
3493.0,,the secrets to ultimate weight loss,,,,,,,295.0,,,PAŠALINTA 2026-09-18 (g@cool.lt) · buvusi būsena: Lentynoje,,,K03503,Pašalintas,,,10.0,2020-09-18 00:00:00,,,,https://drive.google.com/file/d/1Ks-1J6y86kWcNp9BqLlfsRTiPSciR15Y/view,2026-09-18 18:18:00,g@cool.lt,Paupio virtuvė,2.0
3494.0,,the secrets to ultimate weight loss,,,,,,,,,,,,,K03504,Lentynoje,,,10.0,2020-09-18 00:00:00,,,,https://drive.google.com/file/d/1NooIXPxOLgDwR_lJFQ9Yk_4iH7rVbRV6/view,2026-09-18 15:13:00,g@cool.lt,Paupio virtuvė,2.0
