Patalpa,Lentyna,Pozicija,Autorius,Pavadinimas,Kalba,Pasitikėjimas,Šaltinis,Viršelio nuotrauka,Pastaba
Žagarinė miegamasis,3,1,,,,0.3,spine,,"neįskaitoma: spalvota (mėlyna–oranžinė) knyga, pastatyta už dviejų medinių nuotraukų rėmelių; nei nugarėlės, nei pavadinimo nesimato"
Žagarinė miegamasis,3,3,,Matai – darai,LT,0.8,spine,,"antras tos pačios knygos egzempliorius, padėtas gulsčiai ant stovinčių knygų; matosi viršelis su užrašu „MATAI – DARAI“"
Žagarinė miegamasis,3,4,Randall Munroe,What If?,EN,0.9,spine,,artimiausias K00561 (0.4) 
Žagarinė miegamasis,5,1,,,,0.3,spine,,"neįskaitoma: krūvos apačia: juodas odinis albumas (nuotraukų albumas ar aplankas), teksto nematyti"
Žagarinė miegamasis,5,2,,,,0.3,spine,,"neįskaitoma: rusvai violetinis odinis aplankas krūvos kairėje, kyšo iš po juodo albumo; teksto nematyti"
Žagarinė miegamasis,5,3,,,,0.3,spine,,"neįskaitoma: tamsiai rudas didelio formato leidinys su nuotrauka viršelyje; guli plokščiai, matyti tik lapų briauna"
Žagarinė miegamasis,5,4,,,,0.3,spine,,neįskaitoma: storas kreminis (baltas) didelio formato leidinys; teksto nematyti
Žagarinė miegamasis,5,5,,,,0.3,spine,,neįskaitoma: pilkas (tamsus) albumo tipo leidinys su šviesiu užrašu viršelio krašte; tekstas per neryškus perskaityti
Žagarinė miegamasis,5,6,,,,0.3,spine,,neįskaitoma: krūvos viršuje: raudonas kietais viršeliais didelio formato leidinys su paveikslu; nugarėlė nematoma
Žagarinė miegamasis,6,1,,Musei Vaticani,IT,0.6,spine,,raudonas albumas pilkoje veltinio dėžėje; ant viršelio užrašas „MVSEI VATICANI“
Žagarinė miegamasis,6,2,,Patagonia,,0.3,spine,,"didelio formato leidinys arba dekoratyvinė skardinė lentelė su užrašu „PATAGON…“ ir kalnų vaizdu; stovi atremtas į galinę sienelę, pavadinimo galas užstotas dėžės"
Žagarinė miegamasis,7,1,,,,0.3,spine,,"neįskaitoma: tamsus didelio formato leidinys su fotografijos viršeliu, pasviręs prie juodo dokumentų dėklo; nugarėlės nematyti"
Žagarinė miegamasis,7,2,Robert Irwin,The Alhambra,EN,0.8,spine,,artimiausias K00092 (0.5) autoriaus pavardė nugarėlės apačioje smulki
Žagarinė miegamasis,7,3,Isaac Asimov,"I, Robot",EN,0.9,spine,,juoda nugarėlė su žaliu šriftu
Žagarinė miegamasis,7,4,,The Dark Powers of Tolkien,EN,0.7,spine,,artimiausias K00815 (0.57) pilka nugarėlė; autoriaus pavardė neįskaitoma
Žagarinė miegamasis,7,5,,,,0.3,spine,,neįskaitoma: plona balta nugarėlė su mėlynu skaičiumi „12“ ir mėlynu pavadinimu; tekstas per smulkus perskaityti
Žagarinė miegamasis,7,7,,,,0.3,spine,,neįskaitoma: tamsiai mėlyna nugarėlė be įskaitomo teksto
Žagarinė miegamasis,7,8,,,,0.3,spine,,neįskaitoma: tamsiai ruda knyga su piešta žaluma ir parašu ant nugarėlės; teksto neįmanoma perskaityti
Žagarinė miegamasis,7,10,Isaac Asimov,The Complete Robot,EN,0.7,spine,,artimiausias K01767 (0.5) tamsiai violetinė nugarėlė; vidurinis pavadinimo žodis iš dalies uždengtas
Žagarinė miegamasis,7,11,,,,0.3,spine,,"neįskaitoma: plonas baltas didelio formato leidinys, pastatytas įstrižai; nugarėlės tekstas per smulkus"
Žagarinė miegamasis,7,12,,Žemaitė,LT,0.8,spine,,"senas drobinis įrišimas; ant nugarėlės tik pavardė „ŽEMAITĖ“, įspausta po vieną raidę su ornamentais"
Žagarinė miegamasis,7,18,Donovan,How to Deliver a TED Talk,EN,0.8,spine,,artimiausias K01877 (0.25) ant nugarėlės tik autoriaus pavardė
Žagarinė miegamasis,7,19,,,EN,0.3,spine,,neįskaitoma: alyvuogių spalvos nugarėlė; įskaitoma tik pavadinimo pabaiga „…acy“
Žagarinė miegamasis,7,20,,,,0.3,spine,,neįskaitoma: blyškiai kreminė nugarėlė be įskaitomo teksto
Žagarinė miegamasis,7,22,Niall Ferguson,The Great Degeneration,EN,0.9,spine,,artimiausias K00278 (0.44) paantraštė „How Institutions Decay and Economies Die“
Žagarinė miegamasis,7,23,,,,0.3,spine,,neįskaitoma: tamsiai raudona nugarėlė su balta bibliotekine etikete apačioje; tekstas neįskaitomas
Žagarinė miegamasis,7,25,Hermanas Melvilis,Mobis Dikas,LT,0.8,spine,,tamsiai pilkas drobinis įrišimas su juoda etikete
Žagarinė miegamasis,7,27,,Parque Nacional Los Glaciares,kita,0.4,spine,,"ispanų kalba; šviesiai mėlyna nugarėlė, įskaitomi tik žodžiai „NACIONAL“ ir „…ACIARES“, likusi dalis šešėlyje"
Žagarinė miegamasis,7,28,,MyGrammarLab,EN,0.8,spine,,artimiausias K00699 (0.4) guli horizontaliai po stovinčiomis knygomis; ant nugarėlės „Book + Online + Mobile“
Žagarinė miegamasis,7,29,,Perceptual Learning and Adaptation,EN,0.9,spine,,"artimiausias K00765 (0.29) serija „Penguin Modern Psychology Readings“, sudarytojas P. C. Dodwell; guli horizontaliai antroje eilėje"
Žagarinė miegamasis,7,30,Carlo Rovelli,The Order of Time,EN,0.9,spine,,artimiausias K00967 (0.44) guli horizontaliai antroje eilėje
Žagarinė miegamasis,7,32,"Tsugumi Ohba, Takeshi Obata",Death Note: Short Stories,EN,0.8,spine,,"artimiausias K00114 (0.5) guli horizontaliai antroje eilėje, nugarėlė apversta"
Žagarinė miegamasis,8,1,,Read with Oxford. Snoot's Big Bad Dream and other stories,EN,0.8,spine,,"artimiausias K00086 (0.29) žalia nugarėlė, pakopa 4"
Žagarinė miegamasis,8,2,,Trys nykštukai,LT,0.7,spine,,artimiausias K00871 (0.5) balta apdilusi nugarėlė
Žagarinė miegamasis,8,4,,,EN,0.3,spine,,"neįskaitoma: tamsiai mėlyna nugarėlė, matosi tik „OXFORD“; knyga uždengta"
Žagarinė miegamasis,8,6,,,,0.3,spine,,"neįskaitoma: šviesiai mėlyna knyga plėvelėje, teksto neįskaitoma"
Žagarinė miegamasis,8,7,,,LT,0.3,spine,,"neįskaitoma: geltona nugarėlė, matosi tik leidykla „baltos lankos“"
Žagarinė miegamasis,8,8,,,,0.3,spine,,"neįskaitoma: šviesiai žalia nugarėlė, pavadinimas uždengtas"
Žagarinė miegamasis,8,12,,,LT,0.3,spine,,"neįskaitoma: raudona ir balta nugarėlė; matosi leidyklos ženklas „LEKTŪRA“ ir žodis „Press“, pavadinimas neaiškus"
Žagarinė miegamasis,8,13,Regina Grabbet,Žaisdami mokomės,LT,0.7,spine,,balta nugarėlė; autorės pavardė neryški
Žagarinė miegamasis,8,14,,Didžioji spalvota žaidimų knyga,LT,0.9,spine,,artimiausias K01766 (0.5) šviesiai mėlyna nugarėlė su spalvotomis raidėmis
Žagarinė miegamasis,8,15,,,IT,0.3,spine,,"neįskaitoma: tamsiai mėlyna nugarėlė, matosi „… e le due lune“ (italų k.)"
Žagarinė miegamasis,9,2,,,,0.3,spine,,"neįskaitoma: juoda knyga tarp Pullmano ir japoniškos knygos; nugarėlė uždengta, teksto nesimato"
Žagarinė miegamasis,9,3,,10分で読める… 3年生,kita,0.4,spine,,"japonų kalba; balta nugarėlė, apačioje leidyklos ženklas; įskaitomi tik fragmentai „10分…読…“ ir „3年生“"
Žagarinė priepirtis,1,2,,,,0.3,spine,,"neįskaitoma: tamsi nugarėlė su auksiniais ir žalsvais ornamentais, beveik visiškai užstota pos 1 knygos"
Žagarinė priepirtis,1,10,,,,0.3,spine,,"neįskaitoma: juoda knyga, įstumta giliau tarp pos 9 ir pos 11; nugarėlė be matomo teksto"
Žagarinė priepirtis,1,11,,Išrinktasis. Blogio imperijos iškilimas,LT,0.8,spine,,artimiausias K00727 (0.4) autorius nugarėlėje nenurodytas
Žagarinė priepirtis,2,1,S. Lemas,Soliaris,LT,0.9,spine,,šviesi nugarėlė
Žagarinė priepirtis,2,7,,Atgimęs našliadirbys,LT,0.8,spine,,"serija SF, Nr. 487; autorius ant nugarėlės nematyti"
Žagarinė priepirtis,2,8,,Oberono ranka,LT,0.8,spine,,"serija F, Nr. 132; autorius ant nugarėlės nematyti"
Žagarinė priepirtis,2,9,,Avalono ginklai,LT,0.8,spine,,"serija F, Nr. 125; autorius ant nugarėlės nematyti"
Žagarinė priepirtis,2,10,,Charono žiedas,LT,0.8,spine,,"serija SF, Nr. 449; autorius ant nugarėlės nematyti"
Žagarinė priepirtis,2,11,,,LT,0.3,spine,,"neįskaitoma: tamsiai violetinė knyga, atsukta nugara į priekį — matyti tik anotacija geltonu šriftu, pavadinimo nematyti"
Žagarinė priepirtis,2,12,,Vyresni už mus,LT,0.8,spine,,serija SF; autorius ant nugarėlės nematyti
Žagarinė priepirtis,2,15,,Nosferatu,LT,0.8,spine,,serija SF; guli plokščiai; autorius ant nugarėlės nematyti
Žagarinė priepirtis,2,16,,Bėgimas į chaoso ištakas,LT,0.8,spine,,serija SF; guli plokščiai; autorius ant nugarėlės nematyti
Žagarinė priepirtis,2,17,Clifford D. Simak,Talismano brolija,LT,0.9,cover,Zagarine priepirtis 2_1.JPG,"artimiausias K00844 (0.33) serija „Pasaulinės fantastikos Aukso fondas“, Nr. 22; lentynos nuotraukoje neatpažįstama"
Žagarinė priepirtis,2,18,Aleksandras Diuma,Vikontas de Braželonas,LT,0.9,cover,Zagarine priepirtis 2_2.JPG,"serija „Drąsiųjų keliai“, Nr. 111; lentynos nuotraukoje neatpažįstama"
Žagarinė priepirtis,3,6,Stephen King,The Stand,EN,0.9,spine,,artimiausias K00092 (0.5) 
Žagarinė priepirtis,3,10,"E. Temkinas, V. Ermanas",Senovės Indijos mitai,LT,0.7,spine,,"artimiausias K00448 (0.4) geltona nugarėlė; autorių pavardės rašytiniu šriftu, sunkiai įskaitomos"
Žagarinė priepirtis,4,5,Kenneth Johnson,V: The Second Generation,EN,0.9,spine,,artimiausias K00092 (0.4) 
Žagarinė priepirtis,4,9,Ž. Simenonas,Pirmoji Megrė užduotis,LT,0.8,spine,,"artimiausias K01186 (0.4) tamsi drobinė nugarėlė, tekstas nublukęs"
Žagarinė priepirtis,4,11,Klifordas Donaldas Saimekas,Miestas,LT,0.9,cover,Zagarine priepirtis 4_1.JPG,artimiausias K00571 (0.5) serija „Zenitas“; viršelis apiplyšęs; lentynos nuotraukoje neatpažįstama
Žagarinė priepirtis,4,12,Vytautas Kazlauskas,Didysis poltergeistas. Berijos laboratorija,LT,0.9,cover,Zagarine priepirtis 4_2.JPG,artimiausias K00653 (0.29) lentynos nuotraukoje neatpažįstama
Žagarinė priepirtis,4,13,,Classic Devon Ghost Stories,EN,0.9,cover,Zagarine priepirtis 4_3.JPG,"artimiausias K00114 (0.25) rinkinys, autorius ant viršelio nenurodytas; lentynos nuotraukoje neatpažįstama"
Žagarinė priepirtis,4,14,Edgaras Volesas,Durys su septyniais užraktais,LT,0.9,cover,Zagarine priepirtis 4_4.JPG,artimiausias K00500 (0.29) serija „Detektyvas“; lentynos nuotraukoje neatpažįstama
Žagarinė priepirtis,4,15,Sir Arthur Conan Doyle,Sherlock Holmes: The Case of the Blue Diamond,EN,0.9,cover,Zagarine priepirtis 4_5.JPG,"artimiausias K00003 (0.36) adaptuotas skaitinys, serija „Dominoes one“; lentynos nuotraukoje neatpažįstama"
Žagarinė priepirtis,5,1,Stephenie Meyer,Saulėlydis,LT,0.9,spine,,nugarėlėje tik „MEYER“
Žagarinė priepirtis,5,2,Stephenie Meyer,Jaunatis,LT,0.9,spine,,nugarėlėje tik „MEYER“
Žagarinė priepirtis,5,3,Stephenie Meyer,Užtemimas,LT,0.9,spine,,nugarėlėje tik „MEYER“
Žagarinė priepirtis,5,4,Paula Hawkins,The Girl on the Train,EN,0.9,spine,,artimiausias K00003 (0.5) 
Žagarinė priepirtis,5,6,,Žvaigždžių karai,LT,0.6,spine,,artimiausias K01810 (0.5) tamsiai mėlyna nugarėlė su SF ženklu; autorius ir tomo pavadinimas nesimato
Žagarinė priepirtis,5,7,J. Semionovas,Septyniolika balandžio akimirkų,LT,0.8,spine,,sena apdilusi nugarėlė
Žagarinė priepirtis,5,9,"Tony DiTerlizzi, Holly Black",Spaiderviko kronikos,LT,0.7,spine,,"artimiausias K00537 (0.5) tamsi nugarėlė, „DITERLIZZI ir BLACK“"
Žagarinė priepirtis,5,12,,,EN,0.3,spine,,"neįskaitoma: plona žalia nugarėlė, matosi tik „OXFORD“ ir numeris 6 (tikėtina Oxford Bookworms)"
Žagarinė priepirtis,5,16,Janas Flemingas,Vyras su auksiniu pistoletu,LT,0.9,spine,,
Žagarinė priepirtis,6,1,,,,0.3,spine,,"neįskaitoma: didelio formato tamsiai mėlynas leidinys (albumas arba aplankas) kairiajame lentynos gale; ant viršelio įžvelgiami tik atskiri simboliai, teksto perskaityti neįmanoma"
Žagarinė priepirtis,6,2,,,,0.3,spine,,"neįskaitoma: apie 6 žurnalai kairėje: geltonos, baltos, tamsios ir mėlynos nugarėlės; nuotrauka neryški, užrašai neįskaitomi"
Žagarinė priepirtis,6,4,,National Geographic Lietuva,LT,0.6,spine,,"artimiausias K00770 (0.57) apie 35–40 numerių su geltonomis nugarėlėmis; įskaitomas tik leidinio pavadinimas, atskirų numerių datų ir temų perskaityti neįmanoma (nuotrauka neryški)"
Žagarinė priepirtis,6,5,,,,0.3,spine,,neįskaitoma: juoda knyga su nakties miesto nuotrauka ir balta juosta apačioje; matoma tik pavadinimo pabaiga „…OPAS“
Žagarinė priepirtis,6,6,,,,0.3,spine,,neįskaitoma: apie 5 tamsios ir oranžinės nugarėlės tarp National Geographic numerių; užrašai neįskaitomi
Žagarinė priepirtis,7,4,Džonas Faulzas,Juodmedžio bokštas,LT,0.6,cover,Zagarine priepirtis 7_2.JPG,artimiausias K00822 (0.33) greičiausiai tai antroje eilėje už Tolkieno tomų stovinti knyga — lentynos nuotraukoje matosi tik rusvas viršutinis kraštas
Žagarinė priepirtis,7,8,Michael Scott,Kerėtoja. Nemirtingojo Nikolo Flamelio paslaptys,LT,0.6,cover,Zagarine priepirtis 7_1.JPG,artimiausias K00777 (0.48) autoriaus vardas ant viršelio blankus; greičiausiai tai antroje eilėje už Garth Nix knygos stovinti knyga
Žagarinė priepirtis,7,11,,,,0.3,spine,,"neįskaitoma: raudonas spiraliniu rišimu įrištas didelio formato leidinys (sąsiuvinis ar albumas), pasviręs prie dešinės sienelės; užrašas neįskaitomas"
Žagarinė priepirtis,8,1,,,,0.3,spine,,neįskaitoma: plona raudona nugarėlė su balta apskrita emblema apačioje; tekstas neįskaitomas (nuotrauka neryški)
Žagarinė priepirtis,8,2,,,,0.3,spine,,neįskaitoma: plona šviesiai mėlyna nugarėlė; tekstas neįskaitomas
Žagarinė priepirtis,8,3,,,,0.3,spine,,neįskaitoma: žema oranžinė-geltona knyga priekinėje eilėje; tekstas neįskaitomas
Žagarinė priepirtis,8,4,,,,0.3,spine,,neįskaitoma: antra žema oranžinė-geltona knyga šalia; tekstas neįskaitomas
Žagarinė priepirtis,8,5,,,,0.3,spine,,neįskaitoma: tamsi (juoda–žalsva) nugarėlė su gelsva apskrita emblema viršuje; tekstas neįskaitomas
Žagarinė priepirtis,8,6,,,,0.3,spine,,neįskaitoma: tamsiai mėlyna nugarėlė su balta juosta per vidurį; tekstas neįskaitomas
Žagarinė priepirtis,8,7,,,,0.3,spine,,neįskaitoma: plona kreminė nugarėlė su tamsiu tekstu; neįskaitoma
Žagarinė priepirtis,8,8,,,,0.3,spine,,neįskaitoma: aukšta šviesiai žalia nugarėlė su spalvotu apskritimu viršuje; tekstas neįskaitomas
Žagarinė priepirtis,8,9,,,,0.3,spine,,neįskaitoma: kreminė nugarėlė su apskrita emblema viršuje; tekstas neįskaitomas
Žagarinė priepirtis,8,10,,,,0.3,spine,,neįskaitoma: mėlyna nugarėlė su džinsinio audinio raštu; tekstas neįskaitomas
Žagarinė priepirtis,8,11,,,,0.3,spine,,neįskaitoma: tamsi nugarėlė su raudonu akcentu; tekstas neįskaitomas
Žagarinė priepirtis,8,14,,,,0.3,spine,,neįskaitoma: tamsiai raudona knyga gilumoje už priekinės eilės; matosi tik kraštas
Žagarinė priepirtis,8,15,Džanis Rodaris,Čipolino nuotykiai,LT,0.6,cover,Zagarine priepirtis 8_1.JPG,"artimiausias K00855 (0.4) sena nudėvėta knyga; lentynoje greičiausiai kreminė nugarėlė be teksto prieš oranžinę knygą, bet dėl neryškumo sutapatinta tik spėjamai"
Žagarinė priepirtis,8,16,Markas Tvenas,Princas ir elgeta,LT,0.6,cover,Zagarine priepirtis 8_2.JPG,artimiausias K00838 (0.33) sena knyga oranžiniu drobiniu nugarėlės audiniu; atitinka dešiniausią pasvirusią oranžinę lentynos knygą
Žagarinė priepirtis,9,8,Rafael Ábalos,Grimpou,LT,0.9,spine,,
Žagarinė priepirtis,9,9,A. Vasilevskis,Chiromantija,LT,0.9,cover,Zagarine priepirtis 9_1.JPG,"maža nudėvėta brošiūra; ant viršelio „A. Vasilevskis, chiromantas-grafologas“; lentynos nuotraukoje tarp nugarėlių neatpažįstama, vietos numeris sąlyginis"
Žagarinė priepirtis,10,3,J. R. R. Tolkien,Žiedų valdovas,LT,0.8,spine,,balta nugarėlė su ornamentuotu aplanku
Žagarinė priepirtis,10,5,Nik Perumov,Elfų durklas,LT,0.8,spine,,artimiausias K00805 (0.5) tamsiai raudona nugarėlė su auksiniais ornamentais
Žagarinė priepirtis,11,2,,,,0.3,spine,,neįskaitoma: šviesi knyga su oranžine/rusva juosta ir baltu tekstu — neįskaitoma (nuotrauka neryški)
Žagarinė priepirtis,11,3,,H2O,,0.4,spine,,"juoda nugarėlė su žaliomis raidėmis, skaitoma kaip „H2O“"
Žagarinė priepirtis,11,4,,,,0.3,spine,,neįskaitoma: tamsiai mėlyna nugarėlė su raudonu piešiniu — teksto neįskaitoma
Žagarinė priepirtis,11,5,,,,0.3,spine,,"neįskaitoma: pilkai balta plona knygelė, be įskaitomo teksto"
Žagarinė priepirtis,11,6,,,,0.3,spine,,"neįskaitoma: žalsva plona knyga/žurnalas, pakrypusi, teksto neįskaitoma"
Žagarinė priepirtis,11,7,,,,0.3,spine,,"neįskaitoma: žalsva plona knyga/žurnalas, pakrypusi, teksto neįskaitoma"
Žagarinė priepirtis,11,8,,,,0.3,spine,,"neįskaitoma: žalsva plona knyga/žurnalas, pakrypusi, teksto neįskaitoma"
Žagarinė priepirtis,11,9,,,,0.3,spine,,"neįskaitoma: tamsiai žalia plona knyga/žurnalas, teksto neįskaitoma"
Žagarinė priepirtis,11,10,,,,0.3,spine,,"neįskaitoma: tamsi plona knyga/žurnalas, teksto neįskaitoma"
Žagarinė priepirtis,11,11,,,,0.3,spine,,"neįskaitoma: tamsi plona knyga/žurnalas, teksto neįskaitoma"
Žagarinė priepirtis,11,13,,,,0.3,spine,,"neįskaitoma: plona juoda nugarėlė su taškų eile, be įskaitomo teksto"
Žagarinė priepirtis,11,14,,,,0.3,spine,,"neįskaitoma: plona balta knygelė, be įskaitomo teksto"
Žagarinė priepirtis,11,15,,,,0.3,spine,,"neįskaitoma: antra plona balta knygelė, be įskaitomo teksto"
Žagarinė priepirtis,13,9,,Marius Pietaris ir juodasis bokštas,LT,0.9,spine,,artimiausias K01240 (0.33) 2 knyga; ant nugarėlės monograma „MP“; autorius ant nugarėlės nenurodytas
Žagarinė priepirtis,13,10,,,LT,0.3,spine,,"neįskaitoma: plona iliustruota knyga, įstumta už kitų; matyti tik dalis galinio viršelio su gamtos nuotraukomis, pavadinimo neįskaityti"
Žagarinė priepirtis,14,2,,,,0.3,spine,,"neįskaitoma: didelio formato leidinys, gulintis ant „Fleitos pradžiamokslio“; matyti tik žalsvai mėlyna iliustracija, teksto nėra"
Žagarinė priepirtis,14,3,,,,0.3,spine,,"neįskaitoma: kreminė (gelsva) knyga su pieštu viršeliu, guli viršuje; pavadinimo nematyti"
Žagarinė priepirtis,14,4,,,,0.3,spine,,"neįskaitoma: didelio formato spalvota (žalia–geltona–raudona) knyga, atsukta galiniu viršeliu; matyti tik brūkšninis kodas"
Žagarinė priepirtis,14,5,Brussolo,Pegė Siu ir fantomai,LT,0.8,spine,,pavadinimas nugarėlėje rašytiniu šriftu
Žagarinė priepirtis,15,3,J. K. Rowling,Harry Potter and the Half-Blood Prince,EN,0.9,spine,,artimiausias K00393 (0.31) 
Žagarinė priepirtis,16,1,,,,0.3,spine,,"neįskaitoma: smėlio spalvos suplyšusi knyga kairiajame krašte, pasvirusi prie spintos šono; nugarėlė be matomo teksto"
Žagarinė priepirtis,16,4,Gotfrydas Augustas Biurgeris,Baronas Miunhauzenas,LT,0.8,spine,,"pavadinimas rašytiniu šriftu, sunkiai įskaitomas"
Žagarinė priepirtis,16,8,,Bokšto gynimas,LT,0.8,spine,,rusva nugarėlė; autorius ant nugarėlės nematyti
Žagarinė priepirtis,16,9,,,,0.3,spine,,neįskaitoma: lygi smėlinė nugarėlė be teksto
Žagarinė priepirtis,16,13,,,,0.3,spine,,"neįskaitoma: spalvotai iliustruota knyga, pasvirusi tarp kitų; ant nugarėlės teksto nėra"
Žagarinė priepirtis,16,17,Jonas Biliūnas,Kūdikystės sapnai,LT,0.9,spine,,
Žagarinė priepirtis,16,19,,Mažoji muzikos istorija,LT,0.7,spine,,"artimiausias K00412 (0.4) pilkšvai žalia drobinė nugarėlė, tekstas nublukęs; autoriaus nematyti"
Žagarinė priepirtis,16,20,,,,0.3,spine,,"neįskaitoma: labai susidėvėjusi rusva drobinė knyga, nugarėlė be teksto"
Žagarinė priepirtis,16,22,V. Giedra,Murklys ieško šeimininko,LT,0.9,cover,Zagarine priepirtis 16_1.JPG,labai susidėvėjęs oranžinis viršelis; lentynos nuotraukoje neatpažįstama
Žagarinė priepirtis,17,2,,,,0.3,spine,,"neįskaitoma: plona pilkšvai balta knygelė, pakrypusi į priekį, teksto nematyti"
Žagarinė priepirtis,17,3,,,,0.3,spine,,"neįskaitoma: užpakalinė eilė: kreminis viršelis su juodu grafišku piešiniu (šakos), teksto nematyti"
Žagarinė priepirtis,17,5,,Edvardas Didysis ir Tedis Mažasis. Skaičiai,LT,0.9,spine,,"artimiausias K00874 (0.33) raudona nugarėlė, knyga aukštyn kojomis"
Žagarinė priepirtis,17,8,,,,0.3,spine,,"neįskaitoma: pilkšvai žalsva nugarėlė su labai smulkiu tekstu viršuje, neįskaitoma"
Žagarinė priepirtis,17,11,,,,0.3,spine,,"neįskaitoma: užpakalinė eilė: žalia kietais viršeliais knyga, teksto nematyti"
Žagarinė priepirtis,17,13,Pamela Travers,Merė Popins Vyšnių gatvelėje ir kaimyninis namas,LT,0.9,spine,,storas raudonas tomas
Žagarinė priepirtis,17,18,,,,0.3,spine,,"neįskaitoma: labai plona, suplyšusi šviesi knygelė su mėlynu ženklu viršuje, teksto neįskaityti"
Žagarinė priepirtis,17,20,Astrid Lindgren,Didysis seklys Bliumkvistas,LT,0.9,spine,,"artimiausias K00653 (0.33) juoda nugarėlė, autorės pavardė raudonoje juostoje apačioje"
Žagarinė priepirtis,17,24,,,LT,0.3,spine,,"neįskaitoma: juoda nugarėlė su įspaustomis raidėmis, įskaitoma tik apytikriai „DEIVĖ LAIMĖS LEM…“"
Žagarinė priepirtis,17,25,,,,0.3,spine,,neįskaitoma: žalias drobinis viršelis be matomo teksto nugarėlėje
Žagarinė priepirtis,18,1,,,LT,0.3,spine,,neįskaitoma: mėlyna nugarėlė su užrašu „Walt Disney“; pavadinimo ant nugarėlės nėra
Žagarinė priepirtis,18,5,,,,0.3,spine,,neįskaitoma: raudona knyga su rašytiniu užrašu ant viršelio; nugarėlė uždengta priekinėmis knygomis
Žagarinė priepirtis,18,6,,,,0.3,spine,,neįskaitoma: gelsvai ruda iliustruota vaikiška knyga; nugarėlės teksto nematyti
Žagarinė priepirtis,18,9,Joachim Friedrich,4 ½ draugo,LT,0.4,spine,,"gelsvai žalia nugarėlė; matoma serijos antraštė „4 ½ draugo“, konkreti dalies antraštė uždengta"
Žagarinė priepirtis,18,10,,Įtartinai kvepiantys pinigai ir šuolis į kosmosą,LT,0.8,spine,,serija „Donaldas ir kiti“; juoda nugarėlė
Žagarinė priepirtis,18,11,,Neįmanomas nusikaltimas ir dieviška galia,LT,0.8,spine,,artimiausias K00556 (0.29) serija „Donaldas ir kiti“; raudona nugarėlė
Žagarinė priepirtis,18,12,,Karas su šparagais ir krištolinis katinas,LT,0.8,spine,,artimiausias K01593 (0.2) serija „Donaldas ir kiti“; mėlyna nugarėlė
Žagarinė priepirtis,18,13,,XXI amžiaus piratai ir pasakiški Mangaloro maharadžos turtai,LT,0.8,spine,,artimiausias K00454 (0.2) serija „Donaldas ir kiti“; mėlyna nugarėlė
Žagarinė priepirtis,18,15,,Ankstyvojo ugdymo vadovas. Vaikas iki trejų metų,LT,0.9,spine,,artimiausias K01491 (0.25) antras iš dviejų vienodų egzempliorių
Žagarinė priepirtis,18,16,,Star Wars. Klonų puolimas,LT,0.8,spine,,nugarėlėje prierašas „Pagal filmą «Žvaigždžių karai»“
Žagarinė priepirtis,18,17,,,,0.3,spine,,neįskaitoma: plonas pilkas leidinys / sąsiuvinis be užrašų
Žagarinė priepirtis,18,18,,,,0.3,spine,,neįskaitoma: plonas pilkas leidinys / sąsiuvinis be užrašų
Žagarinė priepirtis,18,19,,,,0.3,spine,,neįskaitoma: plonas pilkas leidinys / sąsiuvinis be užrašų
Žagarinė priepirtis,18,24,,,,0.3,spine,,neįskaitoma: plona geltona nugarėlė be teksto
Žagarinė priepirtis,18,25,,,,0.3,spine,,neįskaitoma: plona tamsiai pilka nugarėlė be teksto
Žagarinė priepirtis,18,28,"Wells, Jeffers",Lesė grįžta,LT,0.9,spine,,antras iš dviejų vienodų egzempliorių
Žagarinė salonas,1,6,Sergejus Jovaiša,Krepšinio aistrų sūkury,LT,0.9,spine,,artimiausias K01637 (0.55) tamsiai ruda nugarėlė
Žagarinė salonas,2,10,,,,0.3,spine,,"neįskaitoma: už juodosios knygos pasvirusi kreminė / balta knyga, nugarėlė nematoma"
Žagarinė salonas,3,2,Мераб Мамардашвили,Как я понимаю философию,RU,0.9,spine,,"pilka nugarėlė, knyga aplenkta permatoma plėvele"
Žagarinė salonas,3,4,I. Kantas,Grynojo proto kritika,LT,0.9,spine,,juoda nugarėlė su pelėdos emblema
Žagarinė salonas,5,9,Juozas Erlickas,Prisimynimai,LT,0.9,spine,,rudas viršelis su akimi; raidė „y“ raudona
Žagarinė salonas,5,11,Raimondas Kašauskas,Gerumo kaina,LT,0.9,cover,Zagarine Salonas 5_1.JPG,lentynos nuotraukoje neatpažinta
Žagarinė salonas,5,12,A. Pabijūnas,Skersvėjai,LT,0.9,cover,Zagarine Salonas 5_2.JPG,senas vyšninis viršelis; lentynos nuotraukoje neatpažinta
Žagarinė salonas,5,13,Sigitas Geda,Strazdas,LT,0.9,cover,Zagarine Salonas 5_3.JPG,lentynos nuotraukoje neatpažinta
Žagarinė salonas,5,14,Salomėja Nėris,Poezija,LT,0.8,cover,Zagarine Salonas 5_4.JPG,"artimiausias K00595 (0.33) antraštinis lapas, I tomas; leidimo metai neįskaitomi (Vilnius, ~195x)"
Žagarinė salonas,5,15,Janina Degutytė,Purpuru atsivėrusi,LT,0.9,cover,Zagarine Salonas 5_5.JPG,lentynos nuotraukoje neatpažinta
Žagarinė salonas,5,16,Anzelmas Katkus,Studentiškos poringės,LT,0.9,cover,Zagarine Salonas 5_6.JPG,žalsvas viršelis su medžio raižiniu
Žagarinė salonas,5,17,Alg. Baltakis,Keturios stygos,LT,0.9,cover,Zagarine Salonas 5_7.JPG,ant viršelio autorius užrašytas sutrumpintai „ALG. BALTAKIS“
Žagarinė salonas,5,19,Anita Kapočiūtė,Metro,LT,0.9,cover,Zagarine Salonas 5_9.JPG,
Žagarinė salonas,5,20,Tomas Arūnas Rudokas,Autodafė,LT,0.9,cover,Zagarine Salonas 5_10.JPG,
Žagarinė salonas,5,21,Algimantas Zeikus,Nušautas vakaras,LT,0.9,cover,Zagarine Salonas 5_11.JPG,
Žagarinė salonas,5,23,V. Ažajevas,Toli nuo Maskvos,LT,0.9,cover,Zagarine Salonas 5_13.JPG,"artimiausias K01731 (0.4) antraštinis lapas; romanas, vertė D. Pinigis; virš pavadinimo blanki eilutė „ANTROJI DALIS“"
Žagarinė salonas,5,24,,NATO sienos / Walls for NATO,LT,0.8,cover,Zagarine Salonas 5_14.JPG,"artimiausias K00444 (0.22) parodos katalogas, lietuvių ir anglų k.; nufotografuotas tik metrikos puslapis, kuratoriai Kęstutis Kuizinas, Evaldas Stankevičius; ISBN 9986-957-16-8"
Žagarinė salonas,5,25,Salomėja Nėris,Mama! Kur tu?,LT,0.9,cover,Zagarine Salonas 5_15.JPG,labai sudėvėtas popierinis viršelis
Žagarinė salonas,5,26,,Tapyba,LT,0.6,cover,Zagarine Salonas 5_16.JPG,"artimiausias K01708 (0.5) antraštinis lapas, didelio formato albumas; pavadinimas teptuko šriftu, todėl skaitymas nevisiškai tikras; leidyklos „Vaga“ bibliotekos antspaudas"
Žagarinė salonas,5,27,"V. Čigriejienė, V. Sadauskas",Jūsų mažylis pakeliui į gyvenimą,LT,0.9,cover,Zagarine Salonas 5_17.JPG,artimiausias K00683 (0.25) 
Žagarinė salonas,5,28,Mišelis Odenas,Gimdymo atgimimas,LT,0.9,cover,Zagarine Salonas 5_18.JPG,paantraštė „Koks galėtų ir turėtų būti?“
Žagarinė salonas,5,29,"S. Tokeris, V. Zeliukas",Auksinis Kauno „Žalgirio“ sezonas,LT,0.9,cover,Zagarine Salonas 5_19.JPG,"artimiausias K00568 (0.33) antraštinis lapas; Kaunas, Šviesa, 1985"
Žagarinė salonas,5,30,"V. Kovaliov, J. Sąlyga, V. Grigalauskas",Skubios medicininės pagalbos suteikimas laivuose,LT,0.9,cover,Zagarine Salonas 5_20.JPG,
Žagarinė salonas,5,31,,Plaukimas Ambersail Karibai,LT,0.8,cover,Zagarine Salonas 5_21.JPG,fotoalbumas; ant viršelio ranka užrašyta „Be happy or leave :)“; autorius nenurodytas
Žagarinė salonas,7,3,,,,0.3,spine,,neįskaitoma: už Maldonio ir „Malarstwo polskie“ įstumta knyga tamsiai rudu viršeliu; matosi tik viršutinis kraštas
Žagarinė salonas,7,5,,,,0.3,spine,,neįskaitoma: už kitų knygų įstumta knyga spalvotu (tapybos reprodukcijos) viršeliu; nugarėlės nesimato
Žagarinė salonas,7,6,В. Г. Брюсова,Гурий Никитин,RU,0.9,spine,,"juoda nugarėlė, auksinės raidės"
Žagarinė salonas,8,3,,,,0.3,spine,,neįskaitoma: siaura balta nugarėlė be jokio teksto
Žagarinė salonas,8,5,,,LT,0.3,spine,,"neįskaitoma: sena knyga suplėšytu popieriniu aplanku, gotikinis šriftas; įskaitomi tik fragmentai „v. Pe…“, „Lietu…“"
Žagarinė salonas,8,9,A. Sabaliauskas,Mes baltai,LT,0.9,spine,,artimiausias K01851 (0.5) žalia nugarėlė
Žagarinė salonas,8,10,Algirdas Sabaliauskas,Mes baltai,LT,0.8,spine,,artimiausias K01851 (0.5) kitas to paties pavadinimo leidimas — balta nugarėlė su popierine etikete
Žagarinė salonas,8,14,,Mažosios Lietuvos kultūros pėdsakai,LT,0.7,spine,,artimiausias K00531 (0.33) ruda nugarėlė su auksiniu įspaudu; viršuje dar viena eilutė (autorius?) neįskaitoma
Žagarinė salonas,8,18,,Paganinis,LT,0.85,spine,,rusva drobinė nugarėlė; autorius nematomas (biografijų serija)
Žagarinė salonas,8,19,,,,0.3,spine,,neįskaitoma: didesnė balta knyga antroje eilėje už „Paganinio“ — matosi tik viršutinis kraštas
Žagarinė salonas,8,28,,Pasteras,LT,0.85,cover,Zagarine Salonas 8_1.JPG,"dešinysis lentynos galas, matomas tik 8_1 nuotraukoje; autorius nematomas"
Žagarinė salonas,8,31,,,,0.3,cover,Zagarine Salonas 8_1.JPG,neįskaitoma: sena nudėvėta knyga rusva suplyšusia nugarėle be teksto
Žagarinė salonas,8,36,Vaidotas Jauniškis,Apie taką,LT,0.9,cover,Zagarine Salonas 8_4.JPG,artimiausias K00062 (0.4) lentynos nuotraukoje neatpažinta
Žagarinė salonas,8,37,В. Смирнов,Морис Равель (1875–1937),RU,0.85,cover,Zagarine Salonas 8_5.JPG,"популярная монография, Ленинград; antraštiniame lape savininko parašas; lentynos nuotraukoje neatpažinta"
Žagarinė salonas,8,38,,Juozui Meškauskui – 80,LT,0.8,cover,Zagarine Salonas 8_6.JPG,viršelio viršuje smulkus tekstas neįskaitomas; lentynos nuotraukoje neatpažinta
Žagarinė salonas,8,39,Pranė Dundulienė,Lietuvių liaudies kosmologija,LT,0.9,cover,Zagarine Salonas 8_7.JPG,artimiausias K01717 (0.4) lentynos nuotraukoje neatpažinta
Žagarinė salonas,8,40,А. К. Тер-Акопян,Санскрит в реке русской речи,RU,0.9,cover,Zagarine Salonas 8_8.JPG,"artimiausias K01720 (0.2) 8_8 — viršelis, 8_9 — tos pačios knygos metrikos lapas; lentynos nuotraukoje neatpažinta"
Žagarinė salonas,9,9,Aleksandras Guobys,Neblėstantys portretai,LT,0.9,spine,,violetinė nugarėlė
Žagarinė salonas,9,12,,,,0.3,spine,,neįskaitoma: pakrypusi kreminė (gelsva) knyga be jokio teksto ant nugarėlės
Žagarinė salonas,9,14,Motiejus Čepas,Molio Motiejaus užrašai,LT,0.6,spine,,"alyvinė nugarėlė; pirmasis pavadinimo žodis paslėptas blizgesio, skaitosi „MO[L]IO MOTIEJAUS UŽRAŠAI“"
Žagarinė salonas,9,17,Jonas Öhman,Donbaso džiazas,LT,0.9,spine,,geltona nugarėlė
Žagarinė salonas,9,19,Petras Klimas,Iš mano atsiminimų,LT,0.9,spine,,artimiausias K00549 (0.5) 
Žagarinė salonas,9,23,,"Tebesitęsianti akistata, arba Atgyja tai, kas ir nebuvo numirę",LT,0.6,spine,,"artimiausias K00157 (0.18) juoda nugarėlė, viršutinė dalis tamsiai raudona; autorius nematyti"
Žagarinė salonas,9,28,Rimvydas Racėnas,Paminklai Lietuvos gyventojų tremties ir kalinimo vietose 1940–1958,LT,0.9,cover,Zagarine Salonas 9_2.JPG,artimiausias K00531 (0.2) tekstas ir angliškai („Monuments to Lithuanians in Places of Exile and Imprisonment“) bei rusiškai
Žagarinė salonas,9,29,Vytautas Landsbergis,Atgavę viltį,LT,0.9,cover,Zagarine Salonas 9_3.JPG,paantraštė „Pertvarkos tekstų knygelė“; žalias viršelis
Žagarinė salonas,9,30,Jonas Užurka,Antroji kario knyga,LT,0.9,cover,Zagarine Salonas 9_4.JPG,artimiausias K00433 (0.4) žalias viršelis
Žagarinė salonas,9,31,Vytautas Landsbergis,Laisvės byla,LT,0.9,cover,Zagarine Salonas 9_5.JPG,ant viršelio „1990 1991“
Žagarinė salonas,9,32,Danutė Klumbytė,Atgyja iš nukirstos šaknys,LT,0.9,cover,Zagarine Salonas 9_6.JPG,
Žagarinė salonas,9,33,Kazytė Urbaitė-Šližienė,Užverktas dangus,LT,0.9,cover,Zagarine Salonas 9_7.JPG,artimiausias K01215 (0.4) 
Žagarinė salonas,9,34,V. Radaitis,Mano Galilėjus,LT,0.9,cover,Zagarine Salonas 9_8.JPG,"artimiausias K00549 (0.5) sena, aptrinta knyga žydru viršeliu"
Žagarinė salonas,9,35,Juozas Urbšys,Lietuva lemtingaisiais 1939–1940 metais,LT,0.9,cover,Zagarine Salonas 9_9.JPG,artimiausias K00652 (0.33) 
Žagarinė salonas,9,36,Gabrielius Žemkalnis,Suluošintų likimų pėdsakais,LT,0.9,cover,Zagarine Salonas 9_10.JPG,artimiausias K01680 (0.22) 
Žagarinė salonas,9,37,М. Максимайтис,Политический режим в буржуазной Литве в 1926–1940 г.г.,RU,0.9,cover,Zagarine Salonas 9_11.JPG,artimiausias K00575 (0.18) geltonas viršelis su mėlyna nugarėle
Žagarinė salonas,9,38,"Vytautas Tarasonis, Antanas Bajoriūnas, Donatas Gediminskas",Lietuvos tremtiniai Tadžikijoje,LT,0.9,cover,Zagarine Salonas 9_12.JPG,artimiausias K00531 (0.4) plona žydra brošiūra
Žagarinė salonas,10,10,,Livonijos kronikos,LT,0.9,spine,,artimiausias K00537 (0.5) tamsiai žalia nugarėlė
Žagarinė salonas,10,12,,,LT,0.3,spine,,"neįskaitoma: šviesiai rusva popierinė nugarėlė, gotiškas baltas šriftas, nuotraukoje neryški; viršuje autoriaus inicialas su pavarde, žemiau trys eilutės ir metai — neįskaitoma"
Žagarinė salonas,10,13,,Vytautas Didysis,LT,0.9,spine,,"artimiausias K00653 (0.4) senas tarpukario leidinys, puošnus gotiškas šriftas ant smėlio spalvos nugarėlės"
Žagarinė salonas,10,16,Jadvyga Tarasonienė,Esate ištremta pagrįstai,LT,0.9,spine,,
Žagarinė salonas,10,17,J. K. Beleckas,Nuodėmių gatvė,LT,0.6,spine,,artimiausias K00911 (0.4) nugarėlė iš dalies uždengta lipduku; pavadinimas skaitomas kaip „Nuodėmių gatvė“
Žagarinė salonas,10,18,Algis Balaišis,Lietuvos valstybės sienos apsaugos karininkai 1918–1940 m.,LT,0.9,spine,,artimiausias K00543 (0.4) nugarėlėje senas žemėlapis
Žagarinė salonas,10,20,G. Isokas,Giriose,LT,0.9,spine,,šviesiai žalsva nugarėlė
Žagarinė salonas,10,33,Jan Czeczot / Jonas Čečiotas,Śpiewki o dawnych Litwinach do roku 1434 / Giesmelės apie senovės lietuvius iki 1434 metų,LT,0.9,cover,Zagarine Salonas 10_3.JPG,artimiausias K01491 (0.19) lygiagretus lenkiškas ir lietuviškas tekstas; lentynos nugarėlėse neatpažinta
Žagarinė salonas,10,34,Bronius Dundulis,Napoleono imperijos žlugimas ir Lietuva (1813–1815 m.),LT,0.9,cover,Zagarine Salonas 10_4.JPG,artimiausias K00652 (0.29) serija „Lietuvos istorija“; ta pati knyga nufotografuota ir 10_12
Žagarinė salonas,10,35,,Gedimino laiškai,LT,0.9,cover,Zagarine Salonas 10_5.JPG,"artimiausias K00935 (0.5) antraštinis lapas: Lietuvos TSR mokslų akademija, Istorijos institutas; parengė V. Pašuta ir I. Štal"
Žagarinė salonas,10,37,Henris Rodžersas,Vienos skrybėlės principas,LT,0.9,cover,Zagarine Salonas 10_7.JPG,
Žagarinė salonas,10,38,Og Mandino,Geresnis gyvenimo būdas,LT,0.9,cover,Zagarine Salonas 10_8.JPG,artimiausias K01787 (0.33) raudonas viršelis
Žagarinė salonas,10,39,,Iš kur atėjome,LT,0.9,cover,Zagarine Salonas 10_9.JPG,"antraštinis lapas: sudarė A. Nekrošienė, Kaunas"
Žagarinė salonas,10,40,"Vladas Žulkus, Libertas Klimka",Lietuvos pajūrio žemės viduramžiais,LT,0.9,cover,Zagarine Salonas 10_10.JPG,artimiausias K00537 (0.33) serija „Lietuvos istorija“
Žagarinė salonas,10,41,Kazys Musteikis,Prisiminimų fragmentai,LT,0.9,cover,Zagarine Salonas 10_11.JPG,
Žagarinė salonas,10,42,Petronėlė Žostautaitė,Klaipėda – Lietuvos uostas (1923–1939),LT,0.9,cover,Zagarine Salonas 10_13.JPG,artimiausias K00537 (0.29) serija „Lietuvos istorija“
Žagarinė salonas,10,43,,Lietuvos didieji kunigaikščiai,LT,0.6,cover,Zagarine Salonas 10_14.JPG,artimiausias K00537 (0.4) baltas viršelis su Vytauto Didžiojo medaliu (1392–1430); įrašas rėmelyje gali būti serijos pavadinimas
Žagarinė salonas,10,44,Frank O'Hara,Meditations in an Emergency,EN,0.9,cover,Zagarine Salonas 10_15.JPG,artimiausias K00459 (0.4) 
Žagarinė salonas,10,46,,History of Lithuania,EN,0.9,cover,Zagarine Salonas 10_17.JPG,artimiausias K00271 (0.5) 
Žagarinė salonas,11,6,,,,0.3,spine,,"neįskaitoma: antroje eilėje už priekinių knygų; matosi tik geltonas viršutinis kraštas, nugarėlės nesimato"
Žagarinė salonas,11,7,,,,0.3,spine,,"neįskaitoma: antroje eilėje; matosi tik rudas viršutinis kraštas, nugarėlės nesimato"
Žagarinė salonas,11,8,,,,0.3,spine,,neįskaitoma: šviesiai violetinė (alyvinė) nugarėlė be matomo teksto
Žagarinė salonas,11,11,Algirdas Šidlauskas,Istorija Vilniaus universitete,LT,0.8,spine,,artimiausias K00574 (0.5) plona kreminė knyga
Žagarinė salonas,11,12,,Lietuvos architektūros istorija,LT,0.6,spine,,"artimiausias K01365 (0.57) nugarėlės viršuje romėniškas tomo numeris (atrodo „II“) ir smulkus paantraštės tekstas „nuo XVII a. pradžios iki XIX a. vidurio“ — blizgi nugarėlė, sunkiai įskaitoma"
Žagarinė salonas,11,24,Romas Pakalnis,"Verkiai. Praeitis, dabartis, svajonės",LT,0.9,cover,Zagarine Salonas 11_3.JPG,lentynos nuotraukoje neatpažinta
Žagarinė salonas,11,25,Irena Jučienė,Vilniaus artilerijos bastionas,LT,0.9,cover,Zagarine Salonas 11_4.JPG,artimiausias K01603 (0.4) serija „Lietuvos TSR kultūros paminklai“; lentynos nuotraukoje neatpažinta
Žagarinė salonas,11,26,,Vilniaus universitetui – 400 metų,LT,0.9,cover,Zagarine Salonas 11_5.JPG,"artimiausias K01603 (0.33) serija „Lietuva šiandien“, 15; sudarytojas V. Kazakevičius, nuotraukos R. Vilavičiaus; lentynos nuotraukoje neatpažinta"
Žagarinė salonas,11,27,,Vilniaus universiteto botanikos sodas / Hortus Botanicus Universitatis Vilnensis,LT,0.9,cover,Zagarine Salonas 11_6.JPG,artimiausias K00575 (0.31) lentynos nuotraukoje neatpažinta
Žagarinė salonas,11,28,,Vilniaus miesto istorija nuo Spalio revoliucijos iki dabartinių dienų,LT,0.9,cover,Zagarine Salonas 11_7.JPG,"artimiausias K01491 (0.33) Lietuvos TSR mokslų akademija, Istorijos institutas; lentynos nuotraukoje neatpažinta"
Žagarinė salonas,11,29,,Academia et Universitas Vilnensis,kita,0.85,cover,Zagarine Salonas 11_8.JPG,"antraštinis lapas lotyniškai; dokumentų rinkinys, Lietuvos TSR centrinis valstybinis istorijos archyvas; lentynos nuotraukoje neatpažinta"
Žagarinė salonas,11,30,Matas Grigonis,200 žaidimų,LT,0.9,cover,Zagarine Salonas 11_9.JPG,lentynos nuotraukoje neatpažinta; temiškai nesiderina su lentynos turiniu
Žagarinė salonas,11,31,Lina Žutautė,Kuka Muka i skrzat Nieład,PL,0.9,cover,Zagarine Salonas 11_10.JPG,lenkiškas „Kakė Makė“ leidimas; lentynos nuotraukoje neatpažinta
Žagarinė salonas,12,1,,Polska,PL,0.6,spine,,"didelis tamsiai raudonas albumas, auksinės raidės „POLSKA“; pasviręs prie kairės spintos sienelės"
Žagarinė salonas,12,2,,,,0.3,spine,,"neįskaitoma: už „Polska“ pasviręs tomas, matyti tik viršelio fotografija (jūra / sniegas, mėlynas dangus); teksto nesimato"
Žagarinė salonas,12,3,,,PL,0.3,spine,,"neįskaitoma: raudona nugarėlė su smulkiu sąrašu „Karpaty, Wyżyny, Sudety, Niziny, Niziny, Pobrzeża“ ir didele auksine raide; pavadinimas užstotas. Gali būti ta pati knyga kaip pos 2"
Žagarinė salonas,12,8,Antanas A. Jonynas,Kambarys,LT,0.6,spine,,smulkus šriftas ant kreminės nugarėlės
Žagarinė salonas,12,14,Justinas Marcinkevičius,Papasakoti gyvenimą,LT,0.9,spine,,žalias viršelis
Žagarinė salonas,12,15,Nerija Putinaitė,Skambantis molis,LT,0.9,spine,,artimiausias K00600 (0.46) paantraštė „Dainų šventės ir Justino Marcinkevičiaus trilogija kaip sovietinio lietuviškumo ramsčiai“
Žagarinė salonas,12,18,Александр Генис,Том 1. Культурология,RU,0.9,spine,Zagarine Salonas 12_1.JPG,"artimiausias K00589 (0.55) rožinė nugarėlė; turinys: американская азбука, вавилонская башня, билет в китай, книга пейзажей"
Žagarinė salonas,12,20,Александр Генис,Том 2. Расследования,RU,0.9,cover,Zagarine Salonas 12_1.JPG,"artimiausias K00588 (0.55) geltona nugarėlė; turinys: беседы о новой словесности, швы времени, частный случай"
Žagarinė salonas,12,21,Justinas Marcinkevičius,Dienoraščiai ir datos,LT,0.9,cover,Zagarine Salonas 12_1.JPG,pilkšvai žalias aplankas su mėlynu autoriaus parašu
Žagarinė salonas,12,30,В. А. Туголуков,"Кто вы, юкагиры?",RU,0.9,cover,Zagarine Salonas 12_2.JPG,nufotografuota atskirai ant stalo; lentynos eilėje neatpažinta
Žagarinė salonas,12,31,,,RU,0.3,cover,Zagarine Salonas 12_2.JPG,"neįskaitoma: ant „Кто вы, юкагиры?“ uždėta kita knyga: baltas viršelis su geltonu uolų piešinių (petroglifų) langeliu ir juostele „Издательство Наука“; pavadinimas neįskaitomas"
Žagarinė salonas,12,32,К. С. Лосев,Страна вечной зимы,RU,0.9,cover,Zagarine Salonas 12_3.JPG,artimiausias K00158 (0.22) nufotografuota ant stalo
Žagarinė salonas,12,33,Justinas Marcinkevičius,"Pušis, kuri juokėsi",LT,0.9,cover,Zagarine Salonas 12_4.JPG,"artimiausias K01610 (0.29) senas kietas viršelis, žalsvai rusvas"
Žagarinė salonas,12,34,,Miškas šaukia,LT,0.6,cover,Zagarine Salonas 12_5.JPG,"plona brošiūra; autoriaus eilutė neryški, panašu į „Lionas Semerlis“; paantraštė „Praktiški patarimai medžiotojui, grybautojui, uogautojui, poilsiautojui ir visiems gamtos mylėtojams“"
Žagarinė salonas,12,35,,Kurių bus viršus?,LT,0.6,cover,Zagarine Salonas 12_6.JPG,"sena suplyšusi brošiūra su Ex libris antspaudu; viršuje „Lietuvių Darbininkų Sąjungos leidinys Nr. ...“, autoriaus eilutė („Parašė ...“) neįskaitoma"
Žagarinė salonas,12,36,Ričardas Darškus,Pietryčių Lietuvos miškais,LT,0.6,cover,Zagarine Salonas 12_7.JPG,"artimiausias K00537 (0.4) antraštinis lapas; autoriaus pavardė neryški (gali būti Darškus / Daršhus), leidykla ir metai apačioje neįskaitomi"
Žagarinė salonas,12,38,Marcelijus Martinaitis,Vainikas,LT,0.9,cover,Zagarine Salonas 12_9.JPG,pilkšvas aplankas su grafiniu piešiniu
Žagarinė salonas,12,39,Leonardas Gutauskas,Svetingumo namai,LT,0.9,cover,Zagarine Salonas 12_10.JPG,"artimiausias K00380 (0.4) antraštinis lapas: „Eilėraščiai“, Vilnius, 1980"
Žagarinė salonas,12,40,"Галина Фёдоровна Самойлова, Римма Алексеевна Панина","Люди, изучающие Горный Алтай",RU,0.3,cover,Zagarine Salonas 12_11.JPG,"nufotografuotas metrikos puslapis, tekstas labai neryškus; paantraštė „В помощь учителю и учащимся начальных классов по краеведению“"
Žagarinė salonas,12,41,,"Алтай, 1983, № 1",RU,0.6,cover,Zagarine Salonas 12_12.JPG,"almanachas; nufotografuotas metrikos ir turinio puslapis, viršelis matomas 12_16 nuotraukoje"
Žagarinė salonas,12,43,Maironis,Pavasario balsai,LT,0.9,cover,Zagarine Salonas 12_14.JPG,senas drobinis viršelis su mėlynu langeliu
Žagarinė salonas,13,1,Kristina Sabaliauskaitė,Silva Rerum IV,LT,0.9,spine,,kietas šviesiai rausvas viršelis
Žagarinė salonas,13,10,Juozas Požėra,Mano vienintelis rūpestis,LT,0.9,spine,,"artimiausias K01607 (0.55) juoda nugarėlė, autorius žydromis raidėmis"
Žagarinė salonas,13,15,Tomas Staniulis,Uranas-235,LT,0.9,spine,,"juoda nugarėlė, autorius oranžinėmis raidėmis"
Žagarinė salonas,13,22,Борис Акунин,Турецкий гамбит,RU,0.9,spine,,juoda nugarėlė
Žagarinė salonas,13,24,,,LT,0.3,cover,Zagarine Salonas 13_2.JPG,"neįskaitoma: nufotografuotas tik turinio lapas — poezijos antologija, 14 autorių: Vaida Blažytė, Marius Burokas, Jurgita Butkytė, Tomas S. Butkus, Laura Sintija Černiauskaitė, Viktorija Ivanova, Giedrė Kazlauskaitė, Gabrielė Klimaitė, Rimantas Kmita, Donatas Petrošius, Aistė Ptakauskaitė, Tomas Staniulis, Indrė Valantinaitė, Agnė Žagrakalytė; pavadinimo nematyti"
Žagarinė salonas,13,26,Чингиз Айтматов,Плаха,RU,0.9,cover,Zagarine Salonas 13_4.JPG,aplankas nuplyšusiais kraštais
Žagarinė salonas,13,27,J. Januškienė,Viskas iš lino,LT,0.9,cover,Zagarine Salonas 13_5.JPG,minkštas viršelis su nėrinių raštais
Žagarinė salonas,13,28,A. Pelakauskienė,Staltiesėlės,LT,0.9,cover,Zagarine Salonas 13_6.JPG,mėlynas viršelis su nėrinių nuotrauka
Žagarinė salonas,13,29,Zita Jurgilaitė,Nova – Zanavykų upė,LT,0.9,cover,Zagarine Salonas 13_7.JPG,"antraštinis lapas; paantraštė „Geografinė - istorinė apybraiža“; Šakiai, 1998"
Žagarinė salonas,13,30,Karl Kaiser,Englisches Lesebuch in drei Stufen für höhere Lehranstalten,DE,0.9,cover,Zagarine Salonas 13_8.JPG,"antraštinis lapas; Dritter Theil. Oberstufe; Leipzig, 1877"
Žagarinė salonas,13,31,H. Andrews,Say It With Us,EN,0.9,cover,Zagarine Salonas 13_9.JPG,"artimiausias K01823 (0.2) antraštinis lapas; bendraautoriai J. Rusiecki ir J. Smólska; anglų kalbos kursas su plokštelėmis, rusiškas vertimas I. Sabik-Korganova; Varšuva, 1974"
Žagarinė salonas,13,33,Ričardas Gavelis,Jauno žmogaus memuarai,LT,0.9,cover,Zagarine Salonas 13_11.JPG,artimiausias K00440 (0.33) žydras viršelis
Žagarinė salonas,13,34,Vytautas Misevičius,Jaunasis pagonis,LT,0.9,cover,Zagarine Salonas 13_12.JPG,gelsvas viršelis su žirgų piešiniu
Žagarinė salonas,14,1,Ivanas Jefremovas,Vėjų keliai,LT,0.8,spine,,šviesiai smėlinė nugarėlė
Žagarinė salonas,14,2,Paulius Ambrazevičius,Protų dvikova 2,LT,0.9,spine,,nugarėlėje „2“ ir „Nauji 1070 klausimų ir atsakymų!“
Žagarinė salonas,14,3,,,LT,0.3,spine,,"neįskaitoma: knyga guli už kitų, priekiu į kadrą; matoma tik tamsiai žalsva viršelio dalis su geltona juosta („Nauji 10…“) ir didelėmis tamsiomis raidėmis „DD…“ — tikėtina dar vienas „Protų dvikovos“ tomas"
Žagarinė salonas,14,4,Vladas Portapas,Apie tvaną ir Atlantidą,LT,0.6,spine,,artimiausias K00062 (0.33) nugarėlėje be diakritikų: „APIE TVANA IR ATLANTIDA“; autoriaus pavardė neryški
Žagarinė salonas,14,6,Pilkoji Pelėda,Apleistos trobelės pasakojimai,LT,0.8,spine,,"tamsiai žalia drobė, oranžinės raidės"
Žagarinė salonas,14,8,,,,0.3,spine,,"neįskaitoma: knyga įstrižai už kitų; matomas tik aplanko kraštas — oranžinis apačioje, iliustracija su rudais medžiais geltonai žaliame fone; nugarėlės teksto nesimato"
Žagarinė salonas,14,16,Vincas Krėvė,Apsakymai ir padavimai,LT,0.8,spine,,artimiausias K01239 (0.4) labai apiplyšusi nugarėlė; autorius patvirtintas iš nuotraukos 14_1
Žagarinė salonas,14,21,Rory Ryder,Verbots. Learn Spanish Verbs,EN,0.9,cover,Zagarine Salonas 14_2.JPG,"nufotografuota ant stalo, ne lentynoje; viršelyje „International best seller“"
Žagarinė salonas,14,22,,Vokiečių kalba per 30 dienų,LT,0.9,cover,Zagarine Salonas 14_3.JPG,"artimiausias K00030 (0.29) trumpas kalbos kursas, A2, su 2 audio CD; nufotografuota ant stalo, dar celofane"
Žagarinė salonas,14,23,Gevinas Maksvelis,Tyro vandens ratas,LT,0.9,cover,Zagarine Salonas 14_4.JPG,artimiausias K00125 (0.4) serija „Noriu žinoti“; nufotografuota ant stalo
Žagarinė salonas,14,24,Eduardas Štorchas,Mamutų medžiotojai,LT,0.9,cover,Zagarine Salonas 14_5.JPG,artimiausias K00836 (0.29) senas apiplyšęs viršelis; nufotografuota ant stalo
Žagarinė salonas,14,25,Владимир Бардин,Ещё одно путешествие на край земли,RU,0.9,cover,Zagarine Salonas 14_6.JPG,nufotografuota ant stalo
Žagarinė salonas,14,26,J. Jasaitis,Žemaitė,LT,0.9,cover,Zagarine Salonas 14_7.JPG,antraštinis lapas; serija „Gyvenimas ir kūryba“; Kaunas
Žagarinė salonas,14,27,"Victor Mollo, Nico Gardener",Bridge for Beginners,EN,0.9,cover,Zagarine Salonas 14_8.JPG,"artimiausias K00444 (0.29) antraštinis lapas; London, 3 Henrietta Street, W.C.2"
Žagarinė salonas,14,28,Тур Хейердал,Путешествие на «Кон-Тики». Аку-Аку,RU,0.9,cover,Zagarine Salonas 14_9.JPG,antraštinis lapas; Алма-Ата
Žagarinė salonas,15,11,Piotr Zychowicz,Paktas Piłsudskio–Lenino,LT,0.9,spine,,artimiausias K00358 (0.55) 
Žagarinė salonas,15,14,Вейо Мери,"Карл Густав Маннергейм, маршал Финляндии",RU,0.9,spine,,
Žagarinė salonas,15,18,,,RU,0.3,spine,,neįskaitoma: į gilumą įstumta knyga; ant viršelio Stalino nuotrauka ir tekstas „…вики … бы взя…“; nugarėlė neįskaitoma
Žagarinė salonas,15,23,Ф. Энгельс,Людвиг Фейербах и конец классической немецкой философии,RU,0.9,cover,Zagarine Salonas 15_2.JPG,artimiausias K00158 (0.17) lentynos nugarėlėse neatpažinta
Žagarinė salonas,15,24,,TSRS–Vokietija 1939. Dokumentai. 1,LT,0.6,cover,Zagarine Salonas 15_3.JPG,antraštinis lapas dviem kalbomis: „TSRS–Vokietija 1939“ / „СССР–Германия 1939“; lentynos nugarėlėse neatpažinta
Žagarinė salonas,15,25,Д. Александров,Крёстный отец партаппарата,RU,0.9,cover,Zagarine Salonas 15_4.JPG,lentynos nugarėlėse neatpažinta
Žagarinė salonas,15,26,,,RU,0.3,cover,Zagarine Salonas 15_5.JPG,"neįskaitoma: neryški antraštinio lapo nuotrauka; įskaitoma tik „…Россия — М.: ОЛМА-ПРЕСС, 2007. — 382 с.“"
Žagarinė salonas,16,10,Lewis Mumford,The City in History,EN,0.9,spine,,artimiausias K00463 (0.5) apiplyšęs aplankas
Žagarinė salonas,16,20,,,,0.3,cover,Zagarine Salonas 16_1.JPG,"neįskaitoma: knyga stovi už eilės; matomas tik apiplyšęs alyvinės–rusvos spalvos nugarėlės viršus, teksto neįskaityti"
Žagarinė salonas,16,26,А. Т. Болотов,В Кёнигсберге,RU,0.9,cover,Zagarine Salonas 16_3.JPG,nufotografuota ant stalo
Žagarinė salonas,16,28,Adriaan D. de Groot,Methodology: Foundations of Inference and Research in the Behavioral Sciences,EN,0.8,cover,Zagarine Salonas 16_5.JPG,"artimiausias K00069 (0.27) antraštinis lapas, The Hague – Paris; metai neįskaitomi (196?); ranka rašyta „Z. Gaudiešius 2000“"
Žagarinė salonas,16,30,Orhan Pamuk,Istanbul: Memories and the City,EN,0.9,cover,Zagarine Salonas 16_7.JPG,artimiausias K00399 (0.48) nufotografuota ant stalo
Žagarinė salonas,17,4,Stephen Little,…izmai,LT,0.9,spine,,artimiausias K00404 (0.55) 
Žagarinė salonas,17,5,Ričardas Kazlauskas,Mano numylėtiniai,LT,0.9,spine,,artimiausias K00549 (0.5) 
Žagarinė salonas,17,10,"Vytenis Almonaitis, Junona Almonaitienė",Kauno senamiestis,LT,0.9,spine,,plona raudona knygelė
Žagarinė salonas,18,1,,,LT,0.3,spine,,"neįskaitoma: kairiausia knyga atsukta galiniu viršeliu; matosi „RŪTA G…“ ir maža nuotrauka, pavadinimas neįskaitomas"
Žagarinė salonas,18,2,Dan Hill,Emotionomics,EN,0.9,spine,,ant nugarėlės tik „HILL“
Žagarinė salonas,18,7,,Brand Power,EN,0.6,spine,,"plona tamsi nugarėlė, autorius nematomas"
Žagarinė salonas,18,27,,,,0.3,spine,,neįskaitoma: plona mėlyna nugarėlė be matomo teksto
Žagarinė salonas,18,28,,Senovės istorijos skaitiniai,LT,0.6,spine,,"artimiausias K01736 (0.57) senas rudas drobinis viršelis, įspaustos raidės"
Žagarinė salonas,18,31,,,,0.3,spine,,"neįskaitoma: plona balta nugarėlė su raudonomis raidėmis, panašu į „H. KARDEL“; pavadinimo nematyti"
Žagarinė salonas,18,32,Sofija Tyzenhauzaitė,Halina Oginskytė arba Švedai Lenkijoje,LT,0.9,spine,,
Žagarinė salonas,18,35,I. Kantas,Dorovės metafizikos pagrindai,LT,0.9,cover,Zagarine Salonas 18_2.JPG,lentynos nugarėlėse neatpažinta
Žagarinė salonas,18,37,K. Jaspersas,Filosofijos įvadas,LT,0.9,cover,Zagarine Salonas 18_4.JPG,artimiausias K00998 (0.4) lentynos nugarėlėse neatpažinta
Žagarinė salonas,18,38,Č. Kalenda,Sąmonės prigimtis,LT,0.9,cover,Zagarine Salonas 18_5.JPG,serija „Populiarioji biblioteka. Filosofijos skaitiniai. Dialektika“; lentynos nugarėlėse neatpažinta
Žagarinė salonas,18,39,Harry G. Frankfurt,Apie šūdmalą,LT,0.9,cover,Zagarine Salonas 18_6.JPG,artimiausias K00062 (0.4) lentynos nugarėlėse neatpažinta
Žagarinė salonas,18,40,Max Weber,Wissenschaft als Beruf. Ein Vortrag,DE,0.9,cover,Zagarine Salonas 18_7.JPG,artimiausias K00020 (0.18) lentynos nugarėlėse neatpažinta
Žagarinė salonas,18,41,Ė. Fromas,Turėti ar būti?,LT,0.9,cover,Zagarine Salonas 18_8.JPG,lentynos nugarėlėse neatpažinta
Žagarinė salonas,18,42,I. Kantas,Prolegomenai,LT,0.9,cover,Zagarine Salonas 18_9.JPG,lentynos nugarėlėse neatpažinta
Žagarinė salonas,18,43,Ch. Ortega i Gasetas,Masių sukilimas,LT,0.9,cover,Zagarine Salonas 18_10.JPG,lentynos nugarėlėse neatpažinta
Žagarinė salonas,19,2,,,,0.3,spine,,"neįskaitoma: juoda knyga, įstumta giliau už Guderiano tomo; ant nugarėlės teksto nematyti"
Žagarinė salonas,19,6,Yuval Noah Harari,Homo deus. Glausta rytojaus istorija,LT,0.9,spine,,artimiausias K00293 (0.25) 
Žagarinė salonas,19,13,,,,0.3,spine,,neįskaitoma: už Descartes'o pasvirusi šviesi knyga su akies atvaizdu viršelyje ir raudona skirtuko juostele; nugarėlės nematyti
Žagarinė salonas,19,16,,,kita,0.3,spine,,"neįskaitoma: antra japoniška knyga už pos 15, gulinti / pasvirusi; matomi tik raudoni hieroglifai „...神話“ ir geltonas lipnus lapelis"
Žagarinė salonas,20,1,,,,0.3,spine,,neįskaitoma: kairiosios krūvos viršuje gulinti pilkai tamsi kieto viršelio knyga su spalvotais lapų kraštais (skirtukais); nugarėlė nematoma
Žagarinė salonas,20,5,,,,0.3,spine,,neįskaitoma: už kairiosios krūvos gulintis blizgus leidinys su aviacijos nuotrauka viršelyje; užrašų nematyti
Žagarinė salonas,20,7,"ONE, 村田雄介",ONE-PUNCH MAN 02,kita,0.9,spine,,"artimiausias K00677 (0.22) japoniškas leidimas (ジャンプコミックス), 2 tomas"
Žagarinė salonas,20,8,Martin & Crenshaw,The Baby-Sitters Club 16: Kristy and the Walking Disaster,EN,0.9,spine,,"artimiausias K00132 (0.35) raudona nugarėlė, komiksas"
Žagarinė salonas,20,9,"ONE, 村田雄介",ONE-PUNCH MAN 01,kita,0.9,spine,,"artimiausias K00677 (0.22) japoniškas leidimas (ジャンプコミックス), 1 tomas"
Žagarinė salonas,20,11,,,,0.3,spine,,neįskaitoma: žalsvai pilka nugarėlė su raudonu „TUTTLE“ ženkleliu; pavadinimas užstotas kitų knygų
Žagarinė salonas,20,12,,,kita,0.3,spine,,neįskaitoma: juoda nugarėlė su vertikaliais japoniškais hieroglifais; įskaityti neįmanoma
Žagarinė salonas,20,13,McNulty & Sato,Japanese Stories for Language Learners,EN,0.9,spine,,"artimiausias K01278 (0.33) kreminė nugarėlė, knyga pakrypusi"
Žagarinė salonas,21,3,,,LT,0.3,spine,,"neįskaitoma: kreminė nugarėlė su rudu tekstu; įskaitomi tik fragmentai („…mokslinio tyrimas…“, „…ultūra“), apačioje numeris 2"
Žagarinė salonas,21,5,,,,0.3,spine,,"neįskaitoma: balta nugarėlė su rudu piešiniu, teksto nesimato"
Žagarinė salonas,21,7,,,LT,0.3,spine,,neįskaitoma: balta nugarėlė su raudonu užrašu; matyti tik pradžia „TIKSLIA…“
Žagarinė salonas,21,12,Mark McNeilly,Sun Tzu lyderiams,LT,0.6,spine,,raudona nugarėlė; virš pavadinimo užrašas „Karo mokslas“
Žagarinė salonas,21,13,,Baltic Cities,EN,0.6,spine,,artimiausias K01330 (0.4) balta nugarėlė su miesto nuotraukomis; dviejų autorių pavardės per smulkios perskaityti
Žagarinė salonas,21,14,,,,0.3,spine,,"neįskaitoma: plonas kreminis leidinys (sąsiuvinis ar aplankas), atremtas dešiniajame eilės gale; jokio teksto nematyti"
Žagarinė salonas,21,15,Akira Torajama,Drakonų kovos,LT,0.9,spine,,"artimiausias K00468 (0.57) 13 tomų, sudėti į krūvą dešinėje lentynos pusėje; vienas tomas pažymėtas numeriu 13"
Žagarinė salonas,21,16,Masašis Kišimotas,Naruto,LT,0.6,spine,,"3 tomai toje pačioje krūvoje; pavadinimas užrašytas stilizuotu raudonu logotipu, todėl perskaitytas iš ženklo"
Žagarinė salonas,21,17,A. Laurinčiukas,Trečioji dolerio pusė,LT,0.9,cover,Zagarine Salonas 21_1.JPG,juodas viršelis; aplankas su Niujorko vaizdu
Žagarinė salonas,22,3,Л. Н. Толстой,О литературе,RU,0.6,spine,,stora kreminė drobinė knyga su rudu auksintu skydeliu „Л. Н. ТОЛСТОЙ о литературе“
Žagarinė salonas,22,20,Н. В. Гоголь,Избранные сочинения,RU,0.6,spine,Zagarine Salonas 22_1.JPG,artimiausias K00207 (0.5) žalias įrišimas su auksiniu ornamentu; dalį užrašo dengia bibliotekos lipdukas „HESSE P.L.B.“
Žagarinė salonas,22,27,Н. В. Гоголь,Ревизор,RU,0.9,cover,Zagarine Salonas 22_2.JPG,kreminis viršelis su pjesės scenos grafika; lentynos nuotraukoje neatpažinta
Žagarinė salonas,23,1,,,,0.3,spine,,neįskaitoma: kairiajame lentynos gale pakrypęs didelio formato leidinys geltonais lapais ir baltu viršeliu (katalogas ar brošiūra); nugarėlės nesimato
Žagarinė salonas,23,3,Euripidas,Tragedijos,LT,0.9,spine,,artimiausias K00227 (0.55) nugarėlėje priedas „Trojietės · Hekabė · Andromachė“
Žagarinė salonas,23,4,,,,0.3,spine,,"neįskaitoma: raudona knyga su auksiniu ornamentu, beveik visiškai užstota kaimynų; matyti tik nugarėlės viršus"
Žagarinė salonas,23,8,,Egilio saga,LT,0.9,spine,,artimiausias K00035 (0.4) balta nugarėlė su mazgo ornamentu
Žagarinė salonas,23,19,Франсуа Фенелон,Телемах,RU,0.9,spine,,rusva nugarėlė su kario piešiniu
Žagarinė salonas,23,27,,Rolando giesmė,LT,0.6,cover,Zagarine Salonas 23_1.JPG,"nufotografuotas tik antraštinio lapo kitas puslapis su originalo nuoroda „LA CHANSON DE ROLAND … Paris“; tekstas lietuviškas, vertėjo pavardė neįskaitoma; lietuviškas pavadinimas nuotraukoje nematomas"
Žagarinė salonas,23,28,Vergilijus,Bukolikos. Georgikos,LT,0.9,cover,Zagarine Salonas 23_2.JPG,"antraštinis lapas; vertė Antanas Dambrauskas; Vilnius, 1971; oranžinis audeklinis viršelis"
Žagarinė salonas,24,2,,Myths from Mesopotamia,EN,0.9,spine,,artimiausias K01836 (0.33) 
Žagarinė salonas,24,5,,,RU,0.3,spine,,"neįskaitoma: ryškiai geltona nugarėlė, ranka rašytas rusiškas užrašas — įskaitoma tik „ПУТЬ К … ВРАТАМ“"
Žagarinė salonas,24,25,,,,0.3,cover,Zagarine Salonas 24_1.JPG,"neįskaitoma: tamsi knyga už Burrow, pakrypusi; matyti tik viršelis su ikonų reprodukcijomis, teksto nesimato"
Žagarinė salonas,24,26,,Viduramžių kultūros kategorijos,LT,0.9,cover,Zagarine Salonas 24_1.JPG,"artimiausias K01501 (0.29) kreminė nugarėlė, autoriaus ant jos nematyti (turbūt Aronas Gurevičius)"
Žagarinė salonas,25,3,,Biblijos,LT,0.35,spine,,"didelis tamsiai mėlynas tomas, pasviręs atgal; matoma tik pirmojo viršelio įspaudo pradžia „BIBLIJOS“, likusi pavadinimo dalis užstota priekinių knygų"
Žagarinė salonas,25,8,Прот. Фома Хопко,Основы православия,RU,0.85,spine,,"artimiausias K00298 (0.29) balta nugarėlė, mėlynas ir raudonas šriftas"
Žagarinė salonas,25,14,D. Veisas,Ogiustas Rodenas,LT,0.6,spine,,"sena rausvai smėlinė drobinė nugarėlė, įspaustas nutrintas šriftas; autoriaus pavardė perskaityta kaip „D. Veisas“ (tikėtina Davidas Veisas / David Weiss), bet raidės blankios"
Žagarinė salonas,25,16,A. C. Bhaktivedanta Swami Prabhupāda,Krišna — Aukščiausiasis Dievo Asmuo,LT,0.8,spine,,artimiausias K01780 (0.25) ant nugarėlės „Jo Dieviškoji Malonė A. C. Bhaktivedanta Swami Prabhupāda“; apačioje „I TOMAS“; pavadinimas nugarėlėje užrašytas „Kṛṣṇa“
Žagarinė salonas,25,17,Д. Т. Судзуки,Очерки о дзэн-буддизме,RU,0.8,spine,,"ryškiai oranžinė nugarėlė; pagrindinėje lentynos nuotraukoje matoma tik „…о дзэн-буддизме“, pilnas užrašas perskaitytas iš nuotraukos „Zagarine Salonas 25_1.JPG“"
Žagarinė salonas,25,25,,"… kvantinė fizika, organizacijos struktūra ir vadovavimo stilius",LT,0.5,spine,,"artimiausias K00342 (0.22) balta nugarėlė su oranžine juosta; pavadinimo pradžia nukirsta kadro krašte — prieš „kvantinė fizika“ matoma tik žodžio galūnė „…is,“; paskutinė knyga dešinėje"
Žagarinė salonas,25,27,,,,0.3,spine,,"neįskaitoma: už priekinės eilės, prie pos 26, kyšo dar vienos knygos pilkšvai žalsvas viršutinis kraštas; jokio teksto nematyti"
Žagarinė salonas,25,29,,Naujasis Testamentas,LT,0.75,cover,Zagarine Salonas 25_4.JPG,artimiausias K01724 (0.33) antraštiniame lape „Mūsų Viešpaties ir Gelbėtojo Jėzaus Kristaus Naujasis Testamentas“; nuotrauka neryški; lentynos nugarėlėse neatpažinta
Žagarinė salonas,25,31,Gintaras Beresnevičius,Religijotyros žodynas. Pagrindinės sąvokos,LT,0.9,cover,Zagarine Salonas 25_6.JPG,minkštas viršelis; lentynos nugarėlėse neatpažinta
Žagarinė salonas,25,32,Лама Оле Нидал,О природе вещей. Современное введение в буддизм,RU,0.9,cover,Zagarine Salonas 25_7.JPG,serija „Буддизм сегодня“; geltonas viršelis; lentynos nugarėlėse neatpažinta
Žagarinė salonas,25,33,Klaus Mylius,Die Bhagavadgītā,DE,0.9,cover,Zagarine Salonas 25_8.JPG,"artimiausias K00279 (0.5) antraštiniame lape „Herausgegeben von Klaus Mylius“ — sudarytojas, ne autorius"
Žagarinė salonas,25,34,A. Prazauskas,Hindų religija,LT,0.9,cover,Zagarine Salonas 25_9.JPG,plona brošiūra; lentynos nugarėlėse neatpažinta
Žagarinė salonas,25,35,,Evangelija pagal Luką,LT,0.85,cover,Zagarine Salonas 25_2.JPG,"žalias minkštas viršelis, viršuje didelėmis raidėmis „LUKĄ“, apačioje „EVANGELIJA PAGAL LUKĄ“; lentynos nugarėlėse neatpažinta"
Žagarinė salonas,26,3,Isabel Allende,Fortūnos duktė,LT,0.9,spine,,antras tos pačios knygos egzempliorius
Žagarinė salonas,26,5,Šv. ses. M. Faustina Kovalska,Dienoraštis,LT,0.9,spine,,artimiausias K00894 (0.5) 
Žagarinė salonas,26,9,"Bamba Suso, Banna Kanute",Sunjata,EN,0.9,spine,,nugarėlėje „Suso and Kanute · Sunjata“
Žagarinė salonas,26,12,Rudolfas Šteineris,Žmogiškosios esybės vystymasis,LT,0.7,spine,,"tamsiai žalia nugarėlė, tekstas apverstas; pavadinimas perskaitytas veidrodiniu būdu"
Žagarinė salonas,26,17,,,,0.3,cover,Zagarine Salonas 26_1.JPG,"neįskaitoma: plona šviesi knyga, įstumta giliai už „Educated“; matosi tik siauras nugarėlės ruoželis su smulkiu tekstu"
Žagarinė salonas,26,24,,,LT,0.3,cover,Zagarine Salonas 26_1.JPG,neįskaitoma: knyga atsukta lapų pjūviu į priekį (nugarėlė gilumoje); matosi tik lietuviško teksto nuotrupos
Žagarinė salonas,26,30,Томас Й. Вейс,Как помочь ребёнку? Опыт лечебной педагогики в Кэмпхилл-общинах,RU,0.9,cover,Zagarine Salonas 26_2.JPG,rožinė brošiūra; lentynos nuotraukoje neatpažinta
Žagarinė salonas,26,31,Ven. S. Dhammika,"Good Question, Good Answer",EN,0.9,cover,Zagarine Salonas 26_3.JPG,lentynos nuotraukoje neatpažinta
Žagarinė salonas,27,1,,,LT,0.3,spine,,"neįskaitoma: Didelis raudonas drobinis foliantas su auksuotu parapijų sąrašu nugarėlėje: PLUNGĖ, KULIAI, STALGĖNAI, PAKUTUVĖNAI, RIETAVAS, TVERAI, KANTAUČIAI, LIEPLAUKĖ, MEDINGĖNAI, ŽLIBINAI, PLATELIAI, BERŽORAS, GINTALIŠKĖ, ŠATEIKIAI, ŽEM. KALVARIJA, GEGRĖNAI. Ant viršelio įspausta „...DEANERY“ ir „...DAIL...“ — greičiausiai „Lietuvos sakralinė dailė“ serijos Plungės dekanato tomas, bet pavadinimo nuotraukoje nematyti"
Žagarinė salonas,27,3,Kristijonas Donelaitis,Metai,LT,0.9,spine,,artimiausias K01630 (0.55) Antras egzempliorius: kreminė nugarėlė žaliomis raidėmis
Žagarinė salonas,27,5,,Gyvenimo juostos: Julija Jablonskytė-Petkevičienė,LT,0.9,spine,,artimiausias K01787 (0.25) 
Žagarinė salonas,27,6,,Ekranas 1962–2002,LT,0.8,spine,,Nugarėlėje AB „Ekranas“ logotipas ir metai 1962-2002; jubiliejinis leidinys
Žagarinė salonas,27,8,,Jablonskio raštai,LT,0.9,spine,,"artimiausias K00333 (0.5) Nugarėlėje „TOMAS I“; sena, apiplyšusi"
Žagarinė salonas,27,9,,Jablonskio raštai,LT,0.9,spine,,"artimiausias K00333 (0.5) Nugarėlėje „TOMAS V“; sena, apiplyšusi"
Žagarinė salonas,27,12,,,,0.3,spine,,"neįskaitoma: Už „Rygiškių Jono“ stovinti rusvo viršelio knyga — matyti tik viršutinė briauna, nugarėlės nesimato. Gali būti ta pati, kuri nufotografuota kaip viršelis 27_28 (J. Jablonskis „Rinktiniai raštai“)"
Žagarinė salonas,27,14,,Trys dešimtys metų,LT,0.8,spine,,artimiausias K00078 (0.33) Pilka plona nugarėlė; autoriaus nematyti
Žagarinė salonas,27,15,,,,0.3,spine,,neįskaitoma: Tamsiai ruda kietų viršelių knyga (galbūt albumas ar dėklas) antroje eilėje už „Trijų dešimčių metų“; teksto nematyti
Žagarinė salonas,27,16,,,,0.3,spine,,"neįskaitoma: Didelio formato pakrypusi knyga: viena pusė žalia su geltona įstriža juosta ir baltais žiedais (vaikiška iliustracija), kita — tamsiai žalsva nuotrauka su pienės pūku; nei pavadinimo, nei nugarėlės nesimato"
Žagarinė salonas,27,17,,Suvalkija. Etnokultūros paveldo leidinys,LT,0.9,spine,,"artimiausias K00340 (0.57) Mėlynas viršelis, 2002/Nr. 1; padėta atremta, matyti visas viršelis"
Žagarinė salonas,27,19,,Vėrinėlio metai. Ruduo,LT,0.9,spine,,artimiausias K01674 (0.33) Kreminė nugarėlė; paantraštė „Idėjos vaikų saviraiškai ir kūrybai“
Žagarinė salonas,27,20,,Vėrinėlio metai. Žiema,LT,0.9,spine,,artimiausias K01674 (0.33) Mėlyna nugarėlė; paantraštė „Idėjos vaikų saviraiškai ir kūrybai“
Žagarinė salonas,27,21,,Vaikų darželių programa „Vėrinėlis“,LT,0.7,spine,,"artimiausias K00886 (0.29) Rusva, smarkiai apiplyšusi nugarėlė; tekstas smulkus"
Žagarinė salonas,27,25,,J. Jablonskis – bendrinės kalbos puoselėtojas,LT,0.8,spine,,artimiausias K01916 (0.22) Tamsi nugarėlė smulkiu šriftu
Žagarinė salonas,27,27,,,,0.3,spine,,"neįskaitoma: Spirale įrišta knyga (šviesiai melsvi viršeliai), nugarėlės teksto nėra"
Žagarinė salonas,27,28,,,,0.3,spine,,neįskaitoma: Stora tamsiai mėlyna kietų viršelių knyga; nugarėlė be teksto
Žagarinė salonas,27,29,Vytautas Tarasonis,Fizyka III,PL,0.9,cover,Zagarine Salonas 27_7.JPG,artimiausias K01263 (0.55) Juodas viršelis; lentynoje kairioji iš trijų juodų Tarasonio knygų
Žagarinė salonas,27,30,Vytautas Tarasonis,Fizyka II,PL,0.8,spine,,"Juoda nugarėlė, viršuje skaitmuo II"
Žagarinė salonas,27,32,"Vytautas Tarasonis, Antanas Bajoriūnas, Donatas Gediminskas",Lietuvos tremtiniai Tadžikijoje,LT,0.9,cover,Zagarine Salonas 27_2.JPG,"artimiausias K00537 (0.4) Melsvas viršelis; nuotraukoje 27_3 — tos pačios knygos antraštinis lapas (Vilnius, „Lietuvos auto“, 1992), galbūt antras egzempliorius plastikiniame aplanke"
Žagarinė salonas,27,33,Сергей Есенин,Собрание сочинений. Том третий. Стихотворения и поэмы (1924—1925),RU,0.9,cover,Zagarine Salonas 27_4.JPG,artimiausias K00036 (0.36) Москва; nufotografuotas antraštinis lapas
Žagarinė salonas,27,34,Константин Бальмонт,Избранное,RU,0.9,cover,Zagarine Salonas 27_5.JPG,Москва; nufotografuotas antraštinis lapas
Žagarinė salonas,27,36,Motiejus Čepas,Apie žymųjį kalbininką Joną Jablonskį ir jo artimuosius bei gimines,LT,0.9,cover,Zagarine Salonas 27_8.JPG,artimiausias K00062 (0.18) Žalias brošiūros viršelis; ta pati knyga nufotografuota ir 27_20 (galbūt antras egzempliorius)
Žagarinė salonas,27,37,Antanas Juška,Vilniaus byla,LT,0.9,cover,Zagarine Salonas 27_9.JPG,artimiausias K01797 (0.5) Rusvas viršelis su Vilniaus miesto antspaudo atvaizdu
Žagarinė salonas,27,38,Ona Monkevičienė,Vėrinėlis. Knyga auklėtojai. I dalis,LT,0.9,cover,Zagarine Salonas 27_10.JPG,"artimiausias K00667 (0.33) Baltas viršelis su drugelio ženklu, plastikiniame apvalkale"
Žagarinė salonas,27,39,,Šiuolaikinės švietimo problemos. I tarptautinės mokslinės konferencijos medžiaga,LT,0.9,cover,Zagarine Salonas 27_11.JPG,"Geltonas viršelis; dvikalbis — lenkiškai „Problemy współczesnej edukacji. Materiały I międzynarodowej naukowej konferencji“, Vilnius, 1998 balandžio 15–17 d."
Žagarinė salonas,27,40,Viktoras Alekna,Ąžuolas,LT,0.9,cover,Zagarine Salonas 27_12.JPG,
Žagarinė salonas,27,41,,Metodinės rekomendacijos ikimokyklinio ugdymo programai rengti,LT,0.9,cover,Zagarine Salonas 27_13.JPG,Didelio formato leidinys su vaikų iliustracijomis
Žagarinė salonas,27,42,,Vaikų darželių programa /eksperimentinė/,LT,0.9,cover,Zagarine Salonas 27_14.JPG,artimiausias K00886 (0.29) Gelsvas viršelis be autoriaus; atskira nuo lentynoje stovinčios „Vaikų darželių programos Vėrinėlis“
Žagarinė salonas,27,43,,"Šeima. Leidinys tėvams, 1983/7",LT,0.9,cover,Zagarine Salonas 27_15.JPG,"artimiausias K01847 (0.29) Periodinis leidinys (žurnalas), Nr. 7, ISSN 0131-6427"
Žagarinė salonas,27,44,,Mokytojų rengimo ir tobulinimosi problemos,LT,0.8,cover,Zagarine Salonas 27_16.JPG,"Mašinraštinis leidinys: Lietuvos Respublikos kultūros ir švietimo ministerija, Lietuvos mokytojų kvalifikacijos institutas; 1990 m. lapkričio 13–14 d. konferencijos pranešimų tezės; Vilnius, 1991; viršelyje ranka pasirašyta"
Žagarinė salonas,27,45,,Mentoriaus kompetencijos. Mentoriaus knyga,LT,0.9,cover,Zagarine Salonas 27_17.JPG,artimiausias K00667 (0.33) Mėlynai oranžinis viršelis
Žagarinė salonas,27,46,,Vėrinėlis. Knyga auklėtojai. II dalis,LT,0.9,cover,Zagarine Salonas 27_18.JPG,artimiausias K00667 (0.33) Autorės pavardės ant viršelio nematyti (I dalies autorė — Ona Monkevičienė)
Žagarinė salonas,27,47,Stasys Bilys,Pirmosios elektrinės Lietuvoje. Antra dalis,LT,0.9,cover,Zagarine Salonas 27_19.JPG,artimiausias K01192 (0.25) Oranžinis viršelis
Žagarinė salonas,27,48,,Vitolda Sofija Glebuvienė. Bibliografijos rodyklė 1967–2016,LT,0.9,cover,Zagarine Salonas 27_21.JPG,"Baltai raudonas viršelis su „GSV“ monograma; Vitolda Sofija Glebuvienė — rodyklės objektas, ne autorė"
Žagarinė salonas,27,49,V. Tarasonis,Fizikos laboratoriniai darbai specialiosioms vidurinėms mokykloms,LT,0.9,cover,Zagarine Salonas 27_25.JPG,Tamsiai pilkas viršelis; ta pati knyga nufotografuota ir 27_22 (ten plastikiniame maišelyje) — galbūt du egzemplioriai
Žagarinė salonas,27,50,A. Piročkinas,Jono Jablonskio leksiniai taisymai,LT,0.9,cover,Zagarine Salonas 27_23.JPG,Mėlynas viršelis oranžinėmis raidėmis
Žagarinė salonas,27,51,Vytautas Landsbergis,Kovo vėjas,LT,0.9,cover,Zagarine Salonas 27_24.JPG,artimiausias K01764 (0.29) 
Žagarinė salonas,27,52,,Senoji Klaipėda XIX–XX a. Vaizdų albumas,LT,0.8,cover,Zagarine Salonas 27_26.JPG,"artimiausias K01710 (0.33) Mėlynas viršelis; pavadinimas dalinai užkirstas kadro krašto — matyti „Senoji Klaipėda XIX–XX...“, taip pat vokiškas „Das alte Klaipėda 19.–20. Jh.“ ir angliškas „Old Klaipėda. The 19th–20th...“ variantai"
Žagarinė salonas,28,9,Rainer Maria Rilke,Die Aufzeichnungen des Malte Laurids Brigge,DE,0.9,spine,,artimiausias K00279 (0.25) aplankas viršuje suplyšęs
Žagarinė salonas,28,12,Johann Wolfgang Goethe,Sein Leben in Bildern,DE,0.9,cover,Zagarine Salonas 28_3.JPG,"alyvuogių spalvos viršelis, melsva drobinė nugarėlė; lentynoje stovi atsirėmusi už „XX век“ tomo"
Žagarinė salonas,28,17,Stefan Zweig,Balzacas. Dickensas. Dostojevskis,LT,0.9,spine,,artimiausias K00021 (0.4) alyvinis viršelis su autoriaus portretu
Žagarinė salonas,28,20,G. E. Lessing,,,0.5,spine,,"geltona nugarėlė su gotikiniu užrašu „G. E. Lessing“; pavadinimo nematyti, aplankas apiplyšęs"
Žagarinė salonas,28,23,Johann Wolfgang Goethe,Faustas,LT,0.9,spine,,plona pilka nugarėlė; antras „Fausto“ leidimas šalia pos 22
Žagarinė salonas,28,24,,,,0.3,spine,,"neįskaitoma: didelė tamsiai ruda knyga, atremta į lentynos galą; nugarėlė be matomo teksto"
Žagarinė salonas,28,27,Paul Lindau,"Ferien im Morgenlande. Tagebuchblätter aus Griechenland, der europäischen Türkei und Kleinasien",DE,0.9,cover,Zagarine Salonas 28_4.JPG,"artimiausias K00181 (0.18) antraštinis lapas, antrasis leidimas (Zweite Auflage); viršuje ranka rašytas įrašas „Ž. Gaudiešius“; lentynos nuotraukoje neatpažįstama"
Žagarinė salonas,28,28,А. Ф. Туров (sudarytojas),Американская фантастика,RU,0.9,cover,Zagarine Salonas 28_5.JPG,antraštinis lapas; A. Bester „Tiger! Tiger!“ ir R. Sheckley „The Seventh Victim“; priedas prie žurnalo „Техника и наука“; lentynos nuotraukoje neatpažįstama
Žagarinė salonas,28,30,Мартти Ларни,Прекрасная свинарка,RU,0.9,cover,Zagarine Salonas 28_7.JPG,antraštinis lapas; vertė В. Богачев; lentynos nuotraukoje neatpažįstama
Žagarinė salonas,29,2,Рэй Брэдбери,,RU,0.6,spine,,"tamsiai žalias drobinis viršelis, ant nugarėlės tik autoriaus pavardė, pavadinimo nesimato"
Žagarinė salonas,29,3,Томас Вулф,Домой возврата нет,RU,0.9,spine,,tamsiai žalias drobinis viršelis
Žagarinė salonas,29,7,Герман Мелвилл,,RU,0.8,spine,,"3 tomai (1, 2, 3); juodos nugarėlės su auksiniu autoriaus vardu, pavadinimo nesimato"
Žagarinė salonas,29,8,Фрэнк Херберт,,RU,0.6,spine,,"tamsiai mėlynas viršelis, ant nugarėlės tik autoriaus vardas"
Žagarinė salonas,29,10,К. М. Андерсон,Оуэнисты в Британии,RU,0.9,spine,,artimiausias K00042 (0.5) 
Žagarinė salonas,29,14,Džekas Londonas,,LT,0.6,spine,,"oranžinė nugarėlė, matosi tik autoriaus vardas"
Žagarinė salonas,29,19,,Schopenhauer,,0.6,cover,Zagarine Salonas 29_1.JPG,"rudas odinis viršelis su juoda juosta; ant nugarėlės tik SCHOPENHAUER, kalba neaiški"
Žagarinė salonas,29,24,Oscar Wilde,Selections. Volume Two,EN,0.9,cover,Zagarine Salonas 29_1.JPG,artimiausias K01330 (0.33) guli horizontaliai ant stovinčių knygų dešinėje pusėje
Žagarinė salonas,29,25,,,,0.3,spine,,"neįskaitoma: storoka kreminė knyga, gulinti horizontaliai po Oscar Wilde tomu; nugarėlės nesimato"
Žagarinė salonas,29,26,George Meredith,Ordeal of Richard Feverel - Complete,EN,0.9,cover,Zagarine Salonas 29_2.JPG,artimiausias K01767 (0.22) didelio formato minkštas viršelis; lentynos nuotraukoje neatpažįstama
Žagarinė salonas,29,27,Михаил Шолохов,Судьба человека,RU,0.9,cover,Zagarine Salonas 29_3.JPG,senas apdaužytas minkštas viršelis; lentynos nuotraukoje neatpažįstama
Žagarinė salonas,29,28,А. Н. Толстой,Аэлита,RU,0.9,cover,Zagarine Salonas 29_4.JPG,lentynos nuotraukoje neatpažįstama
Žagarinė salonas,29,29,Мигель Сервантес,Цыганочка,RU,0.9,cover,Zagarine Salonas 29_5.JPG,lentynos nuotraukoje neatpažįstama
Žagarinė salonas,29,30,J. V. Gėtė,Jaunojo Verterio kančios,LT,0.9,cover,Zagarine Salonas 29_6.JPG,geltonas viršelis; lentynos nuotraukoje neatpažįstama
Žagarinė salonas,30,4,Antuanas de Sent Egziuperi,,LT,0.5,spine,,"labai nudėvėta knyga, ruda viršutinė ir auksinė apatinė nugarėlės dalis; matyti tik autorius"
Žagarinė salonas,30,10,Rablė,Gargantiua ir Pantagriuelis,LT,0.9,spine,,rausvas audinio viršelis su auksuotu įspaudu
Žagarinė salonas,30,12,Бальзак,Шагреневая кожа,RU,0.9,spine,,tamsiai žalia nugarėlė
Žagarinė salonas,30,13,,,DE,0.3,spine,,"neįskaitoma: kreminė nugarėlė, apačioje tik leidyklos pavadinimas; viršelyje XIX a. vyro portretas; pavadinimas neįskaitomas"
Žagarinė salonas,30,16,,,FR,0.3,spine,,"neįskaitoma: Livre de Poche Nr. 15264; nugarėlės tekstas nublukęs, neįskaitomas"
Žagarinė salonas,30,19,Daniel Defoe,Robinson Crusoe,EN,0.9,spine,,
Žagarinė salonas,31,1,F. Scott Fitzgerald,The Great Gatsby,EN,0.9,spine,,"artimiausias K00092 (0.4) tamsiai mėlyna, stovi kairiajame lentynos gale"
Žagarinė salonas,31,2,,Iš vieno nenaudėlio gyvenimo,LT,0.7,spine,,"artimiausias K01787 (0.33) melsvas drobinis viršelis, autoriaus ant nugarėlės nėra"
Žagarinė salonas,31,3,Džordžas Mereditas,,LT,0.7,spine,,"žalias drobinis viršelis, matosi tik autoriaus pavardė"
Žagarinė salonas,31,5,,,,0.3,spine,,"neįskaitoma: pilkai melsvas drobinis viršelis, nugarėlė be jokio teksto"
Žagarinė salonas,31,6,,,,0.3,spine,,neįskaitoma: antroje eilėje už priekinių knygų; matosi tik tamsiai raudonas viršutinis kraštas
Žagarinė salonas,31,7,,,,0.3,spine,,neįskaitoma: antroje eilėje; matosi tik kreminis viršutinis kraštas
Žagarinė salonas,31,8,Флобер,Воспитание чувств,RU,0.9,spine,,artimiausias K00123 (0.5) plona tamsiai žalia knyga su oranžine juosta
Žagarinė salonas,31,9,Омар Хайям,Стихи любимой,RU,0.6,spine,,"žalias viršelis su auksiniu ornamentu; pavadinimas rašytas dailyraščiu, sunkiai įskaitomas"
Žagarinė salonas,31,16,,,,0.3,spine,,neįskaitoma: antroje eilėje; matosi tik spalvota viršelio iliustracija virš priekinių knygų
Žagarinė salonas,31,17,А. Стриндберг,,RU,0.7,spine,,"raudonas viršelis, autoriaus pavardė gotikiniu šriftu, pavadinimo nėra"
Žagarinė salonas,31,30,,,,0.3,cover,Zagarine Salonas 31_1.JPG,neįskaitoma: antroje eilėje; matosi tik tamsi viršelio iliustracija su raudonu audiniu
Žagarinė salonas,31,32,,,,0.3,cover,Zagarine Salonas 31_1.JPG,"neįskaitoma: antroje eilėje; viršelyje moteris su skrybėle, teksto nesimato"
Žagarinė salonas,31,35,,Повесть о прекрасной Отикубо,RU,0.9,cover,Zagarine Salonas 31_2.JPG,paantraštė „Старинные японские повести“; žalias drobinis viršelis; lentynoje nugarėlės atpažinti nepavyko
Žagarinė salonas,31,36,,Naujasis Testamentas,LT,0.7,cover,Zagarine Salonas 31_3.JPG,"artimiausias K01724 (0.33) antraštinis lapas: „Mūsų Viešpaties ir Gelbėtojo Jėzaus Kristaus Naujasis Testamentas“, ranka įrašyta pavardė; lentynoje neatpažįstama"
Žagarinė salonas,31,38,Pierre Corneille,Sidas,LT,0.9,cover,Zagarine Salonas 31_6.JPG,serija „Baltų lankų klasika“; lentynoje neatpažįstama
Žagarinė salonas,32,2,James Herriot,All Creatures Great and Small,EN,0.9,spine,,"artimiausias K00693 (0.2) senas minkštas viršelis, kainos lipdukas $1.95"
Žagarinė salonas,32,3,Erichas Marija Remarkas,,LT,0.5,spine,,"mėlyna nugarėlė, matyti tik autoriaus pavardė, pavadinimas nematomas"
Žagarinė salonas,32,5,Rabindranatas Tagore,Atsisveikinimo naktis,LT,0.9,spine,,artimiausias K01186 (0.5) 
Žagarinė salonas,32,7,,Austrų novelės,LT,0.9,spine,,antologija
Žagarinė salonas,32,8,Sally Green,Pusiau blogas,LT,0.8,spine,,"raudona nugarėlė; pavardė „GREEN“ viršuje, vardas „SALLY“ apačioje, pavadinimas atspausdintas apverstas"
Žagarinė salonas,32,11,August Strindberg,Pamišėlio išpažintis,LT,0.9,spine,,ekslibriso lipdukas „HESSE“
Žagarinė salonas,32,12,Per Olov Enquist,Asmens gydytojo viešnagė,LT,0.9,spine,,
Žagarinė salonas,32,15,Luidžis Pirandelas,Velionis Matijas Paskalis,LT,0.9,spine,,
Žagarinė salonas,32,16,Žanas Luji Kiurtisas,Mąstanti nendrė,LT,0.8,spine,,autoriaus vardas nugarėlėje atspausdintas apverstas
Žagarinė salonas,32,26,,Хон Киль Тон – защитник бедных,RU,0.9,cover,Zagarine Salonas 32_2.JPG,"serija „Книга за книгой“; nufotografuota ant stalo, lentynoje neatpažinta"
Žagarinė salonas,32,27,Marguerite Duras,Meilužis,LT,0.9,cover,Zagarine Salonas 32_3.JPG,"nufotografuota ant stalo, lentynoje neatpažinta"
Žagarinė salonas,32,28,А. С. Грин,Рассказы,RU,0.9,cover,Zagarine Salonas 32_4.JPG,Баку; nuotraukoje antraštinio lapo kita pusė; lentynoje neatpažinta
Žagarinė salonas,32,29,,Мир вверх тормашками (Английский юмор в стихах),EN,0.9,cover,Zagarine Salonas 32_5.JPG,"sudarė N. M. Demurova; tekstas anglų k., aparatas rusų k.; lentynoje neatpažinta"
Žagarinė salonas,32,30,R. D. Blackmore,Lorna Doone,EN,0.7,cover,Zagarine Salonas 32_6.JPG,paantraštė „A Romance of Exmoor“; pavadinimas įskaitytas iš prasišviečiančio antraštinio lapo; lentynoje neatpažinta
Žagarinė salonas,32,31,Mark Twain,Huckleberry Finns Abenteuer,DE,0.9,cover,Zagarine Salonas 32_7.JPG,serija „Universal Bibliothek“; lentynoje neatpažinta
Žagarinė salonas,33,1,François Villon,Das Kleine und das Große Testament,DE,0.9,cover,Zagarine Salonas 33_1.JPG,artimiausias K00147 (0.25) iliustravo Hans Grundig; nugarėlėje „Hans Grundig · François Villon · Testame[nt]“
Žagarinė salonas,33,6,Lenau,,DE,0.5,spine,,"geltona Reclam knygelė, Nr. 1449; matosi tik autorius „Lenau“"
Žagarinė salonas,33,8,Klopstock,,DE,0.5,spine,,"geltona Reclam knygelė, Nr. 1391; matosi tik autorius „Klopstock“"
Žagarinė salonas,33,9,Friedrich Hölderlin,Hyperion,DE,0.7,spine,,"geltona Reclam knygelė, Nr. 559; autorius nugarėlėje nematomas"
Žagarinė salonas,33,12,Hermann Hesse,Eine Bibliothek der Weltliteratur,DE,0.7,spine,,"artimiausias K00143 (0.33) geltona Reclam knygelė, Nr. 7003"
Žagarinė salonas,33,15,,,DE,0.3,spine,,neįskaitoma: žalsvai melsva nugarėlė su balta juosta; matosi tik leidyklos ženklas „marixverlag“
Žagarinė salonas,33,16,E. T. A. Hoffmann,Die Elixiere des Teufels,DE,0.9,spine,,"artimiausias K00279 (0.33) ruda nugarėlė, numeris 316"
Žagarinė salonas,33,17,Johann Wolfgang von Goethe,Die Leiden des jungen Werther,DE,0.9,spine,,artimiausias K00279 (0.29) 
Žagarinė salonas,33,18,,,,0.3,spine,,"neįskaitoma: labai plona balta nugarėlė, pakrypusi, teksto nesimato"
Žagarinė salonas,33,19,Eduard Mörike,Maler Nolten. Gedichte,DE,0.9,spine,,artimiausias K00173 (0.5) tamsiai raudona oda su auksiniu įspaudu
Žagarinė salonas,33,20,Bettina von Arnim,Brentanos Frühlingskranz,DE,0.7,spine,,"kreminė nugarėlė, apačioje numeris 29; autorius nugarėlėje nenurodytas"
Žagarinė salonas,33,22,Annette von Droste-Hülshoff,Die schönsten Gedichte,DE,0.9,spine,,"artimiausias K00173 (0.5) insel klassik, it, numeris 4525"
Žagarinė salonas,33,33,,Walther von der Vogelweide,DE,0.6,spine,,artimiausias K00177 (0.29) oranžinė nugarėlė; po pavadinimu smulkesnis paantraštės tekstas neįskaitomas
Žagarinė salonas,33,35,,Die Gudrunsage,DE,0.9,cover,Zagarine Salonas 33_3.JPG,artimiausias K00279 (0.5) raudona brošiūra; lentynos nuotraukoje neatpažinta
Žagarinė salonas,33,36,Eduard Mörike,Mozart auf der Reise nach Prag,DE,0.9,cover,Zagarine Salonas 33_4.JPG,artimiausias K00177 (0.22) Novelle; lentynos nuotraukoje neatpažinta
Žagarinė salonas,33,37,W. Hauff,Märchen,DE,0.9,cover,Zagarine Salonas 33_5.JPG,serija „Lesestoff für Anfänger“; lentynos nuotraukoje neatpažinta
Žagarinė salonas,34,4,Goethe,,DE,0.3,spine,,"plona kreminė nugarėlė, matosi tik „Goethe · F…“"
Žagarinė salonas,34,8,,"Geliebte, Freundinnen",DE,0.4,spine,,"kreminė nugarėlė, matosi „Geliebte, Freundi…“, toliau uždengta"
Žagarinė salonas,34,10,,I Ging,DE,0.8,spine,,"artimiausias K00180 (0.4) pakrypusi dėžutė su kinų peizažu, apačioje Anaconda"
Žagarinė salonas,34,13,Franz Kafka,Erzählungen,DE,0.8,spine,,plona gelsva nugarėlė
Žagarinė salonas,34,15,Johann Gottfried Herder,Herder I,DE,0.8,spine,,kreminis tomas su juoda etikete „HERDER I“ (klasikų serija)
Žagarinė salonas,34,16,,,DE,0.3,spine,,"neįskaitoma: kreminis tomas su juoda etikete, etiketė nutrupėjusi — tekstas neįskaitomas"
Žagarinė salonas,34,17,Wilhelm Hauff,Hauff 1,DE,0.8,spine,,"kreminis tomas, juoda etiketė „HAUFF 1“"
Žagarinė salonas,34,18,Wilhelm Hauff,Hauff 2,DE,0.8,spine,,"kreminis tomas, juoda etiketė „HAUFF 2“"
Žagarinė salonas,34,22,,,,0.3,spine,,neįskaitoma: stora balta nugarėlė be jokio teksto
Žagarinė salonas,34,23,,,DE,0.3,spine,,"neįskaitoma: gelsvai smėlinė nugarėlė, tekstas visiškai nublukęs"
Žagarinė salonas,34,27,Мигель де Сервантес Сааведра,Дон Кихот Ламанчский. Часть первая,RU,0.9,cover,Zagarine Salonas 34_2.JPG,artimiausias K01826 (0.22) иллюстрации Саввы Бродского; lentynoje neatpažinta
Žagarinė salonas,34,28,Мигель де Сервантес Сааведра,Дон Кихот Ламанчский. Часть вторая,RU,0.9,cover,Zagarine Salonas 34_3.JPG,иллюстрации Саввы Бродского; lentynoje neatpažinta
Žagarinė salonas,34,30,Friedrich Hölderlin,Hölderlins Werke in zwei Bänden. Erster Band,DE,0.7,cover,Zagarine Salonas 34_6.JPG,artimiausias K00185 (0.25) antraštinis lapas neryškus; metai skaitomi kaip 1969
Žagarinė salonas,34,31,Friedrich Hölderlin,Hölderlins Werke in zwei Bänden. Zweiter Band,DE,0.7,cover,Zagarine Salonas 34_5.JPG,artimiausias K00185 (0.25) antraštinis lapas neryškus; metai skaitomi kaip 1969
Žagarinė salonas,34,32,Matthias Claudius,Der Wandsbecker Bote,DE,0.8,cover,Zagarine Salonas 34_7.JPG,artimiausias K01757 (0.22) paantraštė „Die Persönlichkeit im Spiegel ihrer Werke“
Žagarinė salonas,34,34,Albrecht Schaeffer,Das Kleinod im Lotos. Die Buddha Legende,DE,0.9,cover,Zagarine Salonas 34_9.JPG,artimiausias K00279 (0.25) 
Žagarinė salonas,35,3,,,,0.3,spine,,"neįskaitoma: juoda knyga, įstumta už priekinės eilės; matosi tik viršutinis kraštas"
Žagarinė salonas,35,14,,,,0.3,spine,,neįskaitoma: plona knyga gilumoje tarp „100 gražiausių pasaulio aikščių“ ir „Pasaulio valdovų rūmai“; matosi tik marmurinis lapų pjūvis
Žagarinė salonas,35,21,,,,0.3,spine,,"neįskaitoma: plona tamsiai mėlyna nugarėlė be matomo teksto, tarp rusiško vadovo ir „Šešeri metai Saigone“"
Žagarinė salonas,35,24,Vera Wilmatte Lefebvre Delattre,Picture South Africa,EN,0.7,spine,,"artimiausias K01532 (0.57) autoriaus vardas nugarėlėje smulkus, perskaitytas nevisiškai patikimai"
Žagarinė salonas,35,26,,Kunst der Welt,DE,0.7,spine,,artimiausias K01757 (0.22) plona juoda nugarėlė gilumoje
Žagarinė salonas,35,27,,,,0.3,spine,,neįskaitoma: persikinės spalvos nugarėlė be matomo teksto
Žagarinė salonas,35,29,Gabrielė Storaitė,,LT,0.4,spine,,"juoda nugarėlė; matosi tik autorės vardas, pavadinimą užstoja kaimyninės knygos"
Žagarinė salonas,35,32,,,LT,0.3,spine,,neįskaitoma: žalsvai mėlyna nugarėlė; matomas tik fragmentas „…TAS STATINIS“ ir vardas „Saulius…“
Žagarinė salonas,35,33,,,LT,0.3,spine,,"neįskaitoma: mėlyna nugarėlė, rausvos raidės; matomas fragmentas „…EZIJOS SALOS“ (galbūt „Indonezijos salos“ arba „Polinezijos salos“)"
Žagarinė salonas,35,35,,,,0.3,spine,,"neįskaitoma: didelė tamsi knyga su ornamentuotu (rytietišku) viršeliu, pastatyta už eilės; nugarėlės nesimato"
Žagarinė salonas,35,36,,,,0.3,spine,,"neįskaitoma: raudona ir tamsiai mėlyna knyga dešiniajame kadro krašte, beveik visiškai nukirsta"
Žagarinė salonas,35,37,,Žygis per pasaulį 2016–2020. BaltoScandia 2016,LT,0.8,cover,Zagarine Salonas 35_1.JPG,artimiausias K01781 (0.15) sulankstomas žemėlapis-brošiūra; viršuje „www.misijaLietuva100.lt“
Žagarinė salonas,35,38,,Plaukimas Ambersail. Karibai,LT,0.9,cover,Zagarine Salonas 35_2.JPG,naminis fotoalbumas; apačioje ranka „Be happy or leave :)“
Žagarinė salonas,35,39,,Самарканд,RU,0.9,cover,Zagarine Salonas 35_3.JPG,fotoalbumas apie Samarkandą
Žagarinė salonas,35,40,,"中国四川 Sichuan China. Beautiful Sichuan, Home of Grand Panda",kita,0.9,cover,Zagarine Salonas 35_4.JPG,artimiausias K01778 (0.15) kinų–anglų–japonų fotoalbumas
Žagarinė salonas,35,41,,Whistler Traveller,EN,0.9,cover,Zagarine Salonas 35_5.JPG,"žurnalas, ne knyga; numeryje „Whistler Blackcomb: 50 Years of Innovation“"
Žagarinė salonas,35,42,Jurga ir Ričardas Anusauskai,Foto paveikslai interjerui. Toli iš arti,LT,0.9,cover,Zagarine Salonas 35_6.JPG,plonas katalogas; atskiras leidinys nuo albumo „Toli iš arti“ (pos 12)
Žagarinė salonas,36,1,Johannes Bobrowski,Boehlendorff und Mäusefest,DE,0.9,cover,Zagarine Salonas 36_1.JPG,artimiausias K00150 (0.33) plona juoda knygelė; kairiojo pluošto plonų leidinių grupė
Žagarinė salonas,36,3,,И. Левитан,RU,0.9,cover,Zagarine Salonas 36_3.JPG,"geltonas apyrankis albumėlis, gerokai nudėvėtas"
Žagarinė salonas,36,4,,,,0.3,spine,,neįskaitoma: plonas šviesus leidinys be įskaitomo teksto ant nugarėlės; viršelio nuotrauka „Zagarine Salonas 36_4.JPG“ partijoje nepateikta
Žagarinė salonas,36,5,E. H. Gombrich,Meno istorija,LT,0.9,cover,Zagarine Salonas 36_5.JPG,artimiausias K00648 (0.4) 
Žagarinė salonas,36,6,,Teesie…,LT,0.9,cover,Zagarine Salonas 36_6.JPG,"ant viršelio: „Akcinė spaudos bendrovė LITUANUS, Vilnius 1990“"
Žagarinė salonas,36,7,Juozas Kazlauskas,,LT,0.6,cover,Zagarine Salonas 36_7.JPG,fotoalbumas; matyti tik autorius ir prierašas „Albumas sukurtas talkinant Vilniaus tremtinių bendrijai“ — pavadinimas nuotraukoje neužfiksuotas
Žagarinė salonas,36,11,,Pasaulio religijos,LT,0.9,cover,Zagarine Salonas 36_10.JPG,artimiausias K01812 (0.5) 
Žagarinė salonas,36,13,Rokas Pralgauskas,"Radiniai, sidabro dulkės ir liūto gėlės",LT,0.5,spine,,"artimiausias K00659 (0.29) pavadinimas ant nugarėlės rašytas ranka imituojančiu šriftu, skaitomas nepatikimai"
Žagarinė salonas,36,16,Գ. Խանջյան,,kita,0.5,spine,,"armėniškas albumas, nugarėlėje tik autoriaus pavardė armėnų raštu; melsva nugarėlė su peizažu"
Žagarinė salonas,36,20,,Kunst der Goethezeit,DE,0.8,spine,,artimiausias K01757 (0.22) serija „Welt der Kunst“ nurodyta nugarėlės apačioje
Žagarinė salonas,36,22,,Vilniaus istorija,LT,0.9,spine,,"artimiausias K00575 (0.57) 3 tomai dėkle: I t. XIII a.–1795 m., II t. 1795–1914 metai, III t. 1915–1990 metai"
Žagarinė salonas,36,23,"Gediminas Urbonas, Ann Lui, Lucas Freeman",Public Space? Lost and Found,EN,0.9,spine,,artimiausias K01701 (0.57) raudona nugarėlė
Žagarinė salonas,36,24,,Rijksmuseum,,0.6,spine,,"plona salotinė nugarėlė, tik muziejaus pavadinimas ir logotipas; kalba nenustatoma"
Žagarinė salonas,36,30,Frank Milner,Van Gogh,EN,0.8,spine,,mėlyna nugarėlė
Žagarinė salonas,36,31,Виталий Бутырин,Избранные фотографии,RU,0.9,spine,,artimiausias K01747 (0.33) juoda nugarėlė
Žagarinė salonas,36,32,,Государственный музей изобразительных искусств им. …,RU,0.5,spine,,"kraštinė knyga, iš dalies už kadro; pavadinimo pabaiga nematoma"
Žagarinė salonas,37,6,,,,0.3,spine,,"neįskaitoma: tamsi knyga už priekinės eilės, matosi tik „Meni…“ ir „…Poškus“ — tikėtina to paties leidinio dublikatas"
Žagarinė salonas,37,8,V. Mikalauskas,,LT,0.4,spine,,"geltona nugarėlė; matosi tik autoriaus pavardė, pavadinimo vieta tuščia / nublukusi"
Žagarinė salonas,37,9,M. Petuchauskas,D. Banionis,LT,0.8,spine,,kreminė nugarėlė
Žagarinė salonas,37,13,,,,0.3,spine,,neįskaitoma: plona juoda nugarėlė be įskaitomo teksto
Žagarinė salonas,37,14,Petras Dabrišius,Vilko kailyje,LT,0.8,spine,,plona balta nugarėlė
Žagarinė salonas,37,17,,,,0.3,spine,,neįskaitoma: plona pilkai balta knyga/katalogas be įskaitomo teksto
Žagarinė salonas,37,19,Stark,"Das Heilige war es, das mich ergriff",DE,0.8,spine,,artimiausias K01761 (0.6) mėlyna nugarėlė
Žagarinė salonas,37,20,Владимир Высоцкий,,RU,0.4,spine,,labai apdilusi šviesi nugarėlė; matosi tik autoriaus vardas
Žagarinė salonas,37,21,,Gitarre,DE,0.7,spine,,artimiausias K01762 (0.5) tamsi nugarėlė su baltu įrašu
Žagarinė salonas,37,23,,Bardų knyga,LT,0.5,spine,,artimiausias K00667 (0.5) pilkšvai žalia nugarėlė su ranka užrašyta etikete „Bardų knyga“
Žagarinė salonas,37,24,,Pašėlęs vėjas,LT,0.8,spine,,artimiausias K01764 (0.57) 
Žagarinė salonas,37,33,Ignas Burneika,"Vilnius. Sights, Panoramas",EN,0.8,spine,,artimiausias K00901 (0.33) 
Žagarinė salonas,38,1,,,,0.3,spine,,"neįskaitoma: stora knyga oranžiniu popieriniu aplanku, ant nugarėlės jokio teksto; aplankas nuplyšęs"
Žagarinė salonas,38,2,,,,0.3,spine,,"neįskaitoma: rusvai bordinis tomas prie galinės sienelės, nugarėlė nematoma"
Žagarinė salonas,38,6,M. Á. Almodóvar,Almodóvaro formulė,LT,0.8,spine,,knyga stovi aukštyn kojomis; nugarėlė skaityta apvertus
Žagarinė salonas,38,7,,,,0.3,spine,,"neįskaitoma: tamsiai žalias įrišimas, ant nugarėlės teksto nematyti"
Žagarinė salonas,38,8,,,,0.3,spine,,neįskaitoma: baltas plastikine spirale įrištas segtuvas be užrašų
Žagarinė salonas,38,9,,Clear File 20 Pockets,EN,0.8,spine,,"juodas įmaučių aplankas, ne knyga"
Žagarinė salonas,38,11,,S. Messa per il quinto centenario della morte di S. Casimiro – Patrono della Lituania,kita,0.8,cover,Zagarine Salonas 38_2.JPG,"artimiausias K01805 (0.14) italų kalba; „Basilica di S. Pietro, 4 marzo 1984. Anno giubilare della Redenzione“; plona brošiūra"
Žagarinė salonas,38,13,Zygfrydas Šnabilis,Nervai?,LT,0.9,cover,Zagarine Salonas 38_4.JPG,serija „Biblioteka «Žmogus ir sveikata»“
Žagarinė salonas,38,14,"Claudio Borghi, Ettore Ambrosioni","Zofenoprilio vaidmuo, gydant širdies ir kraujagyslių ligas",LT,0.8,cover,Zagarine Salonas 38_5.JPG,"autoriai nurodyti viršelio apačioje: Bolonijos universitetas, Vidaus ligų skyrius, Italija"
Žagarinė salonas,38,15,Maria Treben,Vaistingieji augalai iš Dievo sodo,LT,0.9,spine,,artimiausias K00663 (0.57) geltona nugarėlė
Žagarinė salonas,38,27,,Didžioji Lietuvos grybų knyga,LT,0.9,spine,,artimiausias K01840 (0.57) 
Žagarinė salonas,38,32,,,,0.3,spine,,"neįskaitoma: antroji eilė už pos 25–26: pilkšva didelio formato knyga, nugarėlė atsukta į sieną"
Žagarinė salonas,38,33,,,LT,0.3,spine,,"neįskaitoma: antroji eilė už pos 27: kreminė knyga, matyti tik apversto lietuviško pavadinimo galas „…paslaptys“"
Žagarinė salonas,38,34,,,,0.3,spine,,neįskaitoma: antroji eilė už pos 27–28: juoda didelio formato knyga
Žagarinė salonas,38,35,,,,0.3,spine,,neįskaitoma: antroji eilė už pos 28–29: tamsiai pilka didelio formato knyga
Žagarinė salonas,39,1,,,,0.3,spine,,"neįskaitoma: šviesiai mėlyna knyga kairiajame krašte, nuotraukos rėmo nukirsta; matyti tik leidyklos ženklas"
Žagarinė salonas,39,2,,Crossroads. A Popular History of Malaysia and Singapore,EN,0.7,spine,,artimiausias K01688 (0.36) pavadinimo pradžia nukirsta kadro krašte
Žagarinė salonas,39,3,,Picture South Africa,EN,0.8,spine,,artimiausias K01532 (0.57) 
Žagarinė salonas,39,4,,Tomkinson's Tunisia,EN,0.8,spine,,
Žagarinė salonas,39,5,,Kunst der Welt,DE,0.6,spine,,"maža knyga, stovi už priekinės eilės"
Žagarinė salonas,39,6,,Ägypten,DE,0.8,spine,,
Žagarinė salonas,39,7,Gabrielė Štaraitė,Apie Afrikos žmones ir žvėris,LT,0.9,spine,,artimiausias K00628 (0.29) 
Žagarinė salonas,39,9,,Pasiklydęs Amazonijoje. Mato Šalčiaus klajonių pėdsakais,LT,0.9,spine,,
Žagarinė salonas,39,10,Gerimantas Statinis,,LT,0.6,spine,,"žalsvas viršelis, ant nugarėlės tik autoriaus vardas"
Žagarinė salonas,39,11,,Amazon Emotions,EN,0.8,spine,,
Žagarinė salonas,39,12,,,,0.3,spine,,"neįskaitoma: plona alyvuogių spalvos knyga, nugarėlė be teksto"
Žagarinė salonas,39,14,,Израиль,RU,0.6,spine,,"vyšninė nugarėlė, apačioje „Русское издание“"
Žagarinė salonas,39,18,,Sardegna. Wonderful Sardinia,EN,0.8,spine,,ant nugarėlės „English edition“
Žagarinė salonas,39,20,,,,0.3,spine,,neįskaitoma: tamsiai pilka knyga su sidabrinėmis ornamentinėmis juostomis; įskaitoma tik dalis užrašo „BRUCKE“
Žagarinė salonas,39,22,Maria Sciortino,,,0.5,spine,,tamsiai mėlyna nugarėlė su peizažo nuotrauka; matomas tik autorės vardas
Žagarinė salonas,39,23,,Experience Florence,EN,0.7,spine,,mėlyna viršutinė nugarėlės juosta
Žagarinė salonas,39,24,,Ho visto Firenze,IT,0.7,spine,,artimiausias K01691 (0.5) 
Žagarinė salonas,39,25,,,,0.3,spine,,neįskaitoma: pilka knyga su tapybos reprodukcija ant nugarėlės; apačioje neaiškus užrašas
Žagarinė salonas,39,26,Luciano Artusi,Guida letteraria. A Literary Guide of Florence,IT,0.7,spine,,dvikalbis leidinys (IT/EN)
Žagarinė salonas,39,27,Lionginas Šepetys,,LT,0.6,spine,,tamsi nugarėlė su auksinėmis raidėmis; matomas tik autoriaus vardas
Žagarinė salonas,39,29,Justas Vincas Paleckis,,LT,0.6,spine,,juoda nugarėlė; matomas tik autoriaus vardas
Žagarinė salonas,39,30,,Facts about Finland,EN,0.8,spine,,artimiausias K01864 (0.18) 
Žagarinė salonas,39,32,,,,0.3,spine,,neįskaitoma: tamsi marmuruota nugarėlė be įskaitomo teksto
Žagarinė salonas,39,34,,,LT,0.3,spine,,neįskaitoma: pilka nugarėlė; įskaitoma tik „…kas · Susitikimas su …“
Žagarinė salonas,39,35,,Les Dirigeants de Vercingétorix à la Ve République. Histoire de France,FR,0.7,spine,,artimiausias K01697 (0.6) 
Žagarinė salonas,39,37,,Nestoras. Maistas,LT,0.5,spine,,"artimiausias K00676 (0.5) geltona nugarėlė, raudonos raidės „NESTORAS MAISTAS“; neaišku, kuri dalis yra autorius, kuri pavadinimas"
Žagarinė salonas,39,39,,,,0.3,spine,,"neįskaitoma: juoda dėklo/aplanko formos knyga antroje eilėje, be matomo teksto"
Žagarinė salonas,39,42,,Kalnai lieka,LT,0.7,spine,,juoda nugarėlė; autoriaus vardas rašytas dailyraščiu ir neįskaitomas
Žagarinė salonas,39,43,Ayn Rand,The Fountainhead; Atlas Shrugged,EN,0.8,spine,,"artimiausias K00814 (0.33) 2 tomai dėžutėje (slipcase), stovi lentynos gilumoje virš priekinės eilės"
Žagarinė salonas,39,44,,,,0.3,spine,,"neįskaitoma: rausvai balta knyga už Lonely Planet leidinio, matosi tik kraštas"
Žagarinė salonas,39,45,,Rio de Janeiro,EN,0.9,spine,,"atverstas nugarine puse į priekį, matosi galinis viršelis su Brazilijos žemėlapiu"
Žagarinė salonas,39,47,Pilkoji Pelėda,Girių piligrimai,LT,0.8,spine,,
Žagarinė salonas,39,49,,,,0.3,spine,,"neįskaitoma: oranžinė knyga su žemėlapio raštu, ant nugarėlės teksto nesimato"
Žagarinė salonas,39,50,Antoine de Saint-Exupéry,Citadelė,LT,0.9,spine,,
Žagarinė salonas,39,51,,,,0.3,spine,,"neįskaitoma: tamsi knyga be matomo teksto, šalia Citadelės"
Žagarinė salonas,39,52,Judy Allen,Neįmintos pasaulio mįslės,LT,0.6,spine,,artimiausias K01812 (0.4) knyga pastatyta apversta; pavadinimo pradžia užstota
Žagarinė salonas,39,54,,Silva Rerum. Šeimos knyga Mantui ir Urtei,LT,0.9,cover,Zagarine Salonas 39_1.JPG,artimiausias K00667 (0.25) baltas gulsčio formato albumas; lentynos nuotraukoje neatpažįstamas
Žagarinė salonas,40,2,,Lietuvos tapyba,LT,0.9,spine,,artimiausias K00537 (0.5) mėlynos spalvos raidės; antras to paties pavadinimo tomas ar leidimas
Žagarinė salonas,40,3,,,,0.3,spine,,"neįskaitoma: plona pageltusi knyga suplyšusia nugarėle, teksto nematyti"
Žagarinė salonas,40,4,,,,0.3,spine,,"neįskaitoma: užpakalinė eilė, virš Čiurlionio nugarėlės matyti tik pilkšvo viršelio kraštas su raidėmis „LIE…“"
Žagarinė salonas,40,6,,Stasys Krasauskas,LT,0.9,spine,,"kreminis aplankas, knyga pakrypusi — matyti ir nugarėlė, ir viršelio užrašas „STASYS K…“"
Žagarinė salonas,40,7,,Стасис Красаускас,RU,0.9,spine,,"tamsi nugarėlė, rusiškas leidimas"
Žagarinė salonas,40,10,Algimantas Aleksandravičius,Portretai / Portraits,LT,0.9,spine,,ruda nugarėlė; „portretai“ ir „portraits“ abiejuose nugarėlės galuose
Žagarinė salonas,40,12,,,,0.3,spine,,"neįskaitoma: plonas baltas leidinys su juodu grafikos raštu nugarėlėje, teksto nėra"
Žagarinė salonas,40,13,,Augustinas Savickas / Аугустинас Савицкас,LT,0.9,spine,,artimiausias K01715 (0.57) kreminė nugarėlė su Vagos ženklu; pavadinimas lietuviškai ir rusiškai
Žagarinė salonas,40,14,,Augustinas Savickas / Аугустинас Савицкас,LT,0.9,spine,,artimiausias K01715 (0.57) antras tos pačios knygos egzempliorius (arba kitas tomas)
Žagarinė salonas,40,18,Marija Matušakaitė,Portretas XVI–XVIII a. Lietuvoje,LT,0.6,spine,,tamsiai mėlyna nugarėlė; pavadinimas auksiniame rėmelyje viršuje įskaitomas tik iš dalies
Žagarinė salonas,40,19,,Lietuvos istorijos paminklai,LT,0.9,spine,,artimiausias K00537 (0.4) pilkšva nugarėlė
Žagarinė salonas,40,20,,,,0.3,spine,,"neįskaitoma: užpakalinė eilė: tamsi (juoda ar tamsiai pilka) knyga, matyti tik viršutinis kraštas"
Žagarinė salonas,40,21,,,kita,0.3,spine,,"neįskaitoma: užpakalinė eilė: plonas raudonas leidinys su hieroglifais (kinų ar japonų), pavadinimas neįskaitomas"
Žagarinė salonas,40,22,Barry Hatton,The Portuguese,EN,0.9,spine,,artimiausias K00814 (0.5) žalsvai mėlyna nugarėlė
Žagarinė salonas,40,23,,Antanas Gedminas,LT,0.9,spine,,"balta nugarėlė, dailininko albumas"
Žagarinė salonas,40,24,Walter Isaacson,Einstein,EN,0.9,spine,,artimiausias K00693 (0.48) 
Žagarinė salonas,40,25,,Leonardo e dintorni / Leonardo & surrounding,IT,0.6,spine,,"knyga lentynoje stovi aukštyn kojomis; nugarėlėje numeris „2“, tekstas itališkai ir angliškai"
Žagarinė salonas,40,26,,Kansakunta kehyksissä,kita,0.9,spine,,suomių kalba; tamsiai žalsva nugarėlė
Žagarinė salonas,40,27,,Gaudi. Собор Святого Семейства,RU,0.6,spine,,"juoda nugarėlė, didelis užrašas „GAUDI“, šalia rusiškas paantraštis"
Žagarinė salonas,40,29,Jörg Zittlau,Žalioji arbata,LT,0.9,cover,Zagarine Salonas 40_1.JPG,lentynos nugarėlėse neatpažinta
Žagarinė salonas,40,30,P. Neris,Populiariszkas rankvedis fyzikos,LT,0.9,cover,Zagarine Salonas 40_2.JPG,"faksimilinis leidinys; originalas Shenandoah, Pa., 1899; lentynos nugarėlėse neatpažinta"
Žagarinė salonas,40,31,A. P. H. Oliver,The Country Life Guide to Shells of the World,EN,0.9,cover,Zagarine Salonas 40_3.JPG,artimiausias K00967 (0.31) iliustravo James Nicholls; lentynos nugarėlėse neatpažinta
Žagarinė salonas,40,32,K. Djurelas,Reliatyvumo teorijos abėcėlė,LT,0.9,cover,Zagarine Salonas 40_4.JPG,serija „Fizikos mokykla“ Nr. 4; lentynos nugarėlėse neatpažinta
Žagarinė salonas,40,33,J. Nainys,Pasakojimai apie elektrą,LT,0.9,cover,Zagarine Salonas 40_5.JPG,artimiausias K00628 (0.33) lentynos nugarėlėse neatpažinta
Žagarinė salonas,40,34,Maiklas Faradėjus,Žvakės istorija,LT,0.9,cover,Zagarine Salonas 40_6.JPG,artimiausias K00648 (0.4) lentynos nugarėlėse neatpažinta
Žagarinė salonas,40,35,Stasys Kirdeikis,Konstravimas laisvalaikiu,LT,0.9,cover,Zagarine Salonas 40_7.JPG,lentynos nugarėlėse neatpažinta
Žagarinė salonas,40,36,"Massimiliano Lisa, Mario Taddei, Edoardo Zanon",Leonardo da Vinci. Codice Atlantico / Codex Atlanticus,IT,0.9,cover,Zagarine Salonas 40_8.JPG,tekstas itališkai ir angliškai; lentynos nugarėlėse neatpažinta
Žagarinė salonas,40,37,,Rūdninkų Švč. Trejybės bažnyčiai 500 metų,LT,0.9,cover,Zagarine Salonas 40_10.JPG,artimiausias K00912 (0.22) paantraštė lenkiškai: „500-lecie kościoła p.w. Trójcy Przenajświętszej w Rudnikach“; lentynos nugarėlėse neatpažinta
Žagarinė salonas,40,38,Leila Lotti,"Suomen Gallupista, päivää!",kita,0.9,cover,Zagarine Salonas 40_11.JPG,suomių kalba; paantraštė „Suomalaisten arkea 60 vuotta“; lentynos nugarėlėse neatpažinta
Žagarinė salonas,40,39,,Rafaelis,LT,0.9,cover,Zagarine Salonas 40_12.JPG,lentynos nugarėlėse neatpažinta
Žagarinė salonas,40,40,,Imágenes de un mundo. Arte boliviano contemporáneo,kita,0.9,cover,Zagarine Salonas 40_13.JPG,ispanų ir vokiečių kalbomis („Bilder der einen Welt. Zeitgenössische Bolivianische Kunst“); parodos katalogas; lentynos nugarėlėse neatpažinta
Žagarinė salonas,40,41,,Petras Kalpokas,LT,0.9,cover,Zagarine Salonas 40_15.JPG,plonas dailės leidinys; lentynos nugarėlėse neatpažinta
Žagarinė salonas,40,42,В. Кулешова,Стасис Ушинскас,RU,0.9,cover,Zagarine Salonas 40_16.JPG,paantraštė „Театрально-декорационное и монументальное искусство“; lentynos nugarėlėse neatpažinta
Žagarinė salonas,40,43,,Portland Rose Garden,EN,0.9,cover,Zagarine Salonas 40_17.JPG,artimiausias K01845 (0.4) turistinis leidinys; lentynos nugarėlėse neatpažinta
Žagarinė salonas,40,44,,Remember to Never Forget,EN,0.9,cover,Zagarine Salonas 40_18.JPG,"„World Trade Center – The Pentagon – Flight 93“, Commemorative Book 2012; lentynos nugarėlėse neatpažinta"
Žagarinė salonas,40,45,,Fram. Frammuseet Oslo,EN,0.9,cover,Zagarine Salonas 40_19.JPG,"muziejaus gidas anglų, norvegų ir vokiečių kalbomis; lentynos nugarėlėse neatpažinta"
Žagarinė salonas,40,46,,Westminster Abbey,EN,0.9,cover,Zagarine Salonas 40_20.JPG,turistinis gidas; lentynos nugarėlėse neatpažinta
Žagarinė salonas,40,47,,A Book of England,EN,0.9,cover,Zagarine Salonas 40_21.JPG,artimiausias K01184 (0.4) senas drobinis viršelis; lentynos nugarėlėse neatpažinta
Žagarinė salonas,40,48,,Keliaujame į Italiją,LT,0.9,cover,Zagarine Salonas 40_22.JPG,paantraštė „Lietuviškų–itališkų pasikalbėjimų knygelė“; lentynos nugarėlėse neatpažinta
Žagarinė salonas,40,49,,Пещеры Киево-Печерской лавры,RU,0.9,cover,Zagarine Salonas 40_23.JPG,lentynos nugarėlėse neatpažinta
Žagarinė salonas,43,1,,,,0.3,spine,,"neįskaitoma: žalsva knyga kairiajame kadro krašte, beveik visiškai nukirsta"
Žagarinė salonas,43,2,,Pažadas,LT,0.6,spine,,tamsi nugarėlė su liepsnos atvaizdu; autorius nematomas
Žagarinė salonas,43,3,Antoine de Saint-Exupéry,Citadelė,LT,0.9,spine,,
Žagarinė salonas,43,4,Judy Allen,Neišaiškintos pasaulio mįslės,LT,0.9,spine,,artimiausias K01812 (0.4) 
Žagarinė salonas,43,5,Dr. F. Batmanghelidj,Jūsų kūnas šaukiasi vandens,LT,0.9,spine,,
Žagarinė salonas,43,9,,Тора. Пятикнижие и Гафтарот,RU,0.9,spine,,artimiausias K00686 (0.4) vyšninis odinis viršelis su auksine karūna; nugarėlėje ir hebrajiškas pavadinimas תורה חמשה חומשי
Žagarinė salonas,43,13,,,,0.3,spine,,neįskaitoma: žydras spiraliniu (vielos) įrišimu leidinys be matomo teksto — greičiausiai albumas arba sąsiuvinis
Žagarinė salonas,43,14,Česlovas Kudaba,,LT,0.4,spine,,"plona juoda nugarėlė; matomas tik autoriaus vardas, pavadinimą užstoja kaimyninė knyga"
Žagarinė salonas,43,16,,Lietuvos laukinės gamtos fotografija 2011,LT,0.9,spine,,artimiausias K00537 (0.29) 
Žagarinė salonas,43,18,,Čepkelių rezervatas,LT,0.9,spine,,
Žagarinė salonas,43,21,,Nemuno vingiuose,LT,0.8,spine,,"alyvuogių spalvos nugarėlė, raudonos raidės"
Žagarinė salonas,43,23,"Vykintas Vaitkevičius, Valentinas Baltrūnas",Lietuva. 101 įdomiausia vieta,LT,0.9,spine,,artimiausias K00650 (0.57) 
Žagarinė salonas,43,30,,Минск за один день,RU,0.8,spine,,plytų spalvos plona nugarėlė
Žagarinė salonas,43,31,,,,0.3,spine,,neįskaitoma: plonas leidinys su tamsia gamtos nuotrauka nugarėlėje; teksto nematyti
Žagarinė salonas,43,32,,,,0.3,spine,,neįskaitoma: plona kreminė brošiūra be matomo teksto
Žagarinė salonas,43,33,,,,0.3,spine,,neįskaitoma: antra plona kreminė brošiūra; nugarėlėje raudonų raidžių nuotrupos
Žagarinė salonas,43,34,,,,0.3,spine,,neįskaitoma: mėlynas leidinys su žemėlapiu ant viršelio (turizmo žemėlapis arba vadovas)
Žagarinė salonas,43,35,,,,0.3,spine,,neįskaitoma: baltas plonas leidinys — paskutinis dešinėje prie lentynos šono
Žagarinė salonas,43,36,Ayn Rand,,EN,0.5,spine,,"dviejų tomų komplektas dėtuvėje galinėje eilėje (tamsiai mėlyna ir vyšninė nugarėlės, ant mėlynosios matyti „AYN RAND“ ir žodžio „FOUNT…“ pradžia — greičiausiai „The Fountainhead“); pavadinimai užstoti priekinės eilės"
Žagarinė salonas,43,37,,,,0.3,spine,,"neįskaitoma: juoda knyga (arba dėžutė) su raudona juosta ir brūkšninio kodo lipduku, padėta galinėje eilėje už „Tūkstantmečio pranašysčių“"
Žagarinė salonas,43,38,,,,0.3,spine,,neįskaitoma: sidabriniu plastiku apvyniota knyga galinėje eilėje ties „Kretinga“; užrašų nematyti
Žagarinė salonas,44,1,,Mažoji vyno enciklopedija,LT,0.9,spine,,plona balta nugarėlė
Žagarinė salonas,44,2,,,,0.3,spine,,"neįskaitoma: kreminė knyga, atsukta lapų pjūviu į priekį; teksto nematyti"
Žagarinė salonas,44,4,Андрей Гапов,Выбираем травянистые многолетники с Андреем Гаповым,RU,0.8,spine,,serijos numeris 6
Žagarinė salonas,44,10,,"Sveikos mitybos vadovas. Maistas gydo, maistas kenkia",LT,0.9,spine,,artimiausias K00661 (0.6) Reader's Digest leidinys
Žagarinė salonas,44,12,,Sodo augalų,LT,0.5,spine,,"artimiausias K00667 (0.5) tamsiai žalia nugarėlė; matyti tik pradžia „SODO AUGALŲ“, likusi pavadinimo dalis užstota"
Žagarinė salonas,44,13,Klaas T. Noordhuis,David Austin Roses. Handbook of Roses 2012/13 European Edition,EN,0.8,spine,,"artimiausias K01707 (0.18) labai siaura nugarėlė, smulkus šriftas"
Žagarinė salonas,44,14,Katharina Adams,Buksmedis,LT,0.8,spine,,
Žagarinė salonas,44,15,Anja Flehmig,Sodo tvarkymas,LT,0.9,spine,,artimiausias K00667 (0.5) oranžinė nugarėlė
Žagarinė salonas,44,16,,David Austin. Handbook of Roses 2018/2019 European Edition,EN,0.9,spine,,"artimiausias K01707 (0.18) balta nugarėlė, katalogas"
Žagarinė salonas,44,17,,RHS Members' Handbook 2012,EN,0.9,spine,,
Žagarinė salonas,44,18,Д-р Д. Г. Хессайон,Все об альпинариях и водоеме в саду,RU,0.9,spine,,artimiausias K00664 (0.25) 
Žagarinė salonas,44,19,Jane Courtier,Mažasis sodas,LT,0.9,spine,,artimiausias K01848 (0.4) 
Žagarinė salonas,44,28,,,,0.3,spine,,"neįskaitoma: alyvinė knyga dešiniajame krašte, atsukta be nugarėlės teksto"
Žagarinė salonas,45,1,,,,0.3,spine,,"neįskaitoma: plona juoda knyga prie kairės sienelės, nugarėlė be matomo teksto"
Žagarinė salonas,45,3,,,,0.3,spine,,"neįskaitoma: tamsi ruda nugarėlė, beveik visiškai užstota; matyti tik viena šviesi raidė"
Žagarinė salonas,45,5,Rudolf Jaeger,Grillen wie die Weltmeister. Die besten Rezepte des deutschen Grillsportvereins,DE,0.9,spine,,artimiausias K01802 (0.58) nugarėlėje „Rudolf Jaeger (Hrsg.)“ — sudarytojas
Žagarinė salonas,45,7,,,,0.3,spine,,"neįskaitoma: kreminė nugarėlė su nuotrauka, teksto nesimato"
Žagarinė salonas,45,12,Elžbieta Monkevič,Žaidžiame virtuvėje,LT,0.9,spine,,
Žagarinė salonas,45,14,,prie stalo su Abraomu,LT,0.5,spine,,"artimiausias K01217 (0.33) alyvuogių spalvos nugarėlė, pavadinimas rašytiniu šriftu — paskutinis žodis perskaitytas nepatikimai"
Žagarinė salonas,45,17,,Prieskoniai ir žalumynai,LT,0.8,spine,,"raudona nugarėlė, tos pačios serijos kaip pos 18"
Žagarinė salonas,45,29,Джейми Оливер,Джейми дома. Через кухню – к лучшей жизни!,RU,0.9,spine,,
Žagarinė salonas,45,31,,,,0.3,spine,,"neįskaitoma: knyga su fotografija ant viršelio, stovi giliau už pos 32; nugarėlės nematyti"
Žagarinė salonas,45,34,,,,0.3,spine,,"neįskaitoma: didelio formato knyga su kraštovaizdžio nuotrauka, pasvirusi prie dešinės sienelės, atsukta viršeliu; teksto nematyti"
Žagarinė salonas,45,36,,,,0.3,spine,,"neįskaitoma: baltas plonas leidinys (galbūt žurnalas ar aplankas), gulintis ant pos 35"
Žagarinė salonas,46,3,,,,0.3,spine,,neįskaitoma: stora balta brošiūra be matomo teksto ant nugarėlės
Žagarinė salonas,46,4,,Spanorama Nr. 115,kita,0.6,spine,,"oro linijų žurnalas, „Mayo/May 2006“, ispanų/anglų k."
Žagarinė salonas,46,5,,,,0.3,spine,,neįskaitoma: plona šviesi brošiūra be teksto ant nugarėlės
Žagarinė salonas,46,6,,,,0.3,spine,,neįskaitoma: juodas aplankas / segtuvas be užrašo
Žagarinė salonas,46,7,,,,0.3,spine,,neįskaitoma: raudonas segtuvas su laisvais lapais
Žagarinė salonas,46,12,,Bowling Basics: A Step-by-Step Approach,EN,0.5,spine,,"smulkus tekstas, autorių pavardės neįskaitomos"
Žagarinė salonas,46,16,Darius Ereminas,Žmogaus galimybės skraidyti,LT,0.8,spine,,"mėlyna nugarėlė, vidurinis skyrius"
Žagarinė salonas,46,18,,,,0.3,spine,,"neįskaitoma: plona alyvuogių spalvos knyga, teksto nesimato"
Žagarinė salonas,46,21,,,,0.3,spine,,"neįskaitoma: kreminė knyga žaliu kraštu, teksto neįskaitoma"
Žagarinė salonas,46,22,B. Kasalauskas,,LT,0.4,spine,,matosi tik pavardė „B. KASALAUSKAS“
Žagarinė salonas,46,24,,,EN,0.3,spine,,"neįskaitoma: melsva knyga, nugarėlėje „…Songs for the…“ — likusi dalis neįskaitoma"
Žagarinė salonas,46,25,,,,0.3,spine,,neįskaitoma: juoda knyga be matomo teksto
Žagarinė salonas,46,26,,,,0.3,spine,,neįskaitoma: antra juoda knyga be matomo teksto
Žagarinė salonas,46,27,"Ilja Ilfas, Jevgenijus Petrovas",,LT,0.5,spine,,matosi tik autoriai; pavadinimas neįskaitomas
Žagarinė salonas,46,28,,Ekranas,LT,0.5,spine,,"kino žurnalo rinkinys, nugarėlėje „EKRANAS“ ir metai"
Žagarinė salonas,46,29,Ernesto Che Guevara,,,0.5,spine,,"tamsi nugarėlė, matosi tik autoriaus vardas"
Žagarinė salonas,46,32,,Gyvatės,LT,0.5,spine,,plona knygelė po „Garden Birds“
Žagarinė salonas,46,39,,Rygiškiai 2001-07-21. TV apybraiža „Tremties keliais“,LT,0.6,spine,,"plona balta nugarėlė, stovi dešinėje"
Žagarinė salonas,46,41,L. Kuprijanovičius,Biologiniai ritmai ir miegas,LT,0.6,cover,Zagarine Salonas 46_1.JPG,"geltonas viršelis, serija su „ŽS“ ženklu; autoriaus pavardė neryški"