Senas ID,Senas autorius,Senas pavadinimas,Sena vieta,Patalpa,Lentyna,Pozicija,Perskaityta autorius,Perskaityta pavadinimas,Panašumas,Pasitikėjimas,Šaltinis,Viršelio nuotrauka,Pastaba
K00715,,Žaisdami mokomės: Matai – darai,"Spinta F, 2 lentyna",Žagarinė miegamasis,3,2,,Matai – darai,0.67,0.9,spine,,oranžinė nugarėlė; autoriaus nugarėlėje nenurodyta
K00716,,Smuiko Smaukšto stalo akademija: žinynas,"Spinta F, 2 lentyna",Žagarinė miegamasis,3,5,,Šaukšto Šmaukšto Stalo akademija,0.67,0.9,spine,,raudona nugarėlė; autoriaus nugarėlėje nenurodyta
K00005,,,"Spinta A, 1 lentyna (viršutinė)",Žagarinė miegamasis,7,6,Akira Toriyama,,1,0.6,spine,,"manga; ant nugarėlės etiketė „TORIYAMA AKIRA“ ir žalias leidyklos ženklas, pavadinimas neįskaitomas"
K00700,Lawrence Maisel; Gary Cokins,Predictive Business Analytics,"Spinta F, 1 lentyna",Žagarinė miegamasis,7,9,"Maisel, Cokins",Predictive Business Analytics,1.15,0.9,spine,,ant nugarėlės nurodytos tik autorių pavardės
K00701,Frank Land,The Language of Mathematics,"Spinta F, 1 lentyna",Žagarinė miegamasis,7,13,Frank Land,The Language of Mathematics,1.15,0.9,spine,,
K00702,Martin S. Silberberg,Chemistry: The Molecular Nature of Matter and Change (5th ed.),"Spinta F, 1 lentyna",Žagarinė miegamasis,7,14,Silberberg,Chemistry: The Molecular Nature of Matter and Change,1.08,0.9,spine,,Fifth Edition; ant nugarėlės nurodyta tik autoriaus pavardė
K00703,William D. Callister; David G. Rethwisch,"Materials Science and Engineering (9th ed., SI Version)","Spinta F, 1 lentyna",Žagarinė miegamasis,7,15,"Callister, Jr., Rethwisch",Materials Science and Engineering,0.95,0.9,spine,,"Ninth Edition, SI Version; ant nugarėlės nurodytos tik pavardės"
K00704,,Bėgimas: universalus gidas,"Spinta F, 1 lentyna",Žagarinė miegamasis,7,16,Elizabeth Hufton,Bėgimas. Universalus gidas,1,0.8,spine,,"nugarėlė dviejų spalvų: žalsvas viršus su autore, raudona dalis su pavadinimu"
K00705,,Sutelktinio finansavimo vadovas,"Spinta F, 1 lentyna",Žagarinė miegamasis,7,17,Stanislovaitis,Sutelktinio finansavimo vadovas,1,0.7,spine,,šviesiai mėlyna nugarėlė; matoma tik autoriaus pavardė
K00706,,Lietuvių kalbos žinynas,"Spinta F, 1 lentyna",Žagarinė miegamasis,7,21,,Lietuvių kalbos žinynas,1,0.9,spine,,oranžinė nugarėlė
K00708,Richard P. Feynman,"Surely You're Joking, Mr. Feynman!","Spinta F, 1 lentyna",Žagarinė miegamasis,7,24,Richard P. Feynman,"„Surely You're Joking, Mr. Feynman!“",1.15,0.9,spine,,
K00709,Agatha Christie,Hercule Poirot: The Complete Short Stories,"Spinta F, 1 lentyna",Žagarinė miegamasis,7,26,Agatha Christie,Hercule Poirot: The Complete Short Stories,1.15,0.8,spine,,ant nugarėlės „Over 50 Stories“
K00710,,Grybo sapnas,"Spinta F, 1 lentyna",Žagarinė miegamasis,7,31,Gabija Grušaitė,Grybo sapnas,1,0.9,spine,,"guli horizontaliai antroje eilėje, nugarėlė apversta"
K00712,,Visata,"Spinta F, 2 lentyna",Žagarinė miegamasis,8,3,,Visata,1,0.9,spine,,balta nugarėlė su Saturno piešiniu
K00717,,Iliustruotas enciklopedinis žinynas,"Spinta F, 2 lentyna",Žagarinė miegamasis,8,5,,Iliustruotas enciklopedinis žinynas,1,0.9,spine,,mėlyna nugarėlė
K00714,,Įdomieji bandymai,"Spinta F, 2 lentyna",Žagarinė miegamasis,8,9,"A. Utz, J. Martin",Įdomieji bandymai,1,0.8,spine,,alyvinė nugarėlė
K00852,,Populiariausios pasaulio pasakos lietuviškai ir angliškai,"Spinta G, 10 lentyna",Žagarinė miegamasis,8,10,,Populiariausios pasaulio pasakos lietuviškai ir angliškai,1,0.9,spine,,žalia nugarėlė
K00713,A. Utz; J. Martin,Julija mokosi anglų kalbos,"Spinta F, 2 lentyna",Žagarinė miegamasis,8,11,,Julija mokosi anglų kalbos,1,0.8,spine,,geltona nugarėlė su raudonu tekstu
K00795,Philip Pullman,Jo tamsiosios jėgos: Aštrusis peilis,"Spinta G, 3 lentyna",Žagarinė miegamasis,9,1,Philip Pullman,Jo tamsiosios jėgos,0.82,0.9,spine,,"žalsvai melsvas viršelis; ant viršelio viršaus auksinėmis raidėmis įspaustas dviejų žodžių tomo pavadinimas (greičiausiai „Šiaurės pašvaistė“), bet neryškus ir patikimai neperskaitomas"
K00719,Michael Scott,"The Enchantress (Nicholas Flamel, 6)","Spinta F, 3 lentyna",Žagarinė priepirtis,1,1,Michael Scott,The Enchantress,0.82,0.9,spine,,serija „The Secrets of the Immortal Nicholas Flamel“; sidabrinė nugarėlė
K00720,Nancy Farmer,Skorpiono rūmai,"Spinta F, 3 lentyna",Žagarinė priepirtis,1,3,Nancy Farmer,Skorpiono rūmai,1.15,0.9,spine,,
K00721,Romualdas Drakšas,Žmonija: maištas,"Spinta F, 3 lentyna",Žagarinė priepirtis,1,4,Romualdas Drakšas,Žmonija. Maištas,1.15,0.8,spine,,"nugarėlėje „ŽMONIJA“ stambiai, „MAIŠTAS“ smulkiau"
K00722,Jasper Fforde,The Last Dragonslayer,"Spinta F, 3 lentyna",Žagarinė priepirtis,1,5,Jasper Fforde,The Last Dragonslayer,1.15,0.9,spine,,
K00723,Anne Rice,The Wolf Gift,"Spinta F, 3 lentyna",Žagarinė priepirtis,1,6,Anne Rice,The Wolf Gift,1.15,0.9,spine,,
K00724,Dorothy Hearst,Promise of the Wolves,"Spinta F, 3 lentyna",Žagarinė priepirtis,1,7,Dorothy Hearst,Promise of the Wolves,1.15,0.9,spine,,
K00725,Michael Scott,"The Warlock (Nicholas Flamel, 5)","Spinta F, 3 lentyna",Žagarinė priepirtis,1,8,Michael Scott,The Warlock,0.82,0.9,spine,,serija „The Secrets of the Immortal Nicholas Flamel“; auksinė nugarėlė
K00726,Anne Rice,The Wolves of Midwinter,"Spinta F, 3 lentyna",Žagarinė priepirtis,1,9,Anne Rice,The Wolves of Midwinter,1.15,0.9,spine,,
K00727,Erik L'Homme (Erikas l'Omas),Blogio imperijos išskilimas (Žvaigždžių knyga III),"Spinta F, 3 lentyna",Žagarinė priepirtis,1,12,Erikas L'Omas,Žvaigždžių knyga III,0.82,0.9,spine,,
K00728,Sud. Neil Gaiman,Unnatural Creatures,"Spinta F, 3 lentyna",Žagarinė priepirtis,1,13,Neil Gaiman,Unnatural Creatures,1.15,0.9,spine,,„Stories chosen by Neil Gaiman“ — sudarytojas
K00730,Jay Kristoff,Stormdancer,"Spinta F, 4 lentyna",Žagarinė priepirtis,2,2,Jay Kristoff,Stormdancer,1.15,0.9,spine,,
K00731,Veronica Roth,Divergentė,"Spinta F, 4 lentyna",Žagarinė priepirtis,2,3,Veronica Roth,Divergentė,1.15,0.9,spine,,
K00732,Veronica Roth,Insurgentė,"Spinta F, 4 lentyna",Žagarinė priepirtis,2,4,Veronica Roth,Insurgentė,1.15,0.9,spine,,
K00733,Jonathan Stroud,Ptolemajo vartai (Bartimėjaus trilogija III),"Spinta F, 4 lentyna",Žagarinė priepirtis,2,5,Jonathan Stroud,Ptolemajo vartai,0.72,0.9,spine,,"Bartimėjaus trilogija, III knyga"
K00734,Jonathan Stroud,Golemo akis (Bartimėjaus trilogija II),"Spinta F, 4 lentyna",Žagarinė priepirtis,2,6,Jonathan Stroud,Golemo akis,0.82,0.9,spine,,"Bartimėjaus trilogija, II knyga"
K00735,Karen Marie Moning,Iced,"Spinta F, 4 lentyna",Žagarinė priepirtis,2,13,Karen Marie Moning,Iced,1.15,0.9,spine,,
K00736,Richard A. Knaak; Jae-Hwan Kim,WarCraft: Drakono medžiotojė,"Spinta F, 4 lentyna",Žagarinė priepirtis,2,14,"Richard A. Knaak, Jae-Hwan Kim",Drakono medžioklė. Warcraft,0.82,0.9,spine,,"manga, 1 knyga; guli plokščiai ant stovinčių knygų"
K00738,Anne Bishop,Daughter of the Blood (Black Jewels Trilogy 1),"Spinta F, 5 lentyna",Žagarinė priepirtis,3,1,Anne Bishop,Daughter of the Blood,0.82,0.9,spine,,„Book 1 of the Black Jewels Trilogy“
K00739,Mary Higgins Clark,Where Are You Now?,"Spinta F, 5 lentyna",Žagarinė priepirtis,3,2,Mary Higgins Clark,Where Are You Now?,1.15,0.9,spine,,
K00740,Patricia Wentworth,Pilgrim's Rest,"Spinta F, 5 lentyna",Žagarinė priepirtis,3,3,Patricia Wentworth,Pilgrim's Rest,1.15,0.8,spine,,pavadinimas nugarėlėje smulkiu šriftu
K00741,James Runcie,Sidney Chambers and The Shadow of Death,"Spinta F, 5 lentyna",Žagarinė priepirtis,3,4,James Runcie,Sidney Chambers and The Shadow of Death,1.15,0.9,spine,,serija „The Grantchester Mysteries 1“
K00742,Thomas Mayne Reid,Raitelis be galvos,"Spinta F, 5 lentyna",Žagarinė priepirtis,3,5,Thomas Mayne Reid,Raitelis be galvos,1.15,0.9,spine,,tamsiai mėlyna nugarėlė
K00744,N. A. Kun (N. Kunas),Senovės Graikijos legendos ir mitai,"Spinta F, 5 lentyna",Žagarinė priepirtis,3,7,N. Kunas,Senovės Graikijos legendos ir mitai,1.15,0.9,spine,,
K00010,,,"Spinta A, 1 lentyna (viršutinė)",Žagarinė priepirtis,3,8,Gustavas Švabas,,1,0.5,spine,,"3 tomai; nugarėlėse tik autorius ir tomų numeriai 1, 2, 3, pavadinimo nėra"
K00748,Homeras,Odisėja,"Spinta F, 5 lentyna",Žagarinė priepirtis,3,9,Homeras,Odisėja,1.15,0.6,cover,Zagarine priepirtis 3_1.JPG,"lentynoje stovi žalia knyga pasukta viršeliu, nugarėlės teksto nematyti; sutapatinta su antraštinio lapo nuotrauka (vertė Antanas Dambrauskas)"
K00750,Jules Verne (Žiulis Vernas),Vilhelmo Storico paslaptis,"Spinta F, 5 lentyna",Žagarinė priepirtis,3,11,Žiulis Vernas,Vilhelmo Štorico paslaptis,1.15,0.9,spine,,paskutinė knyga eilėje
K00749,Antanas Baranauskas,Kelionė Peterburkan,"Spinta F, 5 lentyna",Žagarinė priepirtis,3,12,Antanas Baranauskas,Kelionė Petaburkan,0.65,0.9,cover,Zagarine priepirtis 3_2.JPG,kvadratinio formato leidinys; lentynos nuotraukoje neatpažintas
K00751,Jules Verne (Žiulis Vernas),Pietų žvaigždė,"Spinta F, 6 lentyna",Žagarinė priepirtis,4,1,Žiulis Vernas,Pietų žvaigždė,1.15,0.9,spine,,geltona nugarėlė
K00752,Jules Verne (Žiulis Vernas),Klaidžiojantis Bombarnakas,"Spinta F, 6 lentyna",Žagarinė priepirtis,4,2,Žiulis Vernas,Klaudijus Bombarnakas,0.65,0.9,spine,,geltona nugarėlė
K00753,Jules Verne (Žiulis Vernas),Penkios savaitės oro balionu,"Spinta F, 6 lentyna",Žagarinė priepirtis,4,3,Žiulis Vernas,Penkios savaitės oro balionu,1.15,0.9,spine,,geltona nugarėlė
K00754,Mark Twain (Markas Tvenas),Tomo Sojerio nuotykiai; Heklberio Fino nuotykiai,"Spinta F, 6 lentyna",Žagarinė priepirtis,4,4,Markas Tvenas,Tomo Sojerio nuotykiai. Heklberio Fino nuotykiai,1.15,0.9,spine,,du kūriniai vienoje knygoje
K00755,Gustav Schwab,Gražiausios antikos sakmės,"Spinta F, 6 lentyna",Žagarinė priepirtis,4,6,Gustav Schwab,Gražiausios antikos sakmės,1.15,0.9,spine,,
K00756,Simon Beckett,Mirties chemija,"Spinta F, 6 lentyna",Žagarinė priepirtis,4,7,Simon Beckett,Mirties chemija,1.15,0.9,spine,,
K00757,,Ar turi alibi?,"Spinta F, 6 lentyna",Žagarinė priepirtis,4,8,,Ar turi alibi?,1,0.9,spine,,paantraštė „detektyvinės istorijos“; autorius ant nugarėlės nenurodytas
K00758,Stephen King (Silvenas Kingas),Tylos zona,"Spinta F, 6 lentyna",Žagarinė priepirtis,4,10,Stivenas Kingas,Tylos zona,1.15,0.9,spine,,nugarėlė apiplyšusi
K00761,Jude Watson,Star Wars: Džedajaus mokinys II — Tamsusis Vėtrovas,"Spinta F, 7 lentyna",Žagarinė priepirtis,5,5,Jude Watson,Star Wars. Džedajaus mokinys II. Tamsusis varžovas,0.98,0.8,spine,,nugarėlėje numeris 62
K00762,Helen Fielding,Bridget Jones: The Edge of Reason,"Spinta F, 7 lentyna",Žagarinė priepirtis,5,8,Helen Fielding,Bridget Jones: The Edge of Reason,1.15,0.9,spine,,
K00763,Dan Brown,The Da Vinci Code,"Spinta F, 7 lentyna",Žagarinė priepirtis,5,10,Dan Brown,The Da Vinci Code,1.15,0.9,spine,,
K00764,Aaron Allston,Star Wars: Legacy of the Force — Exile,"Spinta F, 7 lentyna",Žagarinė priepirtis,5,11,Aaron Allston,Star Wars. Legacy of the Force: Exile,1.15,0.9,spine,,
K00765,Jane Austen,Pride and Prejudice,"Spinta F, 7 lentyna",Žagarinė priepirtis,5,13,Jane Austen,Pride and Prejudice,1.15,0.8,spine,,tamsi knyga guli pakrypusi už kitų
K00766,Suzanne Collins,Bado žaidynės,"Spinta F, 7 lentyna",Žagarinė priepirtis,5,14,Suzanne Collins,Bado žaidynės,1.15,0.9,spine,,
K00767,Eric Van Lustbader,Robert Ludlum's The Bourne Objective,"Spinta F, 7 lentyna",Žagarinė priepirtis,5,15,Eric Van Lustbader,Robert Ludlum's The Bourne Objective,1.15,0.9,spine,,
K00760,,Pirates of the Caribbean: At World's End — The Book of the Film,"Spinta F, 7 lentyna",Žagarinė priepirtis,5,17,,Pirates of the Caribbean: At World's End. The Book of the Film,1,0.9,cover,Zagarine priepirtis 5_1.JPG,minkštas viršelis; lentynos nuotraukoje neatpažinta
K00771,,GEO (žurnalai),"Spinta F, 8 lentyna (apatinė, žurnalai)",Žagarinė priepirtis,6,3,,GEO,0.67,0.5,spine,,žalia nugarėlė su baltu užrašu GEO
K00773,Patrick Rothfuss,The Wise Man's Fear,"Spinta G, 1 lentyna",Žagarinė priepirtis,7,1,Patrick Rothfuss,The Wise Man's Fear,1.15,0.9,spine,,juodas minkštas viršelis su rudens lapais
K00775,J. R. R. Tolkien,Žiedų valdovas (Antra dalis),"Spinta G, 1 lentyna",Žagarinė priepirtis,7,2,J. R. R. Tolkien,Žiedų valdovas. Pirma dalis,0.9,0.9,spine,,
K00803,J. R. R. Tolkien,Žiedų valdovas (Trečia dalis),"Spinta G, 4 lentyna",Žagarinė priepirtis,7,3,J. R. R. Tolkien,Žiedų valdovas. Antra dalis,0.9,0.9,spine,,
K00776,Alan Baker,Burtininkas,"Spinta G, 1 lentyna",Žagarinė priepirtis,7,5,Alan Baker,Burtininkas,1.15,0.9,spine,,juodas viršelis su auksinėmis raidėmis
K00778,G. P. Taylor,Šešėlių kerėtojas,"Spinta G, 1 lentyna",Žagarinė priepirtis,7,6,G. P. Taylor,Šešėlių kerėtojas,1.15,0.9,spine,,violetinis viršelis su žaibais
K00779,Garth Nix,Sabrielė,"Spinta G, 1 lentyna",Žagarinė priepirtis,7,7,Garth Nix,Sabrielė,1.15,0.9,spine,,ant nugarėlės serijos numeris [5]
K00780,Angie Sage,"Physik (Septimus Heap, Book Three)","Spinta G, 1 lentyna",Žagarinė priepirtis,7,9,Angie Sage,Septimus Heap: Physik,0.9,0.8,spine,,ant nugarėlės tik pavardė SAGE; nurodyta Book Three
K00781,James Patterson,Witch & Wizard,"Spinta G, 1 lentyna",Žagarinė priepirtis,7,10,James Patterson,Witch & Wizard,1.15,0.9,spine,,
K00789,John Grisham,Brokeris,"Spinta G, 2 lentyna",Žagarinė priepirtis,8,12,John Grisham,Brokeris,1.15,0.8,spine,,tamsiai mėlyna nugarėlė; vienas iš nedaugelio įskaitomų užrašų šioje neryškioje nuotraukoje
K00790,Harlan Coben,Nekaltas,"Spinta G, 2 lentyna",Žagarinė priepirtis,8,13,Harlan Coben,Nekaltas,1.15,0.8,spine,,juoda nugarėlė su raudonu autoriaus užrašu
K00792,Dan Brown,Skaitmeninė tvirtovė,"Spinta G, 3 lentyna",Žagarinė priepirtis,9,1,Dan Brown,Skaitmeninė tvirtovė,1.15,0.9,spine,,
K00793,Haruki Murakami,Žmogaus avies Kalėdos,"Spinta G, 3 lentyna",Žagarinė priepirtis,9,2,Haruki Murakami,Žmogaus avies Kalėdos,1.15,0.9,spine,,plona geltonos nugarėlės knyga
K00794,W. Bruce Cameron,Šuns tikslas,"Spinta G, 3 lentyna",Žagarinė priepirtis,9,3,W. Bruce Cameron,Šuns tikslas,1.15,0.9,spine,,"matyti ir balta nugarėlė, ir mėlynas priekinis viršelis — ta pati knyga"
K00796,Philip Pullman,Jo tamsiosios jėgos: Gintarinis žiūronas,"Spinta G, 3 lentyna",Žagarinė priepirtis,9,4,Philip Pullman,Gintarinis žiūronas,0.82,0.9,spine,,ciklas „Jo tamsiosios jėgos“
K00797,,Ugnies karta,"Spinta G, 3 lentyna",Žagarinė priepirtis,9,5,Christopher Paolini,Ugnies karta,1,0.7,spine,,"juoda nugarėlė, dekoratyvus šriftas; paskutinė pavadinimo raidė neaiški (gali būti „Ugnies kartas“)"
K00798,Christopher Paolini,Eragonas,"Spinta G, 3 lentyna",Žagarinė priepirtis,9,6,Christopher Paolini,Eragonas,1.15,0.9,spine,,"mėlyna nugarėlė, nutrintais kampais"
K00799,Christopher Paolini,Inheritance,"Spinta G, 3 lentyna",Žagarinė priepirtis,9,7,Christopher Paolini,Inheritance,1.15,0.9,spine,,žalia nugarėlė
K00801,Lene Kaaberbøl,Gėdytojos ženklas,"Spinta G, 4 lentyna",Žagarinė priepirtis,10,1,Lene Kaaberbøl,Gėdytojos ženklas,1.15,0.7,spine,,"tamsiai ruda nugarėlė; perskaityta iš „Zagarine priepirtis 9.JPG“ apatinės eilės, nes pačios lentynos nuotrauka neryški"
K00802,Dean Lorey,Košmarų akademija: Pabaisų medžiotojai (1),"Spinta G, 4 lentyna",Žagarinė priepirtis,10,2,Dean Lorey,Košmarų akademija. Pabaisų medžiotojai,1.15,0.7,spine,,1 knyga; paantraštė neryški
K00804,J. R. R. Tolkien,Húrino vaikai,"Spinta G, 4 lentyna",Žagarinė priepirtis,10,4,J. R. R. Tolkien,Hurino vaikai,1.15,0.8,spine,,pilka nugarėlė
K00806,Cornelia Funke,Drakono raitelis,"Spinta G, 4 lentyna",Žagarinė priepirtis,10,6,Cornelia Funke,Drakono raitelis,1.15,0.8,spine,,tamsiai mėlyna nugarėlė
K00807,,Tūkstantis ir viena naktis,"Spinta G, 4 lentyna",Žagarinė priepirtis,10,7,,Tūkstantis ir viena naktis,1,0.6,spine,,juoda nugarėlė su žalsvu dekoratyviu šriftu; skaityta neryškioje nuotraukoje
K00808,A. A. Milne (A. A. Milnas),Pūkuotuko pasaulis,"Spinta G, 4 lentyna",Žagarinė priepirtis,10,8,A. A. Milne,Pūkuotuko pasaulis,1.15,0.8,spine,,šviesiai mėlyna nugarėlė; autoriaus inicialai nugarėlės apačioje smulkūs
K00809,Michael Scott,Magas,"Spinta G, 4 lentyna",Žagarinė priepirtis,10,9,Michael Scott,Magas,1.15,0.8,spine,,ciklas „Nemirtingojo Nikolo Flamelio paslaptys“; tamsiai raudona nugarėlė
K00810,Michael Scott,Burtininkas,"Spinta G, 4 lentyna",Žagarinė priepirtis,10,10,Michael Scott,Burtininkas,1.15,0.8,spine,,ciklas „Nemirtingojo Nikolo Flamelio paslaptys“; juoda nugarėlė
K00811,Michael Scott,Alchemikas,"Spinta G, 4 lentyna",Žagarinė priepirtis,10,11,Michael Scott,Alchemikas,1.15,0.8,spine,,ciklas „Nemirtingojo Nikolo Flamelio paslaptys“; žalsvai mėlyna nugarėlė
K00812,Dean Lorey,Košmarų akademija: Monstrų kerštas (2),"Spinta G, 4 lentyna",Žagarinė priepirtis,10,12,Dean Lorey,Košmarų akademija. Monstrų kūrėjas,0.9,0.6,spine,,2 knyga; pavadinimo antras žodis neryškus
K00813,,Jūra,"Spinta G, 5 lentyna",Žagarinė priepirtis,11,1,,Jūra,1,0.7,spine,,"stora tamsiai mėlyna knyga, didelės baltos raidės „JŪRA“, apačioje leidyklos ženklas"
K00817,,Gyvūnų jaunikliai,"Spinta G, 5 lentyna",Žagarinė priepirtis,11,12,,Jaunikliai,0.67,0.4,spine,,"juoda nugarėlė; antroje eilutėje aiškiai skaitoma „JAUNIKLIAI“, pirmas pavadinimo žodis neįskaitomas"
K00822,,Marius Pietaris ir juodasis bokštas (2),"Spinta G, 7 lentyna",Žagarinė priepirtis,13,1,,Marius Pietaris ir juodasis bokštas,1,0.9,spine,,2 knyga; ant nugarėlės monograma „MP“; autorius ant nugarėlės nenurodytas; atrodo kaip antras tos pačios knygos egzempliorius (plg. pos 9)
K00823,Peter S. Beagle,Burtininko mirtis,"Spinta G, 7 lentyna",Žagarinė priepirtis,13,2,Peter S. Beagle,Burtininko mirtis,1.15,0.9,spine,,
K00824,Andrzej Sapkowski,Raganius,"Spinta G, 7 lentyna",Žagarinė priepirtis,13,3,Andrzej Sapkowski,Raganius,1.15,0.9,spine,,
K00825,Philip Reeve,Grobuonies auksas,"Spinta G, 7 lentyna",Žagarinė priepirtis,13,4,Philip Reeve,Grobuonies auksas,1.15,0.9,spine,,
K00826,Eoin Colfer,Artemidas Faulas,"Spinta G, 7 lentyna",Žagarinė priepirtis,13,5,Eoin Colfer,Artemidas Faulas,1.15,0.9,spine,,mėlynas viršelis
K00827,Eoin Colfer,Artemidas Faulas: Įvykis Arktyje,"Spinta G, 7 lentyna",Žagarinė priepirtis,13,6,Eoin Colfer,Artemidas Faulas. Įvykis Arktyje,1.15,0.9,spine,,šviesiai mėlynas viršelis
K00828,Eoin Colfer,Artemidas Faulas: Amžinybės kodas,"Spinta G, 7 lentyna",Žagarinė priepirtis,13,7,Eoin Colfer,Artemidas Faulas. Amžinybės kodas,1.15,0.9,spine,,tamsiai raudonas viršelis
K00829,,Marius Pietaris ir burtų knyga (1),"Spinta G, 7 lentyna",Žagarinė priepirtis,13,8,,Marius Pietaris ir burtų knyga,1,0.9,spine,,1 knyga; ant nugarėlės monograma „MP“; autorius ant nugarėlės nenurodytas
K00830,,Mano pirmoji gamtos enciklopedija (5–8 metai),"Spinta G, 7 lentyna",Žagarinė priepirtis,13,11,,Mano pirmoji gamtos enciklopedija,0.89,0.9,spine,,ant nugarėlės „5–8 metai“
K00831,,Gražiausios lietuvių pasakos (II),"Spinta G, 7 lentyna",Žagarinė priepirtis,13,12,,Gražiausios lietuvių pasakos,1,0.9,spine,,II dalis; žalia nugarėlė
K00832,,Fleitos pradžiamokslis,"Spinta G, 8 lentyna",Žagarinė priepirtis,14,1,,Fleitos pradžiamokslis,1,0.9,spine,,guli plokščiai lentynos apačioje; autoriaus nugarėlėje nėra
K00834,Cornelia Funke,Vaiduoklių medžiotojams gresia pavojus,"Spinta G, 8 lentyna",Žagarinė priepirtis,14,6,Funke,Vaiduoklių medžiotojams gresia pavojus,1.15,0.9,spine,,
K00835,Cornelia Funke,Vaiduoklių medžiotojai kraupioje bailyje,"Spinta G, 8 lentyna",Žagarinė priepirtis,14,7,Funke,Vaiduoklių medžiotojai kraupioje pilyje,0.9,0.9,spine,,
K00838,J. K. Rowling,Haris Poteris ir Netikras Princas,"Spinta G, 9 lentyna",Žagarinė priepirtis,15,1,J. K. Rowling,Haris Poteris ir Netikras Princas,1.15,0.9,spine,,tamsiai žalias viršelis; ant nugarėlės tik pavardė ROWLING
K00840,J. K. Rowling,Harry Potter and the Half-Blood Prince,"Spinta G, 9 lentyna",Žagarinė priepirtis,15,2,J. K. Rowling,Harry Potter and the Deathly Hallows,0.77,0.9,spine,,"juodas viršelis, labai apdraskytas, nugarėlė suirusi"
K00841,J. K. Rowling,Haris Poteris ir Mirties relikvijos,"Spinta G, 9 lentyna",Žagarinė priepirtis,15,4,J. K. Rowling,Haris Poteris ir Mirties relikvijos,1.15,0.9,spine,,
K00842,J. K. Rowling,Haris Poteris ir Azkabano kalinys,"Spinta G, 9 lentyna",Žagarinė priepirtis,15,5,J. K. Rowling,Haris Poteris ir Azkabano kalinys,1.15,0.9,spine,,
K00843,J. K. Rowling,Haris Poteris ir Ugnies taurė,"Spinta G, 9 lentyna",Žagarinė priepirtis,15,6,J. K. Rowling,Haris Poteris ir Ugnies taurė,1.15,0.9,spine,,aplankas suplyšęs
K00844,J. K. Rowling,Haris Poteris ir Fenikso brolija,"Spinta G, 9 lentyna",Žagarinė priepirtis,15,7,J. K. Rowling,Haris Poteris ir Fenikso brolija,1.15,0.9,spine,,aplankas suplyšęs
K00845,Vytautė Žilinskaitė,Ledinė fėjaitė,"Spinta G, 10 lentyna",Žagarinė priepirtis,16,2,Vytautė Žilinskaitė,Ledinė fėja,0.65,0.9,spine,,"tamsi nugarėlė, viršus apiplyšęs"
K01065,,Gražiausios Anderseno pasakos,"Spinta I, 4 lentyna",Žagarinė priepirtis,16,3,,Gražiausios Anderseno pasakos,1,0.9,spine,,ant nugarėlės „III“ — trečia dalis
K00848,Broliai Grimai,Brolių Grimų pasakos,"Spinta G, 10 lentyna",Žagarinė priepirtis,16,5,,Brolių Grimų pasakos,1,0.9,spine,,oranžinė nugarėlė
K00849,Oskaras Milašius,Lietuviškos pasakos,"Spinta G, 10 lentyna",Žagarinė priepirtis,16,6,Oskaras Milašius,Lietuviškos pasakos,1.15,0.9,spine,,
K00850,Antanas Vaičiulaitis,Pasakos,"Spinta G, 10 lentyna",Žagarinė priepirtis,16,7,Antanas Vaičiulaitis,Pasakos,1.15,0.9,spine,,
K00851,Lewis Carroll,Alisa stebuklų šalyje,"Spinta G, 10 lentyna",Žagarinė priepirtis,16,10,,Alisa stebuklų šalyje,1,0.9,spine,,šviesiai mėlyna nugarėlė; autorius ant nugarėlės nenurodytas
K00538,Albertas Vijūkas-Kojelavičius,Lietuvos istorija,"Spinta D, 3 lentyna",Žagarinė priepirtis,16,11,,Lietuvos istorija,1,0.9,spine,,koralinė nugarėlė; autorius ant nugarėlės nenurodytas
K00853,K. Marukas,Sunku būti geram,"Spinta G, 10 lentyna",Žagarinė priepirtis,16,12,K. Marukas,Sunku būti geram,1.15,0.9,spine,,
K00016,,,"Spinta A, 1 lentyna (viršutinė)",Žagarinė priepirtis,16,14,Vincas Krėvė,,1,0.5,spine,,"kreminė nugarėlė; matyti tik autoriaus vardas, pavadinimo ant nugarėlės nesimato"
K00855,Levas Davydyčevas,Antraklasio ir antramečio nuotykiai,"Spinta G, 10 lentyna",Žagarinė priepirtis,16,15,Levas Davydyčevas,Antraklasio ir antramečio nuotykiai,1.15,0.9,spine,,
K00856,Kęstutis Kasparavičius,Kvailios istorijos,"Spinta G, 10 lentyna",Žagarinė priepirtis,16,16,Kęstutis Kasparavičius,Kvailos istorijos,0.65,0.9,spine,,
K00857,Mikalojus Katkus,Balanos gadynė,"Spinta G, 10 lentyna",Žagarinė priepirtis,16,18,Mikalojus Katkus,Balanos gadynė,1.15,0.9,spine,,"geltona nugarėlė, viršus apiplyšęs"
K00858,,"Lietuvių pasakos apie žvėris, gyvulius ir paukščius","Spinta G, 10 lentyna",Žagarinė priepirtis,16,21,,"Lietuvių pasakos apie žvėris, gyvulius ir paukščius",1,0.9,spine,,balta nugarėlė su akvarelinėmis iliustracijomis
K00057,,,"Spinta A, 2 lentyna",Žagarinė priepirtis,17,1,King-Smith,,1,0.4,spine,,"knyga padėta aukštyn kojomis ir pakrypusi; matyti tik autoriaus pavardė „KING-SMITH“ ir leidyklos ženklas, pavadinimo neįskaityti"
K01704,Selemonas Paltanavičius,Lietuvos gyvūnai (?),"Medinė lentyna, 2 lentyna (dailės albumai)",Žagarinė priepirtis,17,4,,Gyvūnai,0.67,0.6,spine,,"tamsiai mėlyna nugarėlė, knyga aukštyn kojomis; greičiausiai tos pačios serijos kaip gretima „Edvardas Didysis ir Tedis Mažasis“"
K00861,,Kaukų magija,"Spinta G, 11 lentyna",Žagarinė priepirtis,17,6,,Kaukų magija,1,0.9,spine,,"violetinė nugarėlė, knyga aukštyn kojomis"
K00860,Michael Bond,"Meškiukas, vardu Padingtonas","Spinta G, 11 lentyna",Žagarinė priepirtis,17,7,Michael Bond,"Meškiukas, vardu Padingtonas",1.15,0.9,spine,,nugarėlėje tik pavardė „BOND“; knyga aukštyn kojomis
K00862,Leo Lionni,Swimmy,"Spinta G, 11 lentyna",Žagarinė priepirtis,17,9,Leo Lionni,Swimmy,1.15,0.9,spine,,
K00058,,,"Spinta A, 2 lentyna",Žagarinė priepirtis,17,10,Serge Brussolo,,1,0.6,spine,,"juoda nugarėlė; matyti tik pavardė „Brussolo“ ir leidyklos ženklas, pavadinimo neįskaityti"
K00864,Pamela L. Travers,Merė Popins: Vyšnių gatvelėje ir kaimyniniai namai,"Spinta G, 11 lentyna",Žagarinė priepirtis,17,12,Pamela Travers,Merė Popins,0.65,0.4,spine,,"mažesnė raudona knygelė su rausva juosta, įstatyta prie didžiojo tomo; pavadinimas įskaitomas tik iš dalies"
K00865,Cornelia Funke,Šiurpiomis vaiduoklių pėdomis,"Spinta G, 11 lentyna",Žagarinė priepirtis,17,14,Cornelia Funke,Šiurpiomis vaiduoklių pėdomis,1.15,0.9,spine,,nugarėlėje tik pavardė „Funke“
K00866,Otfried Preußler,Herbė ir jo draugas Cvotelis,"Spinta G, 11 lentyna",Žagarinė priepirtis,17,15,Otfried Preußler,Herbė ir jo draugas Cvotelis,1.15,0.9,spine,,nugarėlėje tik pavardė „Preußler“
K00867,,5640 patarlių ir priežodžių,"Spinta G, 11 lentyna",Žagarinė priepirtis,17,16,,5640 patarlių ir priežodžių,1,0.9,spine,,
K00868,,Lietuvių liaudies anekdotai,"Spinta G, 11 lentyna",Žagarinė priepirtis,17,17,,Lietuvių liaudies anekdotai,1,0.9,spine,,
K00869,,Barono Miunhauzeno nuotykiai,"Spinta G, 11 lentyna",Žagarinė priepirtis,17,19,,Barono Miunhauzeno nuotykiai,1,0.9,spine,,tamsiai ruda nugarėlė su oranžinėmis raidėmis
K00870,Astrid Lindgren,Rasmusas klajūnas,"Spinta G, 11 lentyna",Žagarinė priepirtis,17,21,Astrid Lindgren,Rasmusas Klajūnas,1.15,0.9,spine,,
K00871,,Trys dovanos,"Spinta G, 11 lentyna",Žagarinė priepirtis,17,22,,Trys dovanos,1,0.9,spine,,alyvuogių spalvos drobinis viršelis
K00872,,Stebuklingas ragas,"Spinta G, 11 lentyna",Žagarinė priepirtis,17,23,,Stebuklingas ragas,1,0.9,spine,,"raudonas drobinis viršelis, apačioje leidyklos ženklas"
K00873,,Aukso paukštė,"Spinta G, 11 lentyna",Žagarinė priepirtis,17,26,,Aukso paukštė,1,0.9,spine,,"tamsiai vyšninis viršelis, baltos raidės, viršuje ornamentas"
K00875,,Heraklis,"Spinta G, 12 lentyna",Žagarinė priepirtis,18,2,,Heraklis,1,0.8,spine,,šviesiai žalsva nugarėlė
K00876,,Rinktinės pasakos vaikams (1),"Spinta G, 12 lentyna",Žagarinė priepirtis,18,3,,Rinktinės pasakos vaikams,1,0.9,spine,,1 tomas; rausva nugarėlė
K00877,,Rinktinės pasakos vaikams (2),"Spinta G, 12 lentyna",Žagarinė priepirtis,18,4,,Rinktinės pasakos vaikams,1,0.9,spine,,2 tomas; rožinė nugarėlė
K00878,,Ankstyvojo ugdymo vadovas: vaikas iki trejų metų,"Spinta G, 12 lentyna",Žagarinė priepirtis,18,7,,Ankstyvojo ugdymo vadovas. Vaikas iki trejų metų,1,0.8,spine,,pirmas iš dviejų vienodų egzempliorių; autorių eilutė nugarėlėje neįskaitoma
K00061,,,"Spinta A, 2 lentyna",Žagarinė priepirtis,18,8,G. Chapman,,1,0.3,spine,,violetinė nugarėlė su žvaigždės iliustracija; įskaitoma tik autorių eilutė „G. Chapman ir …“
K00879,,Meškučių pasakelės prieš miegą,"Spinta G, 12 lentyna",Žagarinė priepirtis,18,14,,Meškiukų pasakėlės prieš miegą,0.75,0.9,spine,,kreminė nugarėlė
K00880,,Mažųjų skaitiniai,"Spinta G, 12 lentyna",Žagarinė priepirtis,18,20,,Mažųjų skaitiniai,1,0.9,spine,,didelio formato pilkšva nugarėlė
K00881,,Burtininkystė: Merlino paslapčių knyga,"Spinta G, 12 lentyna",Žagarinė priepirtis,18,21,,Burtininkystė. Merlino paslapčių knyga,1,0.9,spine,,tamsiai mėlyna nugarėlė
K00882,,Enciklopedija vaikams: apie Lietuvą,"Spinta G, 12 lentyna",Žagarinė priepirtis,18,22,,Enciklopedija vaikams apie Lietuvą,1,0.9,spine,,rusvai oranžinė nugarėlė
K00883,David Burnie,Dinozaurų enciklopedija,"Spinta G, 12 lentyna",Žagarinė priepirtis,18,23,David Burnie,Iliustruota dinozaurų enciklopedija,0.95,0.9,spine,,tamsiai mėlyna nugarėlė
K00885,Rosemary Wells; Susan Jeffers,Lesė grįžta,"Spinta G, 12 lentyna",Žagarinė priepirtis,18,26,"Wells, Jeffers",Lesė grįžta,1.15,0.9,spine,,pirmas iš dviejų vienodų egzempliorių; nugarėlėje „Wells · Jeffers“
K00884,Ezopas,Ezopo pasakėčios,"Spinta G, 12 lentyna",Žagarinė priepirtis,18,27,,Ezopo pasakėčios,1,0.9,spine,,serija „Mūsų knyga“
K01632,Artūras Dovydėnas,Pramoginiai laivai,"Spinta D (balta), spintelė (sportas, teisė)",Žagarinė salonas,1,1,Artūras Dovydėnas,Pramoginiai laivai,1.15,0.9,spine,,tamsiai mėlynas kietas viršelis
K01633,,Школа альпинизма,"Spinta D (balta), spintelė (sportas, teisė)",Žagarinė salonas,1,2,,Школа альпинизма,1,0.6,spine,,"rudas odinis viršelis, tekstas nugarėlėje apverstas; autoriaus nesimato"
K01634,,Человек открывает Землю,"Spinta D (balta), spintelė (sportas, teisė)",Žagarinė salonas,1,3,,Человек открывает Землю,1,0.9,spine,,"balta nugarėlė, apačioje juodas leidyklos ženklas; autorius nenurodytas nugarėlėje"
K01635,,Žygis per Atlantą / Across the Atlantic,"Spinta D (balta), spintelė (sportas, teisė)",Žagarinė salonas,1,4,,Žygis per Atlantą / Across the Atlantic,1,0.9,spine,,"kreminis viršelis, dvikalbis pavadinimas (LT ir EN); autoriaus nugarėlėje nematyti"
K01636,Keir Radnedge,Olympic World Records 2012,"Spinta D (balta), spintelė (sportas, teisė)",Žagarinė salonas,1,5,Keir Radnedge,Olympic and World Records 2012,1.04,0.9,spine,,oranžinė nugarėlė su olimpiniu ženklu
K01638,,Судебные речи известных русских юристов,"Spinta D (balta), spintelė (sportas, teisė)",Žagarinė salonas,1,7,,Судебные речи известных русских юристов,1,0.9,spine,,"storas tamsiai žalias perrištas tomas, pavadinimas ant priklijuotos popierinės etiketės"
K01639,,Rinktinės advokatų kalbos teisme,"Spinta D (balta), spintelė (sportas, teisė)",Žagarinė salonas,1,8,,Rinktinės advokatų kalbos teisme,1,0.9,spine,,bordinis kietas viršelis
K00065,,,"Spinta A, 3 lentyna",Žagarinė salonas,2,1,Карл Поппер,,1,0.6,spine,,juoda nugarėlė; matomas tik autorius ir tomo numeris „I“ (dviejų tomų komplektas su pos 2)
K00103,,,"Spinta A, 4 lentyna",Žagarinė salonas,2,2,Карл Поппер,,1,0.6,spine,,"juoda nugarėlė; tomas „II“, pavadinimo nugarėlėje nėra"
K00993,Friedrich Nietzsche (Фридрих Ницше),Сочинения (том 2),"Spinta H, 10 lentyna",Žagarinė salonas,2,3,Джон Локк,Сочинения. Том 1,1,0.9,spine,,"žalias odinis viršelis, serijos „Философское наследие“ ženklas; nugarėlėje „ЛОКК“"
K01000,Gottfried Wilhelm Leibniz (Лейбниц),Сочинения (том 4),"Spinta H, 10 lentyna",Žagarinė salonas,2,4,Джон Локк,Сочинения. Том 2,1,0.9,spine,,serija „Философское наследие“
K01015,José Ortega y Gasset (Х. Ортега-и-Гассет),Сочинения (том 1),"Spinta H, 12 lentyna",Žagarinė salonas,2,5,Джон Локк,Сочинения. Том 3,1,0.9,spine,,serija „Философское наследие“
K01646,F. W. J. Schelling (Шеллинг),Сочинения (2 tomas),"Spinta D (balta), filosofijos lentyna (viršutinė)",Žagarinė salonas,2,6,Фридрих Шеллинг,Сочинения. Том 2,0.65,0.9,spine,,"rudas viršelis, nugarėlėje „ШЕЛЛИНГ“, serija „Философское наследие“"
K01647,Alfonsas Maldonis,Rytas vakaras,"Spinta D (balta), filosofijos lentyna (viršutinė)",Žagarinė salonas,2,7,Alfonsas Maldonis,Rytas vakaras,1.15,0.9,spine,,nugarėlėje „A. MALDONIS • RYTAS VAKARAS“
K01648,Eduardas Selelionis,Sąžinė,"Spinta D (balta), filosofijos lentyna (viršutinė)",Žagarinė salonas,2,8,E. Selelionis,Sąžinė,1.15,0.9,spine,,kreminė drobinė nugarėlė
K00124,,,"Spinta A, 4 lentyna",Žagarinė salonas,2,9,S. Daukantas,,1,0.3,spine,,"žalia drobinė nugarėlė; matomas tik autorius, pavadinimo nėra"
K01649,,"Kur eini, žmogau","Spinta D (balta), filosofijos lentyna (viršutinė)",Žagarinė salonas,2,11,,"Kur eini, žmogau",1,0.9,spine,,juoda nugarėlė; autoriaus nugarėlėje nematyti
K01650,O. Šneidereitas (Otto Schneidereit),Prūsai,"Spinta D (balta), filosofijos lentyna (viršutinė)",Žagarinė salonas,2,12,O. Šneideraitis,Prūsai,1,0.9,spine,,raudonas odinis viršelis
K01651,Konstantinas Avižonis,Rinktiniai raštai (IV tomas),"Spinta D (balta), filosofijos lentyna (viršutinė)",Žagarinė salonas,2,13,K. Avižonis,Rinktiniai raštai IV,0.95,0.9,spine,,pilkas kartoninis aplankas (dėklas)
K01653,Piotras Kropotkinas (П. А. Кропоткин),Этика,"Spinta D (balta), filosofijos lentyna (apatinė)",Žagarinė salonas,3,1,П. А. Кропоткин,Этика,1.15,0.9,spine,,juodas įrišimas su auksinėmis juostelėmis
K01655,Kazimieras Narbutas (K. Narbutas),Raštai,"Spinta D (balta), filosofijos lentyna (apatinė)",Žagarinė salonas,3,3,K. Narbutas,Raštai,1.15,0.9,spine,,pilka nugarėlė su auksiniu užrašu
K00141,,,"Spinta A, 5 lentyna",Žagarinė salonas,3,5,Э. Дюркгейм,,1,0.6,spine,,"melsvai pilka nugarėlė, tik autoriaus pavardė ir serijos ženklas „СН“ (Социологическое наследие)"
K01658,Algirdas Julius Greimas,Semiotika,"Spinta D (balta), filosofijos lentyna (apatinė)",Žagarinė salonas,3,6,Algirdas Julius Greimas,Semiotika,1.15,0.9,spine,,žalsvai žydra nugarėlė
K00153,,,"Spinta A, 6 lentyna",Žagarinė salonas,3,7,Карл Густав Юнг,,1,0.6,spine,,"bordinis odinis įrišimas, ant nugarėlės tik autoriaus vardas auksu"
K00171,,,"Spinta A, 7 lentyna",Žagarinė salonas,3,8,Ибн Сина,,1,0.6,spine,,"rusvas įrišimas su ornamentiniu raštu, ant skydelio tik autoriaus vardas"
K01661,Viktoras Franklis (В. Франкл),Человек в поисках смысла,"Spinta D (balta), filosofijos lentyna (apatinė)",Žagarinė salonas,3,9,В. Франкл,Человек в поисках смысла,1.15,0.9,spine,,
K01662,,Западноевропейская философия XVII века,"Spinta D (balta), filosofijos lentyna (apatinė)",Žagarinė salonas,3,10,,Западноевропейская философия XVII века,1,0.9,spine,,pilkai melsva nugarėlė
K01663,J. V. Vinciūnas,Raštai,"Spinta D (balta), filosofijos lentyna (apatinė)",Žagarinė salonas,3,11,J. V. Vinciūnas,Raštai,1.15,0.9,spine,,juodas įrišimas su auksiniu užrašu
K01664,,Утопия и утопическое мышление,"Spinta D (balta), filosofijos lentyna (apatinė)",Žagarinė salonas,3,12,,Утопия и утопическое мышление,1,0.9,spine,,rudas įrišimas
K01665,Thomas Hobbes,Leviathan,"Spinta D (balta), filosofijos lentyna (apatinė)",Žagarinė salonas,3,13,Thomas Hobbes,Leviathan,1.15,0.9,spine,,"sena mėlyna drobinė nugarėlė, nutrinta"
K01666,Juozas Nekrošius,Tas akmenų švelnumas,"Spinta D (balta), filosofijos lentyna (apatinė)",Žagarinė salonas,3,14,Juozas Nekrošius,Tas akmenų švelnumas,1.15,0.9,spine,,gelsva nugarėlė
K01667,Robertas Keturakis,Saulabroliai,"Spinta D (balta), filosofijos lentyna (apatinė)",Žagarinė salonas,3,15,Robertas Keturakis,Saulabroliai,1.15,0.6,spine,,ant nugarėlės užrašas išskirtas tarpu: „SAULAB ROLIAI“
K01668,Petras Vaičiūnas,Pernykštis sniegas,"Spinta D (balta), filosofijos lentyna (apatinė)",Žagarinė salonas,3,16,,Pernykštis sniegas,1,0.9,spine,,"rusvai rožinė drobinė nugarėlė, rašytinis šriftas; autoriaus ant nugarėlės nėra"
K00186,,,"Spinta A, 8 lentyna (apatinė)",Žagarinė salonas,3,17,Petras Vaičiūnas,,1,0.6,spine,,"plona kreminė knyga su žaliu rėmeliu; ant nugarėlės tik autoriaus vardas, paskutinė lentynoje dešinėje"
K00613,Alma Čepienė,Moterų vergas,"Spinta D, 7 lentyna",Žagarinė salonas,5,1,Alma Čepienė,Moterų vergas,1.15,0.9,spine,,"raudona nugarėlė, apačioje Tyto alba ženklas"
K00614,Alma Čepienė,"Taip, madam... Ne, madam","Spinta D, 7 lentyna",Žagarinė salonas,5,2,Alma Čepienė,"Taip, madam... Ne, madam",1.15,0.9,spine,,"tamsiai mėlyna nugarėlė, rožinis šriftas"
K00615,,Apie muzikos būtį,"Spinta D, 7 lentyna",Žagarinė salonas,5,3,Donatas Katkus,Apie muzikos būtį,1,0.9,spine,,"juoda nugarėlė, balti dideli rašmenys"
K00187,,,"Spinta A, 8 lentyna (apatinė)",Žagarinė salonas,5,4,Donatas Katkus,,1,0.3,spine,,"antroje eilėje už juodos Katkaus knygos; balta knyga, matyti tik viršelio užrašas „Donatas K...“, pavadinimas uždengtas"
K00618,Vladas Rožėnas,"Viskas gerai, aš dar jaunas","Spinta D, 7 lentyna",Žagarinė salonas,5,5,Vladas Rožėnas,"Viskas gerai, aš dar jaunas",1.15,0.8,spine,,plona balta nugarėlė; autoriaus pavardė matoma nugarėlės apačioje
K00619,Algimantas Čekuolis,Staigmenos ir kiti žinomi dalykai,"Spinta D, 7 lentyna",Žagarinė salonas,5,6,Algimantas Čekuolis,Staigmenos ir kiti žinomi dalykai,1.15,0.9,spine,,
K00620,Juozas Erlickas,Aš moku augti,"Spinta D, 7 lentyna",Žagarinė salonas,5,7,Juozas Erlickas,Aš moku augti,1.15,0.9,spine,,
K00621,,History of Lithuania,"Spinta D, 7 lentyna",Žagarinė salonas,5,8,Juozas Erlickas,History of Lithuania,1,0.9,spine,,"žalias ąžuolo lapų viršelis su autoriaus portretu; pavadinimas ant knygos angliškas, knyga lietuviška"
K00623,Juozas Erlickas (?),Kitas pasaulis,"Spinta D, 7 lentyna",Žagarinė salonas,5,10,RoRa,kitas pasaulis,1,0.8,spine,,ant nugarėlės autorius nurodytas kaip „RoRa“; ant viršelio autoriaus vardas per smulkus perskaityti
K00302,Šv. ses. M. Faustina Kovalska,Dienoraštis,"Spinta B, 5 lentyna",Žagarinė salonas,5,18,Antanas Miškinis,Dienoraštis,1,0.9,cover,Zagarine Salonas 5_8.JPG,drobinis viršelis su mėlynais ornamentais
K00617,,Varpai 2010,"Spinta D, 7 lentyna",Žagarinė salonas,5,22,,Varpai,0.67,0.9,cover,Zagarine Salonas 5_12.JPG,"almanachas, 2010 (25), ISSN 1392-0669"
K00635,Leonardo Benevolo,Die Geschichte der Stadt,"Spinta D, 9 lentyna (apatinė)",Žagarinė salonas,7,1,Leonardo Benevolo,Die Geschichte der Stadt,1.15,0.9,spine,,"stora knyga, suplyšęs viršelis"
K00636,,"Malarstwo polskie: Manieryzm, Barok","Spinta D, 9 lentyna (apatinė)",Žagarinė salonas,7,2,,"Malarstwo polskie. Manieryzm, barok",1,0.9,spine,,
K00637,Alfonsas Maldonis,50 eilėraščių,"Spinta D, 9 lentyna (apatinė)",Žagarinė salonas,7,4,Alfonsas Maldonis,50 eilėraščių,1.15,0.9,spine,,serija „50 eilėraščių“
K00638,Silvija Laurenčikaitė,Mano laiko spalvos,"Spinta D, 9 lentyna (apatinė)",Žagarinė salonas,7,7,Silvija Laurenčikaitė,Mano laiko spalvos,1.15,0.9,spine,,
K00639,,Vyrai išplaukia į jūrą,"Spinta D, 9 lentyna (apatinė)",Žagarinė salonas,7,8,,Vyrai išplaukia į jūrą,1,0.9,spine,,"mėlyna drobė, kaligrafinis šriftas; autorius ant nugarėlės nenurodytas"
K00640,Aleksandras Guobys,Ugnies dainos (?),"Spinta D, 9 lentyna (apatinė)",Žagarinė salonas,7,9,Aleksandras Guobys,Mėnesio dainos,0.65,0.9,spine,,tamsiai mėlyna drobė
K00482,,Iš lietuvių kultūros istorijos,"Spinta D, 1 lentyna (viršutinė)",Žagarinė salonas,8,1,,Iš lietuvių kultūros istorijos,1,0.8,spine,,ruda drobė; nugarėlės apačioje romėniškas „II“ — antras tomas
K00483,,Tautinis mentalitetas,"Spinta D, 1 lentyna (viršutinė)",Žagarinė salonas,8,2,,Tautinis mentalitetas,1,0.85,spine,,žalia nugarėlė; autorius nematomas
K00484,,Lietuviai IX–XII amžiais,"Spinta D, 1 lentyna (viršutinė)",Žagarinė salonas,8,4,,Lietuviai IX–XII amžiais,1,0.85,spine,,smėlio spalvos nugarėlė su ornamentiniais rėmeliais; autorius nematomas
K00485,Aldonas Pupkis,Kalbos kultūros pagrindai,"Spinta D, 1 lentyna (viršutinė)",Žagarinė salonas,8,6,A. Pupkis,Kalbos kultūros pagrindai,1.15,0.9,spine,,oranžinė nugarėlė
K00486,,Baltų mitologijos ir ritualo tyrimai,"Spinta D, 1 lentyna (viršutinė)",Žagarinė salonas,8,7,,Baltų mitologijos ir ritualo tyrimai,1,0.85,spine,,marmurinio rašto viršelis; sudarytojas nenurodytas nugarėlėje
K00199,,,"Spinta A, 8 lentyna (apatinė)",Žagarinė salonas,8,8,P. Ruigys,,1,0.6,spine,,serija „Lituanistinė biblioteka“; nugarėlėje tik serijos pavadinimas ir autorius
K00248,,,"Spinta B, 2 lentyna",Žagarinė salonas,8,11,Mykolas Lietuvis,,1,0.6,spine,,serija „Lituanistinė biblioteka“; nugarėlėje tik serijos pavadinimas ir autorius
K01500,Leonas Karsavinas,Europos kultūros istorija (2 tomas),"Spinta J, 18 lentyna (kultūros istorija)",Žagarinė salonas,8,12,Leonas Karsavinas,Europos kultūros istorija,1.01,0.85,spine,,nugarėlėje tomo numeris „5“
K00311,,,"Spinta B, 5 lentyna",Žagarinė salonas,8,13,Marcelinas Ročka,,1,0.6,spine,,"balta nugarėlė, matomas tik autoriaus vardas; apačioje leidyklos „M“ ženklas"
K00493,,Lietuvių šeimos papročiai,"Spinta D, 1 lentyna (viršutinė)",Žagarinė salonas,8,15,,Lietuvių šeimos papročiai,1,0.8,spine,,šviesiai oranžinė nugarėlė; autorius nematomas
K00494,Paulius Galaunė,Lietuvių liaudies menas,"Spinta D, 1 lentyna (viršutinė)",Žagarinė salonas,8,16,Paulius Galaunė,Lietuvių liaudies menas,1.15,0.9,spine,,"tamsiai ruda oda, auksinės raidės"
K00495,Paparonis,Pasakų atošvaistos,"Spinta D, 1 lentyna (viršutinė)",Žagarinė salonas,8,17,Paparonis,Pasakų atošvaistos,1.15,0.85,spine,,
K00509,Antonio Tabucchi,Dreams of Dreams,"Spinta D, 1 lentyna (viršutinė)",Žagarinė salonas,8,20,Tabucchi,Dreams of Dreams,1.15,0.85,spine,,nugarėlėje tik pavardė „TABUCCHI“
K00510,Peter Kummer,Nieko nėra neįmanoma,"Spinta D, 1 lentyna (viršutinė)",Žagarinė salonas,8,21,Peter Kummer,Nieko nėra neįmanoma,1.15,0.9,spine,,
K01342,,Portretai: Salvadoras Dali ir Gala,"Spinta J, 3 niša (menininkų biografijos)",Žagarinė salonas,8,22,,Salvadoras Dali ir Gala,0.86,0.8,spine,,serija „Portretai“; autorius nugarėlėje nematomas
K00497,Algimantas Čekuolis,Šešios progos numirti,"Spinta D, 1 lentyna (viršutinė)",Žagarinė salonas,8,23,Algimantas Čekuolis,Šešios progos numirti,1.15,0.9,spine,,
K00498,,Apie monsinjorą Kazimierą Vasiliauską,"Spinta D, 1 lentyna (viršutinė)",Žagarinė salonas,8,24,Viktorija Daujotytė,Žmogus ir jo kalnas. Apie monsinjorą Kazimierą Vasiliauską,0.8,0.9,spine,,
K00500,Petras Repšys; Aurimas Švedas,Piešimas buvo tarsi durys,"Spinta D, 1 lentyna (viršutinė)",Žagarinė salonas,8,25,,Piešimas buvo tarsi durys,1,0.9,spine,,nugarėlėje „Petrą Repšį kalbina Aurimas Švedas“
K00501,,Vrubelis,"Spinta D, 1 lentyna (viršutinė)",Žagarinė salonas,8,26,,Vrubelis,1,0.8,spine,,"kreminė drobinė nugarėlė, nublukęs įspaudas; autorius nematomas"
K00502,,Šekspyras,"Spinta D, 1 lentyna (viršutinė)",Žagarinė salonas,8,27,,Šekspyras,1,0.85,spine,,rausva drobinė nugarėlė; autorius nematomas
K00504,,Balzakas,"Spinta D, 1 lentyna (viršutinė)",Žagarinė salonas,8,29,,Balzakas,1,0.85,cover,Zagarine Salonas 8_1.JPG,dešinysis lentynos galas; autorius nematomas
K00505,S. Kraniauskienė; S. Pocytė; R. Leiserowitz; I. Šutinienė,Klaipėdos kraštas 1945–1960 m.,"Spinta D, 1 lentyna (viršutinė)",Žagarinė salonas,8,30,"S. Kraniauskienė, S. Pocytė, R. Leiserowitz, I. Šutinienė",Klaipėdos kraštas 1945–1960 m.,1.15,0.85,cover,Zagarine Salonas 8_1.JPG,keturi autoriai nurodyti nugarėlėje
K00506,Vanda Ibianska,Gyvenimas kaip senas vynas,"Spinta D, 1 lentyna (viršutinė)",Žagarinė salonas,8,32,Vanda Ibianska,Gyvenimas kaip senas vynas,1.15,0.9,cover,Zagarine Salonas 8_1.JPG,
K00507,Józef Mackiewicz,Kelias į niekur,"Spinta D, 1 lentyna (viršutinė)",Žagarinė salonas,8,33,Józef Mackiewicz,Kelias į niekur,1.15,0.9,cover,Zagarine Salonas 8_1.JPG,
K00508,Žibutė Gadliauskienė (?),"Laiškai, kurių tu niekada negausi","Spinta D, 1 lentyna (viršutinė)",Žagarinė salonas,8,34,Živilė Galdikienė,"Laiškai, kurių tu niekada negausi",1,0.9,cover,Zagarine Salonas 8_1.JPG,paskutinė knyga dešiniajame lentynos gale
K00488,,Mikalojaus Daukšos Postilės prakalbos,"Spinta D, 1 lentyna (viršutinė)",Žagarinė salonas,8,35,Mikalojus Daukša,Postilės prakalbos,0.67,0.9,cover,Zagarine Salonas 8_3.JPG,lentynos nuotraukoje neatpažinta
K00512,,Pirmasis Lietuvos Statutas / Первый Литовский статут,"Spinta D, 2 lentyna",Žagarinė salonas,9,1,,Pirmasis Lietuvos Statutas / Первый Литовский Статут,1,0.9,spine,,balta nugarėlė su LPS monograma; apačioje „3“ – trečias tomas; tekstas lietuvių ir rusų kalbomis
K00513,,Lietuvos Respublikos Prezidentai,"Spinta D, 2 lentyna",Žagarinė salonas,9,2,,Lietuvos Respublikos Prezidentai,1,0.9,spine,,balta nugarėlė su trispalve ir juodais kvadratais
K00514,,Penkeri Prezidento metai,"Spinta D, 2 lentyna",Žagarinė salonas,9,3,Algirdas Brazauskas,Penkeri Prezidento metai,1,0.9,spine,,
K00515,Lauras Bielinis,Prezidentė,"Spinta D, 2 lentyna",Žagarinė salonas,9,4,Lauras Bielinis,Prezidentė,1.15,0.9,spine,,balta nugarėlė
K00516,,Prezidentas Valdas Adamkus,"Spinta D, 2 lentyna",Žagarinė salonas,9,5,,Prezidentas Valdas Adamkus,1,0.9,spine,,auksinė nugarėlė
K00517,,Alma,"Spinta D, 2 lentyna",Žagarinė salonas,9,6,,Alma,1,0.6,spine,,"tamsiai mėlyna nugarėlė, tik pavadinimas ir leidyklos ženklas; autorius nenurodytas"
K00347,,,"Spinta B, 6 lentyna (apatinė)",Žagarinė salonas,9,7,Mykolas Römeris,,1,0.6,spine,,"ruda apiplyšusi nugarėlė, serija „Teisinės minties palikimas“; pavadinimo ant nugarėlės nesimato"
K00519,Aleksandras Guobys,Trys dešimtmečiai emigracijoje,"Spinta D, 2 lentyna",Žagarinė salonas,9,8,,Trys dešimtmečiai emigracijoje,1,0.9,spine,,"juoda nugarėlė, autorius nematyti"
K00521,Algis Balaišis,Lietuvos valstybės sienos apsauga 1918–1940 m.: žmonės ir įvykiai,"Spinta D, 2 lentyna",Žagarinė salonas,9,10,Algis Balaišis,Lietuvos valstybės sienos apsauga 1918–1940 m. Žmonės ir įvykiai,1.15,0.9,spine,,rausva nugarėlė
K00522,,Lietuva 1991.01.13,"Spinta D, 2 lentyna",Žagarinė salonas,9,11,,Lietuva 1991.01.13,1,0.9,spine,,"juoda nugarėlė auksinėmis raidėmis, apiplyšusi"
K00523,,Leiskit į tėvynę,"Spinta D, 2 lentyna",Žagarinė salonas,9,13,,Leiskit į Tėvynę,1,0.9,spine,,"gelsva nugarėlė, gotikinis šriftas"
K00524,,Amžino įšalo žemėje,"Spinta D, 2 lentyna",Žagarinė salonas,9,15,,Amžino įšalo žemėje,1,0.9,spine,,kremine nugarėlė su žvakės emblema; autorius nematyti
K00525,,Vasario 16-oji – Lietuvos valstybės atkūrimo diena,"Spinta D, 2 lentyna",Žagarinė salonas,9,16,,Vasario 16-oji – Lietuvos valstybės atkūrimo diena,1,0.9,spine,,stora bordinė knyga
K00527,Petras Klimas,Ilgas kelias viršūnėn: iš mano atsiminimų,"Spinta D, 2 lentyna",Žagarinė salonas,9,18,,Ilgas kelias viršūnėn,0.75,0.9,spine,,juoda nugarėlė su auksiniu ornamentu apačioje; autorius nematyti
K00545,,Kiklopų nelaisvėje,"Spinta D, 2 lentyna",Žagarinė salonas,9,20,Izidorius Ignatavičius,Kiklopų nelaisvėje,1,0.9,spine,,alyvinė nugarėlė
K00546,Olga Merkienė,"Aš – Olga, Juozo žmona","Spinta D, 2 lentyna",Žagarinė salonas,9,21,Olga Merkienė,"Aš – Olga, Juozo žmona",1.15,0.9,spine,,
K00548,Antanina Garmutė,"Motinėle, auginai","Spinta D, 2 lentyna",Žagarinė salonas,9,22,Antanina Garmutė,"Motinėle, auginai",1.15,0.9,spine,,
K00550,Kazimieras Skebėra,Reikėjo mūsų kančių,"Spinta D, 2 lentyna",Žagarinė salonas,9,24,Kazimieras Skėbėra,Reikėjo mūsų kančių,1.15,0.9,spine,,oranžinė nugarėlė
K00551,,Lietuva ir Sąjūdis,"Spinta D, 2 lentyna",Žagarinė salonas,9,25,,Lietuva ir Sąjūdis,1,0.9,spine,,balta nugarėlė; autorius nematyti
K00552,Undinė Nasvytytė,Apie pulką ir mergelę,"Spinta D, 2 lentyna",Žagarinė salonas,9,26,Undinė Nasvytytė,Apie pulką ir mergelę,1.15,0.9,spine,,"raudona nugarėlė, knyga pakrypusi"
K00553,,Darius ir Girėnas,"Spinta D, 2 lentyna",Žagarinė salonas,9,27,,Darius ir Girėnas,1,0.9,spine,,"tamsi, nutrinta nugarėlė, paskutinė lentynoje dešinėje"
K00917,"Jučas, Lukšaitė, Merkys",Lietuvos istorija,"Spinta H, 2 lentyna",Žagarinė salonas,10,1,Zenonas Ivinskis,Lietuvos istorija,1,0.9,spine,,mėlyna kieta nugarėlė
K00530,,Žalgirio mūšis,"Spinta D, 3 lentyna",Žagarinė salonas,10,2,Mečislovas Jučas,Žalgirio mūšis,1,0.9,spine,,
K00531,Stanislovas Kryčinskis,Lietuvos totoriai,"Spinta D, 3 lentyna",Žagarinė salonas,10,3,Stanislovas Kučinskis,Lietuvos totoriai,1,0.9,spine,,
K00532,,Visa istorija yra gyvenimas,"Spinta D, 3 lentyna",Žagarinė salonas,10,4,,Visa istorija yra gyvenimas,1,0.9,spine,,ant nugarėlės autorius nesimato; viršuje matyti paantraštė apie 12 metų su Edvardu Gudavičiumi
K00533,Jonas Radvanas,Radviliada,"Spinta D, 3 lentyna",Žagarinė salonas,10,5,Jonas Radvanas,Radviliada,1.15,0.9,spine,,serija Bibliotheca Baltica
K00534,Vytenis Almonaitis,Žemaitijos politinė padėtis 1380–1410 metais,"Spinta D, 3 lentyna",Žagarinė salonas,10,6,Vytenis Almonaitis,Žemaitijos politinė padėtis 1380–1410 metais,1.15,0.9,spine,,
K00535,A. J. Greimas; S. Žukas,Lietuva Pabaltijy,"Spinta D, 3 lentyna",Žagarinė salonas,10,7,"A. J. Greimas, S. Žukas",Lietuva Pabaltijy,1.15,0.9,spine,,
K00371,,,"Spinta C, 1 lentyna",Žagarinė salonas,10,8,Petras Dusburgietis,,1,0.6,spine,,ant nugarėlės tik autorius ir serija „Lituanistinė biblioteka“; pavadinimo nematyti
K00573,Algirdas Šidlauskas (?),Lietuvos architektūros istorija,"Spinta D, 4 lentyna",Žagarinė salonas,10,9,Vanda Daugirdaitė-Sruogienė,Lietuvos istorija,0.8,0.9,spine,,"juoda nugarėlė, auksinis įspaudas"
K00419,,,"Spinta C, 3 lentyna",Žagarinė salonas,10,11,Albertas Vijūkas-Kojelavičius,,1,0.6,spine,,ant nugarėlės tik autorius ir serija „Lituanistinė biblioteka“; pavadinimo nematyti
K00539,,Lietuvos miestų istorijos šaltiniai,"Spinta D, 3 lentyna",Žagarinė salonas,10,14,,Lietuvos miestų istorijos šaltiniai,1,0.9,spine,,
K00464,,,"Spinta C, 6 lentyna",Žagarinė salonas,10,15,Petras Dusburgietis,,1,0.6,spine,,antras tos pačios serijos „Lituanistinė biblioteka“ tomas; pavadinimo ant nugarėlės nėra
K00542,Alexander Giese,Laisvieji mūrininkai,"Spinta D, 3 lentyna",Žagarinė salonas,10,19,Alexander Giese,Laisvieji mūrininkai,1.15,0.9,spine,,tamsiai raudona nugarėlė
K00554,,Lietuvos valstybės kontrolės istorija,"Spinta D, 3 lentyna",Žagarinė salonas,10,21,,Lietuvos valstybės kontrolės istorija,1,0.9,spine,,stora tamsiai pilka nugarėlė
K00555,Robert M. Pirsig,Dzenas ir motociklo priežiūros menas,"Spinta D, 3 lentyna",Žagarinė salonas,10,22,Robert M. Pirsig,Dzenas ir motociklo priežiūros menas,1.15,0.9,spine,,
K00556,Deepak Chopra,"Galia, laisvė ir malonė","Spinta D, 3 lentyna",Žagarinė salonas,10,23,Deepak Chopra,"Galia, laisvė, malonė",1.15,0.9,cover,Zagarine Salonas 10_1.JPG,matoma tik platesnėje lentynos nuotraukoje 10_1
K00558,Paulius Širvys,Neišsipildymas,"Spinta D, 3 lentyna",Žagarinė salonas,10,24,Gabija Grušaitė,Neišsipildymas,1,0.9,cover,Zagarine Salonas 10_1.JPG,
K00557,Gabija Grušaitė,Stasys Šaltoka: vieneri metai,"Spinta D, 3 lentyna",Žagarinė salonas,10,25,Gabija Grušaitė,Stasys Šaltoka. Vieneri metai,1.15,0.9,cover,Zagarine Salonas 10_1.JPG,
K00511,,,"Spinta D, 1 lentyna (viršutinė)",Žagarinė salonas,10,26,Paulius Širvys,,1,0.6,cover,Zagarine Salonas 10_1.JPG,"plona tamsiai pilka knygelė, ant nugarėlės tik autoriaus vardas"
K00559,Susanna Millar (Сюзанна Миллер),Психология игры,"Spinta D, 3 lentyna",Žagarinė salonas,10,27,Сюзанна Миллер,Психология игры,1.15,0.6,cover,Zagarine Salonas 10_1.JPG,"juoda nugarėlė, sidabrinis šriftas; pavadinimas dalinai uždengtas"
K00560,Sultan Kermally,Gurus on People Management,"Spinta D, 3 lentyna",Žagarinė salonas,10,28,Sultan Kermally,Gurus on People Management,1.15,0.9,cover,Zagarine Salonas 10_1.JPG,
K00561,David H. Maister,Practice What You Preach,"Spinta D, 3 lentyna",Žagarinė salonas,10,29,David H. Maister,Practice What You Preach,1.15,0.9,cover,Zagarine Salonas 10_1.JPG,paantraštė „What Managers Must Do to Create a High Achievement Culture“
K00563,Brian Tracy,Maximum Achievement,"Spinta D, 3 lentyna",Žagarinė salonas,10,30,Brian Tracy,Maximum Achievement,1.15,0.9,cover,Zagarine Salonas 10_1.JPG,
K00562,Patrick J. McKenna; David H. Maister,First Among Equals,"Spinta D, 3 lentyna",Žagarinė salonas,10,31,"Patrick J. McKenna, David H. Maister",First Among Equals,1.15,0.9,cover,Zagarine Salonas 10_1.JPG,paantraštė „How to Manage a Group of Professionals“
K00564,Erik H. Erikson,Gandhi's Truth,"Spinta D, 3 lentyna",Žagarinė salonas,10,32,Erik H. Erikson,Gandhi's Truth,1.15,0.9,cover,Zagarine Salonas 10_1.JPG,paskutinė knyga dešinėje lentynos pusėje
K00541,Edvardas Gudavičius,Miestų atsiradimas Lietuvoje,"Spinta D, 3 lentyna",Žagarinė salonas,10,36,Edvardas Gudavičius,Miestų atsiradimas Lietuvoje,1.15,0.9,cover,Zagarine Salonas 10_6.JPG,
K00383,Lewis Mumford,The City in History,"Spinta C, 2 lentyna",Žagarinė salonas,10,45,,Vilnius. The City and Its History,0.67,0.9,cover,Zagarine Salonas 10_16.JPG,
K00566,,Vilniaus istorijos metraštis 2007/1,"Spinta D, 4 lentyna",Žagarinė salonas,11,1,,Vilniaus istorijos metraštis,0.86,0.8,spine,,"nugarėlėje „VILNIAUS ISTORIJOS METRAŠTIS | 2007 | 1“ — tęstinis leidinys, 1 numeris"
K00567,,Vilniaus architektūra,"Spinta D, 4 lentyna",Žagarinė salonas,11,2,,Vilniaus architektūra,1,0.85,spine,,"kreminė nugarėlė, auksinės raidės"
K00568,,Kauno architektūra,"Spinta D, 4 lentyna",Žagarinė salonas,11,3,,Kauno architektūra,1,0.85,spine,,"vyšninė nugarėlė, auksinės raidės"
K00569,Antanas Rimvydas Čaplinskas,"Vilniaus gatvių istorija: Šv. Jono, Dominikonų, Trakų gatvės","Spinta D, 4 lentyna",Žagarinė salonas,11,4,Adomas Rimvydas Čaplinskas,"Vilniaus gatvių istorija. Šv. Jono, Dominikonų, Trakų gatvės",1.15,0.9,spine,,
K00570,,Bažnyčia Lietuvoje,"Spinta D, 4 lentyna",Žagarinė salonas,11,5,,Bažnyčia Lietuvoje,1,0.7,spine,,vyšninė nugarėlė; autorius nematomas
K00571,,Trakų miestas ir pilys,"Spinta D, 4 lentyna",Žagarinė salonas,11,9,,Trakų miestas ir pilys,1,0.85,spine,,"pilkai violetinė nugarėlė, baltos raidės; autorius nematomas"
K00572,,Lietuvos pilys,"Spinta D, 4 lentyna",Žagarinė salonas,11,10,,Lietuvos pilys,1,0.7,spine,,"kreminė nugarėlė, gotikinis auksinis šriftas — sunkiai įskaitoma"
K00574,,Vilniaus universiteto istorija (1579–1803),"Spinta D, 4 lentyna",Žagarinė salonas,11,13,,Vilniaus universiteto istorija,0.75,0.8,spine,,"3 tomai: 1579–1803, 1803–1940, 1940–19.. (paskutinio tomo pabaigos metai neįskaitomi)"
K00577,Josephas Frankas,Vilnius XIX amžiuje: atsiminimai (Pirma knyga),"Spinta D, 4 lentyna",Žagarinė salonas,11,14,Josephas Frankas,Vilnius XIX amžiuje. Atsiminimai,0.95,0.9,spine,,nugarėlėje „Pirma knyga“
K00578,Laimonas Briedis,Vilnius: savas ir svetimas,"Spinta D, 4 lentyna",Žagarinė salonas,11,15,Laimonas Briedis,Vilnius. Savas ir svetimas,1.15,0.9,spine,,
K00579,Giedrė Jankevičiūtė,Lithuania: Guide,"Spinta D, 4 lentyna",Žagarinė salonas,11,16,Giedrė Jankevičiūtė,Lithuania,0.82,0.7,spine,,"mėlyna nugarėlė; apačioje smulkus užrašas, panašu į „Guide“"
K00580,Og Mandino,Sėkmės universitetas,"Spinta D, 4 lentyna",Žagarinė salonas,11,17,Og Mandino,Sėkmės universitetas,1.15,0.9,spine,,
K00581,Eli Broad,The Art of Being Unreasonable,"Spinta D, 4 lentyna",Žagarinė salonas,11,18,Eli Broad,The Art of Being Unreasonable,1.15,0.8,spine,,nugarėlėje tik pavardė „BROAD“; vardas įrašytas pagal leidinį
K00544,,,"Spinta D, 3 lentyna",Žagarinė salonas,11,19,Vladas Drėma,,1,0.6,spine,,"ruda drobė su kremine etikete; nugarėlėje matomas tik autoriaus vardas, pavadinimo nėra"
K00583,,Pasivaikščiojimai po Vilnių,"Spinta D, 4 lentyna",Žagarinė salonas,11,20,Adomas Honoris Kirkoras,Pasivaikščiojimai po Vilnių ir jo apylinkes,0.8,0.9,spine,,žalia nugarėlė
K00585,,Klaipėdos universitetas: senųjų pastatų istorijos,"Spinta D, 4 lentyna",Žagarinė salonas,11,21,,Klaipėdos universitetas. Senųjų pastatų istorijos,1,0.85,cover,Zagarine Salonas 11_1.JPG,"didelio formato albumas, pastatytas pasviręs dešiniajame lentynos gale"
K00586,,"Lietuva: praeitis, kultūra, dabartis","Spinta D, 4 lentyna",Žagarinė salonas,11,22,,"Lietuva. Praeitis, kultūra, dabartis",1,0.8,cover,Zagarine Salonas 11_1.JPG,didelio formato juodas albumas dešiniajame lentynos gale
K00584,,Lazdynai,"Spinta D, 4 lentyna",Žagarinė salonas,11,23,A. Sutkus,Lazdynai,1,0.9,cover,Zagarine Salonas 11_2.JPG,didelio formato fotoalbumas; lentynos nuotraukoje neatpažintas
K00634,,,"Spinta D, 8 lentyna",Žagarinė salonas,12,4,Justinas Marcinkevičius,,1,0.3,spine,,"tamsiai žalias kietas viršelis, padėtas gulsčiai ant eilės viršaus; matyti tik autoriaus pavardė, pavadinimas užstotas"
K00641,,,"Spinta D, 9 lentyna (apatinė)",Žagarinė salonas,12,5,Justinas Marcinkevičius,,1,0.3,spine,,"kreminė nugarėlė su juodo tiškalo raštu; matyti tik autorius, pavadinimas nematomas"
K00590,Tomas Sakalauskas,Žiūrėjimas į ugnį,"Spinta D, 5 lentyna",Žagarinė salonas,12,6,Tomas Sakalauskas,Žiūrėjimas į ugnį,1.15,0.9,spine,,nugarėlės apačioje antspaudo pavidalo užrašas „Jurgio Mačiūno ... kūrėjo gyvenimas“
K00591,,Poezijos pavasaris 2001,"Spinta D, 5 lentyna",Žagarinė salonas,12,7,,Poezijos pavasaris 2001,1,0.9,spine,,almanachas
K00598,Fawn M. Brodie,Thomas Jefferson: An Intimate History,"Spinta D, 5 lentyna",Žagarinė salonas,12,9,Fawn M. Brodie,Thomas Jefferson: An Intimate History,1.15,0.9,spine,,ant nugarėlės autorius nurodytas tik „Brodie“
K00592,Vytautas Mačernis,Vėl žemės ilgesy,"Spinta D, 5 lentyna",Žagarinė salonas,12,10,Vytautas Mačernis,Vėl žemės ilgesy,1.15,0.9,spine,,nugarėlėje „V. Mačernis“
K00595,,Dvidešimtojo amžiaus lietuvių poezija (1 tomas),"Spinta D, 5 lentyna",Žagarinė salonas,12,11,,Dvidešimto amžiaus lietuvių poezija,0.67,0.9,spine,,rusva nugarėlė su auksiniu apskritimu „1“ — 1 tomas
K00596,John L. Stephens,Incidents of Travel in Yucatan (Vol. 1),"Spinta D, 5 lentyna",Žagarinė salonas,12,12,John L. Stephens,"Incidents of Travel in Yucatan, volume one",0.82,0.9,spine,,"nugarėlėje autorius „Stephens“, Dover T926"
K00597,John L. Stephens,Incidents of Travel in Yucatan (Vol. 2),"Spinta D, 5 lentyna",Žagarinė salonas,12,13,John L. Stephens,"Incidents of Travel in Yucatan, volume two",0.82,0.9,spine,,"nugarėlėje autorius „Stephens“, Dover T927"
K00604,Sarah Ban Breathnach,Paprasta pilnatvė: pašnekesiai apie dvasinę ramybę,"Spinta D, 6 lentyna",Žagarinė salonas,12,16,Sarah Ban Breathnach,Paprasta pilnatvė: pašnekesiai apie dvasinę ramybę,1.15,0.9,spine,,"rožinis gėlėtas viršelis, AL logotipas"
K00603,Richard Bach,Palikę užuovėją,"Spinta D, 6 lentyna",Žagarinė salonas,12,17,Richard Bach,Palikę užuovėją,1.15,0.9,spine,,
K00587,Boris Akunin (Борис Акунин),Нефритовые чётки,"Spinta D, 5 lentyna",Žagarinė salonas,12,19,Борис Акунин,Нефритовые чётки,1.15,0.9,cover,Zagarine Salonas 12_1.JPG,juoda nugarėlė; pagrindinėje lentynos nuotraukoje nepatenka į kadrą
K00605,Vanda Zaborskaitė,Maironis,"Spinta D, 6 lentyna",Žagarinė salonas,12,22,Vanda Zaborskaitė,Maironis,1.15,0.9,cover,Zagarine Salonas 12_1.JPG,
K00612,Justinas Marcinkevičius,Trilogija (Mindaugas; Mažvydas; Katedra),"Spinta D, 6 lentyna",Žagarinė salonas,12,23,Justinas Marcinkevičius,Mindaugas. Mažvydas. Katedra,1.01,0.9,cover,Zagarine Salonas 12_1.JPG,nugarėlėje trys eilutės: Mindaugas · Mažvydas · Katedra
K01011,Vosylius Sezemanas (V. Sezemanas),Raštai,"Spinta H, 12 lentyna",Žagarinė salonas,12,24,Justinas Marcinkevičius,Raštai. IV,1,0.9,cover,Zagarine Salonas 12_1.JPG,keturių tomų komplekto dalis (I–IV stovi greta)
K00606,Justinas Marcinkevičius,Raštai (1 tomas),"Spinta D, 6 lentyna",Žagarinė salonas,12,25,Justinas Marcinkevičius,Raštai. III,0.65,0.9,cover,Zagarine Salonas 12_1.JPG,
K00607,Justinas Marcinkevičius,Raštai (2 tomas),"Spinta D, 6 lentyna",Žagarinė salonas,12,26,Justinas Marcinkevičius,Raštai. II,0.82,0.9,cover,Zagarine Salonas 12_1.JPG,
K00608,Justinas Marcinkevičius,Raštai (3 tomas),"Spinta D, 6 lentyna",Žagarinė salonas,12,27,Justinas Marcinkevičius,Raštai. I,0.82,0.9,cover,Zagarine Salonas 12_1.JPG,
K00610,Adomas Mickevičius,Ponas Tadas,"Spinta D, 6 lentyna",Žagarinė salonas,12,28,Adomas Mickevičius,Ponas Tadas,1.15,0.9,cover,Zagarine Salonas 12_1.JPG,gelsvas aplankas
K00657,,,"Spinta E (P.L. Biblioteka), 1 lentyna",Žagarinė salonas,12,29,Bernardas Brazdžionis,,1,0.3,cover,Zagarine Salonas 12_1.JPG,tamsiai žalias drobinis viršelis su auksine autoriaus pavarde; pavadinimo nugarėlėje nėra; paskutinė knyga dešinėje
K00698,,,"Spinta E (P.L. Biblioteka), 4 lentyna",Žagarinė salonas,12,37,Alfonsas Maldonis,,1,0.3,cover,Zagarine Salonas 12_8.JPG,"rusvas viršelis su medžio ir šaknų piešiniu; pavadinimas nuotraukoje nukirstas, matyti tik pabaiga „...EIDĖ“"
K00602,Justinas Marcinkevičius,Sena abėcėlė,"Spinta D, 6 lentyna",Žagarinė salonas,12,42,Justinas Marcinkevičius,Sena abėcėlė,1.15,0.6,cover,Zagarine Salonas 12_13.JPG,šviesiai mėlynas drobinis viršelis su auksiniu ovalu; tekstas smulkus
K00601,Justinas Marcinkevičius,Dienoraštis be datų,"Spinta D, 5 lentyna",Žagarinė salonas,12,44,Justinas Marcinkevičius,Dienoraštis be datų,1.15,0.9,cover,Zagarine Salonas 12_15.JPG,kreminis aplankas su ornamentu
K00332,Jonas Jablonskis,Raštai (1 tomas),"Spinta B, 6 lentyna (apatinė)",Žagarinė salonas,12,45,Maironis,Rinktiniai raštai. Pirmas tomas,0.67,0.9,cover,Zagarine Salonas 12_16.JPG,"antraštinis lapas su antspaudu „Ex libris Tarasonio V.“; Vilnius, metai neįskaitomi"
K01598,Kristina Sabaliauskaitė,Petro imperatorė (II knyga),"Spinta D (balta), 10 lentyna (lietuvių proza)",Žagarinė salonas,13,2,Kristina Sabaliauskaitė,Petro imperatorė,0.95,0.9,spine,,ant nugarėlės romėniškas II — antra dalis
K01600,Romualdas Granauskas,Rūkas virš slėnių,"Spinta D (balta), 10 lentyna (lietuvių proza)",Žagarinė salonas,13,3,Romualdas Granauskas,Rūkas virš slėnių,1.15,0.9,spine,,šviesiai mėlyna nugarėlė
K01601,Romualdas Granauskas,Kai reikės nebebūti,"Spinta D (balta), 10 lentyna (lietuvių proza)",Žagarinė salonas,13,4,Romualdas Granauskas,Kai reikės nebebūti,1.15,0.9,spine,,"tamsiai ruda nugarėlė, pavadinimas mažomis raidėmis"
K01602,Vanda Juknaitė,Tariamas iš tamsos,"Spinta D (balta), 10 lentyna (lietuvių proza)",Žagarinė salonas,13,5,Vanda Juknaitė,Tariamas iš tamsos,1.15,0.9,spine,,ant nugarėlės „/ tariamas iš tamsos“
K01603,Ričardas Gavelis,Vilniaus pokeris,"Spinta D (balta), 10 lentyna (lietuvių proza)",Žagarinė salonas,13,6,Ričardas Gavelis,Vilniaus pokeris,1.15,0.9,spine,,rusvai bordinė nugarėlė
K01604,Julius Sasnauskas,Dar kartą – Žmogaus Sūnus,"Spinta D (balta), 10 lentyna (lietuvių proza)",Žagarinė salonas,13,7,Julius Sasnauskas,Dar kartą – Žmogaus Sūnus,1.15,0.6,spine,,"ruda nugarėlė su žvaigždės ženklu; žodžių tvarka nugarėlėje dviem eilutėmis, tikslus pavadinimo išdėstymas neaiškus"
K01605,Sigitas Parulskis,Mano tikėjimo iltys,"Spinta D (balta), 10 lentyna (lietuvių proza)",Žagarinė salonas,13,8,Sigitas Parulskis,Mano tikėjimo iltys,1.15,0.9,spine,,"juoda nugarėlė, pavadinimas žydras"
K01606,Alvydas Šlepikas,Mano tėvas žūsta,"Spinta D (balta), 10 lentyna (lietuvių proza)",Žagarinė salonas,13,9,Alvydas Šlepikas,Mano tėvas žūsta,1.15,0.9,spine,,geltona nugarėlė
K01608,Helmutas Arnašius,Keliai ir klystkeliai,"Spinta D (balta), 10 lentyna (lietuvių proza)",Žagarinė salonas,13,11,Helmutas Arnašius,Keliai ir klystkeliai,1.15,0.6,spine,,"oranžinė nugarėlė; autoriaus pavardė smulki, gali būti Arvašius"
K01610,Liudas Dapkus,"Žuvis, kuri supainiojo duris","Spinta D (balta), 10 lentyna (lietuvių proza)",Žagarinė salonas,13,12,Liudas Dapkus,"Žuvis, kuri supainiojo duris",1.15,0.9,spine,,balta nugarėlė su rakto piešiniu
K01611,Tomas Staniulis,"Diena, kurią verkiau visą","Spinta D (balta), 10 lentyna (lietuvių proza)",Žagarinė salonas,13,13,Tomas Staniulis,"diena, kurią verkiau visą",1.15,0.9,spine,,"pilkšva nugarėlė, pavadinimas mažosiomis raidėmis"
K00711,,,"Spinta F, 1 lentyna",Žagarinė salonas,13,14,Arvydas,,1,0.3,spine,,"plona knyga fotografine nugarėle (vyro su uniforma nuotrauka); įskaitomas tik vardas „ARVYDAS“, pavadinimas neįskaitomas"
K01613,Barton,Life of Abraham Lincoln,"Spinta D (balta), 11 lentyna (rusų literatūra, memuarai)",Žagarinė salonas,13,16,Barton,Life of Abraham Lincoln,1.15,0.9,spine,,"raudonas audeklinis viršelis, bibliotekinė etiketė „E 457 B3“; ant nugarėlės tik pavardė BARTON"
K01614,Aleksejus N. Tolstojus (А. Н. Толстой),Пётр Первый,"Spinta D (balta), 11 lentyna (rusų literatūra, memuarai)",Žagarinė salonas,13,17,А. Н. Толстой,Пётр Первый,1.15,0.9,spine,,smėlio spalvos audeklinis viršelis
K01615,,Русская поэзия конца XIX – начала XX века,"Spinta D (balta), 11 lentyna (rusų literatūra, memuarai)",Žagarinė salonas,13,18,,Русская поэзия конца XIX – начала XX века,1,0.9,spine,,žalias audeklinis viršelis su auksiniu ornamentu; antologija
K01616,Vladimiras Pozneris (Владимир Познер),Прощание с иллюзиями,"Spinta D (balta), 11 lentyna (rusų literatūra, memuarai)",Žagarinė salonas,13,19,Владимир Познер,Прощание с иллюзиями,1.15,0.9,spine,,balta nugarėlė su autoriaus nuotrauka viršelyje
K01617,Osipas Mandelštamas (Осип Мандельштам),Камень,"Spinta D (balta), 11 lentyna (rusų literatūra, memuarai)",Žagarinė salonas,13,20,Осип Мандельштам,Камень,1.15,0.9,spine,,tamsiai žalias viršelis su auksuotu įspaudu
K01618,Vladimiras Sorokinas (Владимир Сорокин),Очередь,"Spinta D (balta), 11 lentyna (rusų literatūra, memuarai)",Žagarinė salonas,13,21,Владимир Сорокин,Очередь,1.15,0.9,spine,,"balta nugarėlė, apatinė dalis su spalvota iliustracija"
K01620,Craig Foster,Amphibious Soul,"Spinta D (balta), 11 lentyna (rusų literatūra, memuarai)",Žagarinė salonas,13,23,Craig Foster,Amphibious Soul,1.15,0.9,spine,,"tamsiai mėlyna nugarėlė; knyga pakrypusi, stovi lentynos gale"
K01619,Broliai Vaineriai (А. и Г. Вайнеры),Город принял,"Spinta D (balta), 11 lentyna (rusų literatūra, memuarai)",Žagarinė salonas,13,25,Аркадий и Георгий Вайнеры,Город принял!..,1.15,0.9,cover,Zagarine Salonas 13_3.JPG,romanas; serija „Классическая и современная проза“
K01609,Gintaras Beresnevičius,Dausos,"Spinta D (balta), 10 lentyna (lietuvių proza)",Žagarinė salonas,13,32,Gintaras Beresnevičius,Dausos,1.15,0.9,cover,Zagarine Salonas 13_10.JPG,juodai balta grafika viršelyje
K01599,Jurga Ivanauskaitė,Mėnulio vaikai,"Spinta D (balta), 10 lentyna (lietuvių proza)",Žagarinė salonas,13,35,,Mėnulio vaikai,1,0.9,cover,Zagarine Salonas 13_13.JPG,Nuotrauka neparsisiųsta (per didelė); pavadinimą nurodė savininkas (lt.wikipedia.org/wiki/Mėnulio_vaikai). Autorius nepatikrintas.
K00718,,,"Spinta F, 2 lentyna",Žagarinė salonas,14,5,N. Michailovas,,1,0.6,spine,,"tamsiai žalia drobinė nugarėlė, matomas tik autoriaus vardas, pavadinimo nesimato"
K01623,Antanas Venclova,Mirtis Lisabonoj,"Spinta D (balta), 12 lentyna (lietuvių klasika, seni tomai)",Žagarinė salonas,14,7,Antanas Venclova,Mirtis Lisabonoj,1.15,0.9,spine,,
K00737,,,"Spinta F, 4 lentyna",Žagarinė salonas,14,9,Arvydas Ambrasas,,1,0.6,spine,,"balta nugarėlė, tik autoriaus vardas ir taškas; viršuje graviūros ženklas (skrynia). Pora su pos 10 — vienoda serijos apdaila"
K00759,,,"Spinta F, 6 lentyna",Žagarinė salonas,14,10,Arvydas Ambrasas,,1,0.6,spine,,"balta nugarėlė, tik autoriaus vardas ir taškas; apačioje graviūros ženklas (dvaro rūmai). Pora su pos 9"
K00791,,,"Spinta G, 2 lentyna",Žagarinė salonas,14,11,Antanas Venclova,,1,0.6,spine,,"stora gelsva nugarėlė, matomas tik autorius; pavadinimas nenuskaitomas"
K00820,,,"Spinta G, 5 lentyna",Žagarinė salonas,14,12,Algimantas Baltakis,,1,0.7,spine,,"šviesiai mėlyna nugarėlė, apačioje „I“ — tikėtina „Raštai“, 1 tomas"
K00837,,,"Spinta G, 8 lentyna",Žagarinė salonas,14,13,Kazys Boruta,,1,0.7,spine,,"gelsva nugarėlė, žalios raidės; matomas tik autorius"
K01626,Kazys Boruta,Mediniai stebuklai,"Spinta D (balta), 12 lentyna (lietuvių klasika, seni tomai)",Žagarinė salonas,14,14,Kazys Boruta,Mediniai stebuklai,1.15,0.8,spine,,
K00066,Antoine de Saint-Exupéry (Antuanas de Sent Egziuperi),Raštai / rinktinė,"Spinta A, 3 lentyna",Žagarinė salonas,14,15,V. Mykolaitis-Putinas,Raštai,0.67,0.8,spine,,pilka nugarėlė; tomo numerio nesimato
K01622,Eduardas Mieželaitis,Svetimi akmenys,"Spinta D (balta), 12 lentyna (lietuvių klasika, seni tomai)",Žagarinė salonas,14,17,E. Mieželaitis,Svetimi akmenys,1.15,0.8,spine,,mėlynos raidės ant gelsvos nugarėlės
K01628,Šatrijos Ragana,Raštai (II tomas),"Spinta D (balta), 12 lentyna (lietuvių klasika, seni tomai)",Žagarinė salonas,14,18,Šatrijos Ragana,Raštai II,0.82,0.8,cover,Zagarine Salonas 14_1.JPG,"tamsiai raudona nugarėlė su auksuotu įspaudu; stovi dešiniajame lentynos gale, atskirai nuo kitų"
K01629,Vincas Kudirka,Raštai (II tomas),"Spinta D (balta), 12 lentyna (lietuvių klasika, seni tomai)",Žagarinė salonas,14,19,Vincas Kudirka,Raštai,0.82,0.9,cover,Zagarine Salonas 14_1.JPG,gelsvas viršelis su žaliu ženklu; dešinysis lentynos galas
K00329,Kristijonas Donelaitis,Metai,"Spinta B, 6 lentyna (apatinė)",Žagarinė salonas,14,20,Kristijonas Donelaitis,Metai,1.15,0.8,cover,Zagarine Salonas 14_1.JPG,nugarėlėje „DONELAITIS METAI“; dešinysis lentynos galas
K00348,Galina Serebriakova,Markso jaunystė,"Spinta C, 1 lentyna",Žagarinė salonas,15,1,G. Serebriakova,Markso jaunystė,1.15,0.9,spine,,serija „Istorinio romano biblioteka“ (IRB)
K00349,Henrik Eberle; Matthias Uhl,Knyga apie Hitlerį,"Spinta C, 1 lentyna",Žagarinė salonas,15,2,"Henrik Eberle, Matthias Uhl",Knyga apie Hitlerį,1.15,0.9,spine,,
K00350,Henry Picker (Генри Пикер),Застольные разговоры Гитлера,"Spinta C, 1 lentyna",Žagarinė salonas,15,3,Генри Пикер,Застольные разговоры Гитлера,1.15,0.9,spine,,
K00353,Aleksandr Solzhenitsyn,The Gulag Archipelago Three,"Spinta C, 1 lentyna",Žagarinė salonas,15,4,Aleksandr I. Solzhenitsyn,The Gulag Archipelago Three,1.15,0.9,spine,,P396
K00352,Aleksandr Solzhenitsyn,The Gulag Archipelago Two,"Spinta C, 1 lentyna",Žagarinė salonas,15,5,Aleksandr I. Solzhenitsyn,The Gulag Archipelago Two,1.15,0.9,spine,,P345
K00351,Aleksandr Solzhenitsyn,The Gulag Archipelago (I),"Spinta C, 1 lentyna",Žagarinė salonas,15,6,Aleksandr I. Solzhenitsyn,The Gulag Archipelago,1.15,0.9,spine,,P332
K00354,Georgijus Žukovas (Г. Жуков),Воспоминания и размышления,"Spinta C, 1 lentyna",Žagarinė salonas,15,7,Г. К. Жуков,Воспоминания и размышления,1.15,0.9,spine,,"stora, nudėvėta knyga"
K00355,Andrejus Konstantinovas (Андрей Константинов),Петербург,"Spinta C, 1 lentyna",Žagarinė salonas,15,8,Андрей Константинов,Петербург,1.15,0.6,spine,,apatinė nugarėlės dalis suplėšyta; virš pavadinimo galėjo būti dar vienas žodis (serija apie banditų Peterburgą)
K00356,Nikolajus Bucharinas (Н. Бухарин),Проблемы теории и практики социализма,"Spinta C, 1 lentyna",Žagarinė salonas,15,9,Н. Бухарин,Проблемы теории и практики социализма,1.15,0.9,spine,,
K00357,,Феликс Эдмундович Дзержинский,"Spinta C, 1 lentyna",Žagarinė salonas,15,10,,Феликс Эдмундович Дзержинский,1,0.9,spine,,"žalias viršelis, auksinės raidės"
K00359,Mikhail Khodorkovsky,My Fellow Prisoners,"Spinta C, 1 lentyna",Žagarinė salonas,15,12,Mikhail Khodorkovsky,My Fellow Prisoners,1.15,0.9,spine,,
K00360,Valerijus Karyšev (Валерий Карышев),Современные тюрьмы: от авторитета до олигарха,"Spinta C, 1 lentyna",Žagarinė salonas,15,13,Валерий Карышев,Современные тюрьмы. От авторитета до олигарха,1.15,0.9,spine,,serija „Легенды преступного мира“
K00364,G. D. H. Cole,Socialist Thought: The Forerunners 1789–1850,"Spinta C, 1 lentyna",Žagarinė salonas,15,15,G. D. H. Cole,Socialist Thought: The Forerunners 1789–1850,1.15,0.9,spine,,matoma tik plačiajame lentynos kadre (15_1)
K00365,Louis Althusser,Lenin and Philosophy and Other Essays,"Spinta C, 1 lentyna",Žagarinė salonas,15,16,Louis Althusser,Lenin and Philosophy and Other Essays,1.15,0.9,spine,,matoma tik plačiajame lentynos kadre (15_1)
K00366,Simon Sebag Montefiore,Stalinas: Raudonojo caro dvaras,"Spinta C, 1 lentyna",Žagarinė salonas,15,17,Simon Sebag Montefiore,Stalinas. Raudonojo caro dvaras,1.15,0.9,spine,,matoma tik plačiajame lentynos kadre (15_1)
K00367,Robert Service,Stalinas,"Spinta C, 1 lentyna",Žagarinė salonas,15,19,Robert Service,Stalinas,1.15,0.9,spine,,ant nugarėlės raudona juosta „Antra knyga“
K00368,Edvardas Radzinskis (Эдвард Радзинский),Три смерти,"Spinta C, 1 lentyna",Žagarinė salonas,15,20,Эдвард Радзинский,Три смерти,1.15,0.9,spine,,
K00369,Robert Service,Leninas,"Spinta C, 1 lentyna",Žagarinė salonas,15,21,Robert Service,Leninas,1.15,0.9,spine,,
K00370,Brian Crozier,The Rise and Fall of the Soviet Empire,"Spinta C, 1 lentyna",Žagarinė salonas,15,22,Brian Crozier,The Rise and Fall of the Soviet Empire,1.15,0.9,spine,,paskutinė knyga prie spintos sienelės
K00363,Nikolajus Berdiajevas (Н. А. Бердяев),Истоки и смысл русского коммунизма,"Spinta C, 1 lentyna",Žagarinė salonas,15,27,Н. А. Бердяев,Истоки и смысл русского коммунизма,1.15,0.9,cover,Zagarine Salonas 15_6.JPG,lentynos nugarėlėse neatpažinta
K00374,Sud. Chris Jenks,Core Sociological Dichotomies,"Spinta C, 2 lentyna",Žagarinė salonas,16,1,Jenks,Core Sociological Dichotomies,1.15,0.9,spine,,nugarėlėje tik pavardė „Jenks“
K00375,Roger King,The State in Modern Society,"Spinta C, 2 lentyna",Žagarinė salonas,16,2,Roger King,The State in Modern Society,1.15,0.9,spine,,
K00376,,Американская социологическая мысль,"Spinta C, 2 lentyna",Žagarinė salonas,16,3,,Американская социологическая мысль,1,0.8,spine,,"mėlyna nugarėlė, autoriaus/sudarytojo nesimato; apačioje leidyklos ženklas (МГУ)"
K00377,Alan Weisman,The World Without Us,"Spinta C, 2 lentyna",Žagarinė salonas,16,4,Alan Weisman,The World Without Us,1.15,0.9,spine,,
K00378,,Institutional Economics,"Spinta C, 2 lentyna",Žagarinė salonas,16,5,,Institutional Economics,1,0.6,spine,,"smėlinė apiplyšusi nugarėlė; autoriaus pavardės nesimato, apačioje „California“ (University of California Press)"
K00379,Michael Shellenberger,Apokalipsės nebus,"Spinta C, 2 lentyna",Žagarinė salonas,16,6,Michael Shellenberger,Apokalipsės nebus,1.15,0.9,spine,,paantraštė nugarėlėje „Kodėl panika dėl aplinkosaugos mums kenkia“
K00380,Greta Thunberg; Svante Thunberg; Beata ir Malena Ernman,Lyg degtų namai,"Spinta C, 2 lentyna",Žagarinė salonas,16,7,"Greta Thunberg, Svante Thunberg, Beata Ernman, Malena Ernman",Lyg degtų namai,1.15,0.9,spine,,
K00381,Frank Partnoy,F.I.A.S.C.O.,"Spinta C, 2 lentyna",Žagarinė salonas,16,8,Frank Partnoy,F.I.A.S.C.O.,1.15,0.8,spine,,"tamsi nugarėlė, apačioje leidyklos raidė „P“"
K00382,Arthur L. Bowley,The Measurement of Social Phenomena,"Spinta C, 2 lentyna",Žagarinė salonas,16,9,Bowley,The Measurement of Social Phenomena,1.15,0.9,spine,,nugarėlėje tik pavardė „Bowley“
K00384,Timur Vermes,Jis ir vėl čia,"Spinta C, 2 lentyna",Žagarinė salonas,16,11,Timur Vermes,Jis ir vėl čia,1.15,0.9,spine,,
K00385,Barack Obama,The Audacity of Hope,"Spinta C, 2 lentyna",Žagarinė salonas,16,12,Barack Obama,The Audacity of Hope,1.15,0.9,spine,,paantraštė „Thoughts on Reclaiming the American Dream“
K00386,Talcott Parsons,Social Structure and Personality,"Spinta C, 2 lentyna",Žagarinė salonas,16,13,Talcott Parsons,Social Structure and Personality,1.15,0.9,spine,,apačioje ženklas „FP“
K00387,Joel Bakan,Korporacija: patologiškas pelno ir galios siekimas,"Spinta C, 2 lentyna",Žagarinė salonas,16,14,Joel Bakan,Korporacija: patologiškas pelno ir galios siekimas,1.15,0.9,spine,,
K00388,Robin Marris,The Economic Theory of 'Managerial' Capitalism,"Spinta C, 2 lentyna",Žagarinė salonas,16,15,Robin Marris,The Economic Theory of 'Managerial' Capitalism,1.15,0.9,spine,,
K00389,Al Gore,Nepatogi tiesa,"Spinta C, 2 lentyna",Žagarinė salonas,16,16,Al Gore,Nepatogi tiesa,1.15,0.9,spine,,"knyga pasukta, matosi ir galinis aplanko viršelis"
K00390,Gunnar Myrdal,Asian Drama (I tomas),"Spinta C, 2 lentyna",Žagarinė salonas,16,17,Gunnar Myrdal,Asian Drama,0.95,0.9,cover,Zagarine Salonas 16_1.JPG,nugarėlėje „VOL. I“; matoma tik plačiame kadre 16_1
K00391,Paul Krugman,The Return of Depression Economics,"Spinta C, 2 lentyna",Žagarinė salonas,16,18,Paul Krugman,The Return of Depression Economics,1.15,0.9,cover,Zagarine Salonas 16_1.JPG,matoma tik plačiame kadre 16_1
K00392,Daron Acemoglu; James A. Robinson,Why Nations Fail,"Spinta C, 2 lentyna",Žagarinė salonas,16,19,"Daron Acemoglu, James A. Robinson",Why Nations Fail,1.15,0.9,cover,Zagarine Salonas 16_1.JPG,apačioje leidyklos raidė „P“; matoma tik plačiame kadre 16_1
K00393,Ferdinand Lundberg,The Rich and the Super-Rich,"Spinta C, 2 lentyna",Žagarinė salonas,16,21,Ferdinand Lundberg,The Rich and the Super-Rich,1.15,0.8,cover,Zagarine Salonas 16_1.JPG,labai apiplyšęs aplankas; matoma tik plačiame kadre 16_1
K00394,Charles P. Loomis (?),Modern Social Theories,"Spinta C, 2 lentyna",Žagarinė salonas,16,22,Loomis,Modern Social Theories,1.15,0.9,cover,Zagarine Salonas 16_1.JPG,mėlyna drobinė nugarėlė; nugarėlėje tik pavardė „Loomis“
K00395,John T. Noonan,Bribes,"Spinta C, 2 lentyna",Žagarinė salonas,16,23,Noonan,Bribes,1.15,0.9,cover,Zagarine Salonas 16_1.JPG,nugarėlėje tik pavardė „Noonan“
K00396,Carl F. Christ (?),Econometric Models and Methods,"Spinta C, 2 lentyna",Žagarinė salonas,16,24,Christ,Econometric Models and Methods,1.15,0.9,cover,Zagarine Salonas 16_1.JPG,bibliotekinė etiketė „89 CHRIST“; paskutinė knyga dešiniajame lentynos gale
K00373,Norman Davies,Dievo žaislas: Lenkijos istorija (II tomas),"Spinta C, 2 lentyna",Žagarinė salonas,16,25,Norman Davies,"Dievo žaislas. Lenkijos istorija, I tomas",1.15,0.9,cover,Zagarine Salonas 16_2.JPG,"„Nuo seniausių laikų iki 1795 metų“; nufotografuota ant stalo, ne lentynoje"
K00397,Sud. Ruth Reichl,Remembrance of Things Paris: Sixty Years of Writing from Gourmet,"Spinta C, 2 lentyna",Žagarinė salonas,16,27,Ruth Reichl,Remembrance of Things Paris: Sixty Years of Writing from Gourmet,1.15,0.9,cover,Zagarine Salonas 16_4.JPG,sudarytoja ir įvado autorė Ruth Reichl; nufotografuota ant stalo
K00398,Martin Meredith,The State of Africa,"Spinta C, 2 lentyna",Žagarinė salonas,16,29,Martin Meredith,The State of Africa: A History of the Continent Since Independence,0.7,0.9,cover,Zagarine Salonas 16_6.JPG,nufotografuota rankoje
K00372,Arnolds Spekke,History of Latvia: An Outline,"Spinta C, 2 lentyna",Žagarinė salonas,16,31,Arnolds Spekke,History of Latvia: An Outline,1.15,0.9,cover,Zagarine Salonas 16_8.JPG,
K00400,Norman Davies,Dievo žaislas: Lenkijos istorija (I tomas),"Spinta C, 2 lentyna",Žagarinė salonas,16,32,Norman Davies,"Dievo žaislas. Lenkijos istorija, II tomas",1.15,0.9,cover,Zagarine Salonas 16_9.JPG,„Nuo 1795 metų iki mūsų dienų“
K00859,,,"Spinta G, 10 lentyna",Žagarinė salonas,17,1,Platonas,,1,0.6,spine,,"tamsiai bordo ir juoda nugarėlė su auksiniu pelėdos ženklu; pavadinimo ant nugarėlės nėra, viršuje priklijuotas bibliotekos lipdukas"
K00943,,,"Spinta H, 5 lentyna",Žagarinė salonas,17,2,Maksvelis,,1,0.6,spine,,"rusvai žalia nugarėlė, užrašyta tik pavardė „MAKSVELIS“"
K00955,,,"Spinta H, 6 lentyna",Žagarinė salonas,17,3,Marcelijus Martinaitis,,1,0.6,spine,,rusvai žalia nugarėlė su geltona etikete; nurodytas tik autorius
K00406,,Lietuvos Respublikos Konstitucija,"Spinta C, 3 lentyna",Žagarinė salonas,17,6,,Lietuvos Respublikos Konstitucija,1,0.9,spine,,juodai žalia nugarėlė
K00407,Dale Carnegie,Kaip atsikratyti nerimo ir pradėti gyventi,"Spinta C, 3 lentyna",Žagarinė salonas,17,7,Dale Carnegie,Kaip atsikratyti nerimo ir pradėti gyventi,1.15,0.9,spine,,tamsiai žalia nugarėlė
K00408,John Fowles,Kolekcionierius,"Spinta C, 3 lentyna",Žagarinė salonas,17,8,John Fowles,Kolekcionierius,1.15,0.9,spine,,
K00409,,Mažoji mokslo enciklopedija,"Spinta C, 3 lentyna",Žagarinė salonas,17,9,,Mažoji mokslo enciklopedija,1,0.9,spine,,"raudona nugarėlė, apačioje planetos piešinys; aplankas apiplyšęs"
K00410,Vytenis Almonaitis; Junona Almonaitienė,Gudaičių kaimas 1938–1948 metais,"Spinta C, 3 lentyna",Žagarinė salonas,17,11,,Gudaičių kaimas 1938–1948 metais,1,0.9,spine,,ant nugarėlės nurodyta „Kęstučio Almonaičio prisiminimai“
K00411,Vytenis Almonaitis,Vėl šniokščia rėvos (I–VII dalys),"Spinta C, 3 lentyna",Žagarinė salonas,17,12,Vytenis Almonaitis,Vėl šniokščia rėvos. I–VII dalys,1.15,0.9,spine,,alyvuogių spalvos nugarėlė
K00412,Lew Wallace,Kristaus istorija,"Spinta C, 3 lentyna",Žagarinė salonas,17,13,Lew Wallace,Kristaus istorija,1.15,0.9,spine,,kreminė nugarėlė su šviesiai mėlynu piešiniu
K00413,,Šiaurės skalva,"Spinta C, 3 lentyna",Žagarinė salonas,17,14,"Vytenis Almonaitis, Junona Almonaitienė",Šiaurės Skalva,1,0.9,spine,,žalia ir raudona nugarėlė
K00418,Nagendra Singh,"International Maritime Law Conventions (British Shipping Laws), 4 tomai","Spinta C, 3 lentyna",Žagarinė salonas,17,15,Singh,International Maritime Law Conventions,0.82,0.9,spine,,"serija „British Shipping Laws“; 4 tomai (Volume 1–4), sudėti plokščiai vienas ant kito dešiniajame lentynos gale"
K00421,Gary Hamel,The Future of Management,"Spinta C, 4 lentyna",Žagarinė salonas,18,3,Gary Hamel,The Future of Management,1.15,0.9,spine,,
K00422,Sydney Finkelstein,Kodėl žlunga šaunūs vadovai,"Spinta C, 4 lentyna",Žagarinė salonas,18,4,Sydney Finkelstein,Kodėl žlunga šaunūs vadovai,1.15,0.9,spine,,
K00423,Gary Hamel; Bill Breen,Vadybos ateitis,"Spinta C, 4 lentyna",Žagarinė salonas,18,5,Gary Hamel,Vadybos ateitis,1.15,0.9,spine,,apačioje „Gary Hamel ir Bill Breen“
K00424,Marshall McLuhan,Kaip suprasti medijas,"Spinta C, 4 lentyna",Žagarinė salonas,18,6,Marshall McLuhan,Kaip suprasti medijas,1.15,0.9,spine,,
K00425,Richard Branson,Business Stripped Bare,"Spinta C, 4 lentyna",Žagarinė salonas,18,8,Richard Branson,Business Stripped Bare,1.15,0.9,spine,,paantraštė „Adventures of a Global Entrepreneur“
K00426,Chip Heath; Dan Heath,Made to Stick,"Spinta C, 4 lentyna",Žagarinė salonas,18,9,"Chip Heath, Dan Heath",Made to Stick,1.15,0.9,spine,,
K00427,Leslie Gaines-Ross,CEO Capital,"Spinta C, 4 lentyna",Žagarinė salonas,18,10,Leslie Gaines-Ross,CEO Capital,1.15,0.9,spine,,ant nugarėlės tik „Gaines-Ross“
K00428,Michael Lewis,Moneyball,"Spinta C, 4 lentyna",Žagarinė salonas,18,11,Michael Lewis,Moneyball,1.15,0.9,spine,,
K00429,Tom Peters,Re-imagine!,"Spinta C, 4 lentyna",Žagarinė salonas,18,12,Tom Peters,Re-imagine!,1.15,0.9,spine,,
K00430,Sud. Rowan Gibson,Rethinking the Future,"Spinta C, 4 lentyna",Žagarinė salonas,18,13,Rowan Gibson,Rethinking the Future,1.15,0.9,spine,,„edited by Rowan Gibson“
K00431,Howard Schultz; Dori Jones Yang,Kava su meile: kaip Starbucks sukūrė kompaniją po puodelio,"Spinta C, 4 lentyna",Žagarinė salonas,18,14,"Howard Schultz, Dori Jones Yang",Kava su meile. Kaip STARBUCKS sukūrė kompaniją puodelis po puodelio,1.08,0.9,spine,,
K00432,Robert Spector,amazon.com: Sparti plėtra,"Spinta C, 4 lentyna",Žagarinė salonas,18,15,Robert Spector,amazon.com. Sparti plėtra,1.15,0.9,spine,,
K00433,Seth Godin,Idėjų knyga,"Spinta C, 4 lentyna",Žagarinė salonas,18,16,,Idėjų knyga,1,0.6,spine,,"juoda nugarėlė, autorius nematomas"
K00434,Seth Godin,Ikaro apgaulė: kaip aukštai tu skrisi?,"Spinta C, 4 lentyna",Žagarinė salonas,18,17,Seth Godin,Ikaro apgaulė. Kaip aukštai tu skrisi?,1.15,0.9,spine,,
K00435,Larry Farrell (?),The Entrepreneurial Attitude,"Spinta C, 4 lentyna",Žagarinė salonas,18,18,Larry C. Farrell,The Entrepreneurial Attitude,1.15,0.6,spine,,ant nugarėlės tik „FARRELL“
K00436,,Insight Inside,"Spinta C, 4 lentyna",Žagarinė salonas,18,19,,Insight Inside,1,0.6,spine,,"balta nugarėlė, autorius nematomas"
K00437,Al Ries; Jack Trout,Marketingo karai,"Spinta C, 4 lentyna",Žagarinė salonas,18,20,"Al Ries, Jack Trout",Marketingo karai,1.15,0.9,spine,,
K00438,Steven D. Levitt; Stephen J. Dubner,Keistonomika,"Spinta C, 4 lentyna",Žagarinė salonas,18,21,"Steven D. Levitt, Stephen J. Dubner",Keistonomika,1.15,0.9,spine,,paantraštė „Įdomėlis ekonomistas tyrinėja nematomąją pusę“
K00439,Kjell A. Nordström; Jonas Ridderstråle,Karaoke Capitalism,"Spinta C, 4 lentyna",Žagarinė salonas,18,22,,Karaoke Capitalism,1,0.6,spine,,balta nugarėlė su vėžliukais; autoriai nematomi
K00440,David Ogilvy,Reklamos žmogaus išpažintis,"Spinta C, 4 lentyna",Žagarinė salonas,18,23,David Ogilvy,Reklamos žmogaus išpažintis,1.15,0.9,spine,,ant nugarėlės parašo formos „Ogilvy“
K00441,Dan Hill,Body of Truth,"Spinta C, 4 lentyna",Žagarinė salonas,18,24,Dan Hill,Body of Truth,1.15,0.9,spine,,paantraštė „Leveraging What Consumers Can't or Won't Say“; nugarėlėje „HILL“
K00982,,,"Spinta H, 8 lentyna",Žagarinė salonas,18,25,Ignas Staskevičius,,1,0.6,spine,,serija „Lietuvos verslo legendos“; pavadinimas rausvoje juostelėje neįskaitomas (panašu į „DOMERTAS“)
K00443,Shakti Gawain,Visualización Creativa,"Spinta C, 4 lentyna",Žagarinė salonas,18,26,Shakti Gawain,Visualización creativa,1.15,0.9,spine,,ispanų kalba
K00444,Jan M. Malecki,A History of Kraków for Everyone,"Spinta C, 4 lentyna",Žagarinė salonas,18,29,Jan M. Malecki,A History of Kraków for Everyone,1.15,0.9,spine,,
K00445,H. Kardel,Adolfas Hitleris – Izraelio įkūrėjas,"Spinta C, 4 lentyna",Žagarinė salonas,18,30,,Adolfas Hitleris – Izraelio įkūrėjas,1,0.6,spine,,plona nugarėlė; matoma „…AS HITLERIS – IZRAELIO ĮKŪRĖJAS“
K00446,Richard Rogers; Anne Power,Mažos valstybės miestai,"Spinta C, 4 lentyna",Žagarinė salonas,18,33,"Richard Rogers, Anne Power",Mažos valstybės miestai,1.15,0.6,spine,,"žalia nugarėlė, rausvos raidės"
K01518,Vytautas Tarasonis,Fizika (atskiras tomas),"Spinta J, 20 niša (mišri apatinė)",Žagarinė salonas,18,34,Stasys Dabušis,Fizika pašnekesiais. I tomas,0.67,0.9,cover,Zagarine Salonas 18_1.JPG,"antraštinis lapas; Kaunas, Šv. Kazimiero draugijos leidinys Nr. 715; lentynos nugarėlėse neatpažinta"
K00401,Karl R. Popper (K. R. Popperis),Istoricizmo skurdas,"Spinta C, 3 lentyna",Žagarinė salonas,18,36,K. R. Poperis,Istoricizmo skurdas,1,0.9,cover,Zagarine Salonas 18_3.JPG,lentynos nugarėlėse neatpažinta
K00449,Heinz Guderian,Kareivio atsiminimai,"Spinta C, 5 lentyna",Žagarinė salonas,19,1,Heinz Guderian,Kareivio atsiminimai,1.15,0.9,spine,,auksinė nugarėlė
K00450,Timothy Ferriss,The 4-Hour Body,"Spinta C, 5 lentyna",Žagarinė salonas,19,3,Timothy Ferriss,The 4-Hour Body,1.15,0.9,spine,,
K00451,Arturo Pérez-Reverte,Būgno oda,"Spinta C, 5 lentyna",Žagarinė salonas,19,4,Arturo Pérez-Reverte,Būgno oda,1.15,0.9,spine,,
K00452,David Mitchell,Juodųjų gulbių slėnis,"Spinta C, 5 lentyna",Žagarinė salonas,19,5,David Mitchell,Juodųjų Gulbių slėnis,1.15,0.9,spine,,
K00454,Yuval Noah Harari,21 pamoka XXI amžiui,"Spinta C, 5 lentyna",Žagarinė salonas,19,7,Yuval Noah Harari,21 pamoka XXI amžiui,1.15,0.9,spine,,
K00455,Steven Bartlett,The Diary of a CEO,"Spinta C, 5 lentyna",Žagarinė salonas,19,8,Steven Bartlett,The Diary of a CEO,1.15,0.9,spine,,
K00456,Douglas Adams,The Hitchhiker's Guide to the Galaxy,"Spinta C, 5 lentyna",Žagarinė salonas,19,9,Douglas Adams,The Hitchhiker's Guide to the Galaxy,1.15,0.9,spine,,raudona nugarėlė su SF ženkleliu
K00457,James Joyce,Ulisas (I tomas),"Spinta C, 5 lentyna",Žagarinė salonas,19,10,James Joyce,Ulisas. 1,0.82,0.9,spine,,"dviejų tomų komplektas su pos 11; mėlyna nugarėlė, ženklas „1“"
K00458,James Joyce,Ulisas (II tomas),"Spinta C, 5 lentyna",Žagarinė salonas,19,11,James Joyce,Ulisas. 2,0.82,0.9,spine,,"žalia nugarėlė, ženklas „2“"
K00459,René Descartes,Meditations on First Philosophy,"Spinta C, 5 lentyna",Žagarinė salonas,19,12,René Descartes,Meditations on First Philosophy,1.15,0.9,spine,,nugarėlėje autorius nurodytas „Descartes“
K00460,Jonathan Haidt,The Happiness Hypothesis,"Spinta C, 5 lentyna",Žagarinė salonas,19,14,Jonathan Haidt,The Happiness Hypothesis. Finding Modern Truth in Ancient Wisdom,0.7,0.9,spine,,nugarėlėje autorius nurodytas „HAIDT“
K00990,,,"Spinta H, 9 lentyna",Žagarinė salonas,19,15,,ギリシャ神話,1,0.6,spine,,"japonų kalba; tamsiai mėlyna nugarėlė su žvaigždėtu dangumi, ženklas „TOUBI'S“"
K00465,,Lietuva / Lithuania: Aerodromų informacinis rinkinys (Airfield Guide),"Spinta C, 6 lentyna",Žagarinė salonas,20,2,,Aerodromų informacinis rinkinys / Airfield Guide,0.83,0.9,spine,,"tamsiai mėlynas įrišimas su auksiniu įspaudu, ant šono „Lietuva / Lithuania“; guli plokščiai"
K00466,,Aerodinamika ir skrydžių dinamika,"Spinta C, 6 lentyna",Žagarinė salonas,20,3,,Aerodinamika ir skrydžių dinamika,1,0.9,spine,,šviesiai mėlyna nugarėlė; guli plokščiai
K00467,,Private Pilot Handbook,"Spinta C, 6 lentyna",Žagarinė salonas,20,4,,Private Pilot Handbook,1,0.9,spine,,serija „Guided Flight Discovery“; rusva stora knyga krūvos apačioje
K00463,Richard D. Heffner,A Documentary History of the United States,"Spinta C, 6 lentyna",Žagarinė salonas,20,6,Richard D. Heffner,A Documentary History of the United States,1.15,0.9,spine,,"kišeninis leidimas, ME 2413; vidurinės krūvos viršuje"
K00469,Masashi Kishimoto (Masašis Kišimotas),Naruto — serija,"Spinta C, 7 lentyna (apatinė)",Žagarinė salonas,20,10,Masašis Kišimotas,Naruto,0.82,0.6,spine,,"vidurinės krūvos apačioje; matosi pavardė „KIŠIMOTAS“, spalvotas logotipas ir „3“ (3 tomas)"
K00461,,History of Estonia,"Spinta C, 6 lentyna",Žagarinė salonas,20,14,,History of Estonia,1,0.9,spine,,oranžinės raidės ant fotografinės nugarėlės; autoriaus nematyti
K00462,William A. McClenaghan,Magruder's American Government,"Spinta C, 6 lentyna",Žagarinė salonas,20,15,McClenaghan,American Government,0.95,0.9,spine,,"aptrinta smėlio spalvos nugarėlė, dešinysis lentynos galas"
K00470,Arnoldas Tannenbaumas,Kelionės į šiuolaikinę matematiką,"Spinta C, 7 lentyna (apatinė)",Žagarinė salonas,21,1,,Šiuolaikinė matematika,0.8,0.6,spine,,"rožinė nugarėlė, mėlynas viršelis; virš pavadinimo smulkesnis neįskaitomas užrašas"
K00471,Thomas L. Friedman,The World Is Flat,"Spinta C, 7 lentyna (apatinė)",Žagarinė salonas,21,2,Thomas L. Friedman,The World Is Flat,1.15,0.9,spine,,"paantraštė viršelyje „A Brief History of the Twenty-First Century. Updated and Expanded“; knyga pakrypusi, matyti ir viršelis, ir smėlio spalvos nugarėlė"
K00473,Hans-Georg Gadamer,Tiesa ir metodas (2 tomas),"Spinta C, 7 lentyna (apatinė)",Žagarinė salonas,21,4,Hans-Georg Gadamer,Tiesa ir metodas,0.95,0.9,spine,,rožinė nugarėlė; viršuje smulkus paantraštės tekstas
K01003,,,"Spinta H, 10 lentyna",Žagarinė salonas,21,6,Hans-Georg Gadamer,,1,0.3,spine,,"oranžinė nugarėlė; atrodo, kad užrašyta ta pati autoriaus pavardė, pavadinimas neįskaitomas"
K00475,,Chemijos enciklopedija,"Spinta C, 7 lentyna (apatinė)",Žagarinė salonas,21,8,,Chemijos enciklopedija,1,0.9,spine,,geltona nugarėlė su violetiniu molekulės piešiniu
K00476,,2014–2018,"Spinta C, 7 lentyna (apatinė)",Žagarinė salonas,21,9,,2014–2018,1,0.6,spine,,balta nugarėlė; ant nugarėlės tik metų intervalas (greičiausiai metraštis ar ataskaita)
K00477,,Didysis lietuvių–esperanto kalbų žodynas,"Spinta C, 7 lentyna (apatinė)",Žagarinė salonas,21,10,,Didysis lietuvių–prancūzų kalbų žodynas,0.8,0.6,spine,,pilkai mėlynas kietas viršelis su įspaustu tekstu; apačioje prancūziškas pavadinimas
K00345,,Spalvotieji kineskopai,"Spinta B, 6 lentyna (apatinė)",Žagarinė salonas,21,11,,Spalvotieji kineskopai,1,0.9,spine,,žalia nugarėlė
K00200,Nikolajus Gogolis (Н. В. Гоголь),Избранные сочинения,"Spinta B, 1 lentyna (viršutinė)",Žagarinė salonas,22,1,Н. В. Гоголь,Избранные сочинения,1.15,0.9,spine,,tamsiai mėlynas įrišimas su auksiniu ornamentu
K01008,,,"Spinta H, 11 lentyna",Žagarinė salonas,22,2,И. С. Тургенев,,1,0.6,spine,,"tamsiai mėlynas įrišimas, ant nugarėlės tik autoriaus pavardė"
K00202,Michailas Saltykovas-Ščedrinas,История одного города,"Spinta B, 1 lentyna (viršutinė)",Žagarinė salonas,22,4,М. Е. Салтыков-Щедрин,История одного города. Сказки,0.86,0.9,spine,,serija „Классики и современники“ (KC)
K00203,Antonas Čechovas (А. П. Чехов),Толстый и тонкий. Рассказы,"Spinta B, 1 lentyna (viršutinė)",Žagarinė salonas,22,5,А. П. Чехов,Толстый и тонкий. Рассказы,1.15,0.9,spine,,serija „Классики и современники“ (KC)
K00204,Konstantinas Simonovas (K. Simonovas),Gyvieji ir mirusieji,"Spinta B, 1 lentyna (viršutinė)",Žagarinė salonas,22,6,K. Simonovas,Gyvieji ir mirusieji,1.15,0.9,spine,,geltonsvė nugarėlė su juoda grafika
K00205,Aleksandras Puškinas,Евгений Онегин,"Spinta B, 1 lentyna (viršutinė)",Žagarinė salonas,22,7,А. С. Пушкин,Евгений Онегин,1,0.9,spine,,garstyčių spalvos nugarėlė
K01018,,,"Spinta H, 12 lentyna",Žagarinė salonas,22,8,Александр Блок,,1,0.6,spine,,"balta nugarėlė, tik autoriaus vardas"
K01040,,,"Spinta H, 13 lentyna",Žagarinė salonas,22,9,Сергей Есенин,,1,0.9,spine,,"žalias įrišimas su auksu, apačioje „1“ – pirmas tomas"
K00208,,Русский эротический фольклор,"Spinta B, 1 lentyna (viršutinė)",Žagarinė salonas,22,10,,Русский эротический фольклор,1,0.9,spine,,raudonas įrišimas su auksiniais ornamentais
K00209,Michailas Saltykovas-Ščedrinas,Мелочи жизни,"Spinta B, 1 lentyna (viršutinė)",Žagarinė salonas,22,11,,Мелочи жизни,1,0.6,spine,,serija „Классики и современники“ (KC); autoriaus pavardės ant nugarėlės nesimato
K00210,Nikolajus Gogolis,Повести; Ревизор,"Spinta B, 1 lentyna (viršutinė)",Žagarinė salonas,22,12,Н. В. Гоголь,Повести • Ревизор,1,0.9,spine,,serija „Классики и современники“ (KC)
K00212,Borisas Pasternakas,Daktaras Živaga,"Spinta B, 1 lentyna (viršutinė)",Žagarinė salonas,22,13,Borisas Pasternakas,Daktaras Živaga,1.15,0.9,spine,,serija „Nobelio premijos laureatai“
K00213,Michailas Bulgakovas,Романы. Повести. Рассказы,"Spinta B, 1 lentyna (viršutinė)",Žagarinė salonas,22,14,Михаил Булгаков,Романы. Повести. Рассказы,1,0.9,spine,,balta nugarėlė su dailininko portretine grafika viršuje
K01126,,,"Spinta I, 10 lentyna (psichologija)",Žagarinė salonas,22,15,Иосиф Бродский,,1,0.6,spine,,"juoda nugarėlė, tik autoriaus vardas"
K00215,Aleksejus N. Tolstojus,Гиперболоид инженера Гарина,"Spinta B, 1 lentyna (viršutinė)",Žagarinė salonas,22,16,Алексей Толстой,Гиперболоид инженера Гарина,1,0.9,spine,,
K00216,Šota Rustavelis,Витязь в тигровой шкуре,"Spinta B, 1 lentyna (viršutinė)",Žagarinė salonas,22,17,Шота Руставели,Витязь в тигровой шкуре,1,0.9,spine,,
K00217,Ivanas Gončarovas,Обломов,"Spinta B, 1 lentyna (viršutinė)",Žagarinė salonas,22,18,,Обломов,1,0.9,spine,Zagarine Salonas 22_1.JPG,"plona kišeninė knyga, oranžinė serijos juosta viršuje; autorius ant nugarėlės nenurodytas (И. А. Гончаров)"
K01133,,,"Spinta I, 11 lentyna (Jo Nesbø, detektyvai)",Žagarinė salonas,22,19,Гончаров,,1,0.6,spine,Zagarine Salonas 22_1.JPG,"stora tamsiai žalia knyga, ant nugarėlės apačioje oranžinėmis raidėmis „ГОНЧАРОВ“; pavadinimas užstotas"
K00218,Michailas Bulgakovas,"Полное собрание романов, повестей и рассказов в одном томе","Spinta B, 1 lentyna (viršutinė)",Žagarinė salonas,22,21,Михаил Булгаков,"Полное собрание романов, повестей и рассказов в одном томе",1,0.9,spine,Zagarine Salonas 22_1.JPG,stora tamsiai žalia knyga su autoriaus portretu nugarėlės viršuje
K00219,Fiodoras Dostojevskis,Преступление и наказание,"Spinta B, 1 lentyna (viršutinė)",Žagarinė salonas,22,22,Фёдор Достоевский,Преступление и наказание,1,0.9,spine,Zagarine Salonas 22_1.JPG,bordinis įrišimas su auksu ir kadro iliustracija
K00220,Fiodoras Dostojevskis,Братья Карамазовы,"Spinta B, 1 lentyna (viršutinė)",Žagarinė salonas,22,23,Фёдор Достоевский,Братья Карамазовы,1,0.9,spine,Zagarine Salonas 22_1.JPG,"kreminė nugarėlė, viršuje raudona iliustracija"
K01139,,,"Spinta I, 12 lentyna (Castaneda, Simenon)",Žagarinė salonas,22,24,Ф. М. Достоевский,,1,0.9,spine,Zagarine Salonas 22_1.JPG,"tamsiai žalias auksintas įrišimas, 6 tomas"
K01167,,,"Spinta I, 14 lentyna (įvairenybės)",Žagarinė salonas,22,25,Ф. М. Достоевский,,1,0.9,spine,Zagarine Salonas 22_1.JPG,"tamsiai žalias auksintas įrišimas, 7 tomas"
K01182,,,"Spinta I, 17 lentyna (XX a. klasika)",Žagarinė salonas,22,26,А. С. Пушкин,,1,0.9,spine,Zagarine Salonas 22_1.JPG,"rudas auksintas įrišimas, 2 tomas; paskutinė lentynoje dešinėje"
K00225,Vladimiras Nabokovas,Другие берега,"Spinta B, 1 lentyna (viršutinė)",Žagarinė salonas,22,28,Владимир Набоков,Другие берега,1,0.9,cover,Zagarine Salonas 22_3.JPG,kreminis viršelis su kontūrinėmis raidėmis; lentynos nuotraukoje neatpažinta
K00224,Ivanas Lažečnikovas (И. И. Лажечников),Ледяной дом,"Spinta B, 1 lentyna (viršutinė)",Žagarinė salonas,22,29,И. И. Лажечников,Ледяной дом,1.15,0.9,cover,Zagarine Salonas 22_4.JPG,rusvai žalias įrišimas su raudonu rėmeliu; lentynos nuotraukoje neatpažinta
K01249,,,"Spinta I, 27 lentyna (šachmatai)",Žagarinė salonas,23,2,Dante Alighieri,,1,0.6,spine,,"stora kreminė knyga; ant nugarėlės tik autoriaus vardas, pavadinimo nėra"
K00228,Plautas,Komedijos,"Spinta B, 2 lentyna",Žagarinė salonas,23,5,Plautas,Komedijos,1.15,0.9,spine,,juoda nugarėlė
K00229,,Antikos poetės,"Spinta B, 2 lentyna",Žagarinė salonas,23,6,,Antikos poetės,1,0.6,spine,,juoda nugarėlė su šviesiomis raidėmis; antologija
K00230,,Poetinė Eda,"Spinta B, 2 lentyna",Žagarinė salonas,23,7,,Poetinė Eda,1,0.9,spine,,balta nugarėlė su keltišku ornamentu
K00231,Gotfrydas fon Strasburgas (Gottfried von Strassburg),Tristan,"Spinta B, 2 lentyna",Žagarinė salonas,23,9,Gottfried von Strassburg,Tristan,1.15,0.9,spine,,juoda nugarėlė
K00232,Petronijus,Satyrikonas,"Spinta B, 2 lentyna",Žagarinė salonas,23,10,Petronijus,Satyrikonas,1.15,0.9,spine,,juoda nugarėlė su auksine jūrų arkliuko vinjete
K00233,Horacijus (Horatius),Ars Poetica,"Spinta B, 2 lentyna",Žagarinė salonas,23,11,Horatius,Ars poetica,1.15,0.9,spine,,kreminė nugarėlė
K01324,,,"Spinta I, 35 lentyna (istorija, Antika)",Žagarinė salonas,23,12,Epiktetas,,1,0.6,spine,,kreminė suplyšusi nugarėlė; matyti tik autoriaus vardas EPIKTETAS
K01366,,,"Spinta J, 7 niša (Radvilos, sociologija)",Žagarinė salonas,23,13,Еврипид,,1,0.6,spine,,auksinės spalvos nugarėlė su juodfigūriniu piešiniu; pavadinimo nesimato
K01399,,,"Spinta J, 11 niša (senoji klasika, vokiečių)",Žagarinė salonas,23,14,Lukianas,,1,0.6,spine,,juoda nuskilusi nugarėlė; matyti tik autoriaus vardas
K01521,,,"Spinta J, 20 niša (mišri apatinė)",Žagarinė salonas,23,15,Ksenofontas,,1,0.6,spine,,balta nugarėlė; matyti tik autoriaus vardas
K00237,,Liebesdichtung der Griechen und Römer,"Spinta B, 2 lentyna",Žagarinė salonas,23,16,,Liebesdichtung der Griechen und Römer,1,0.9,spine,,"kreminė nugarėlė, kursyvinis šriftas"
K00238,Francesco Petrarca,Il Canzoniere,"Spinta B, 2 lentyna",Žagarinė salonas,23,17,Petrarca,Il Canzoniere,1.15,0.9,spine,,auksinė nugarėlė; viršuje užrašas „785-788 b. U. R.“
K00239,Francesco Petrarca,Selections from the Canzoniere and Other Works,"Spinta B, 2 lentyna",Žagarinė salonas,23,18,Petrarch,Selections from the Canzoniere and Other Works,1,0.9,spine,,"balta nugarėlė, pavadinimas rausvomis raidėmis"
K00241,Aurelijus Augustinas (Аврелий Августин),Исповедь,"Spinta B, 2 lentyna",Žagarinė salonas,23,20,Аврелий Августин,Исповедь,1.15,0.9,spine,,tamsi nugarėlė su žaliu įrašu ir ornamentu
K00242,,Historie von Alexander dem Grossen,"Spinta B, 2 lentyna",Žagarinė salonas,23,21,,Historie von Alexander dem Grossen,1,0.9,spine,,plona gelsva nugarėlė; apačioje numeris „625“
K01530,,,"Spinta J, 22 niša (tautų mitai)",Žagarinė salonas,23,22,Anatolijus Varšavskis,,1,0.6,spine,,"gelsva nugarėlė; matyti tik autoriaus vardas, pavadinimas neįskaitomas"
K01540,,,"Spinta J, 24 niša (seni apiplyšę tomai)",Žagarinė salonas,23,23,Платон,,1,0.6,spine,,kreminė nudėvėta nugarėlė su mėlyna raide П; pavadinimo nesimato
K00245,Valentinas Asmusas (В. Асмус),Декарт,"Spinta B, 2 lentyna",Žagarinė salonas,23,24,В. Асмус,Декарт,1.15,0.9,spine,,tamsiai žalias audeklinis viršelis su auksiniais rėmeliais
K00246,Aristotelis (Аристотель),Сочинения (3 tomas),"Spinta B, 2 lentyna",Žagarinė salonas,23,25,Аристотель,Сочинения,0.82,0.9,spine,,chaki spalvos nugarėlė; том 3
K00247,Apolonijas Rodietis (Apollonios Rhodietis),Argonautika,"Spinta B, 2 lentyna",Žagarinė salonas,23,26,Apolonijas Rodietis,Argonautika,1.15,0.9,spine,,"balta nugarėlė, raudonas pavadinimas; paskutinė knyga lentynoje"
K00249,,Die Kopten,"Spinta B, 3 lentyna",Žagarinė salonas,24,1,,Die Kopten,1,0.9,spine,,"serija „Kunst der Welt“, P43; tamsus viršelis atverstas į galą"
K00251,Amin Maalouf,Kryžiaus žygiai arabų akimis,"Spinta B, 3 lentyna",Žagarinė salonas,24,3,Amin Maalouf,Kryžiaus žygiai arabų akimis,1.15,0.9,spine,,
K01612,,,"Spinta D (balta), 10 lentyna (lietuvių proza)",Žagarinė salonas,24,4,Л. Н. Великович,,1,0.6,spine,,tamsiai žalia nugarėlė su baltu piešiniu; matosi tik autoriaus pavardė
K00250,John Julius Norwich,A Short History of Byzantium,"Spinta B, 3 lentyna",Žagarinė salonas,24,6,John Julius Norwich,A Short History of Byzantium,1.15,0.9,spine,,
K00253,A. N. Sacharovas (А. Н. Сахаров),Дипломатия древней Руси,"Spinta B, 3 lentyna",Žagarinė salonas,24,7,А. Н. Сахаров,Дипломатия древней Руси,1.15,0.9,spine,,bordo nugarėlė su auksiniu ornamentu
K00254,R. G. Skrynnikovas (Р. Г. Скрынников),Россия накануне «смутного времени»,"Spinta B, 3 lentyna",Žagarinė salonas,24,8,Р. Г. Скрынников,Россия накануне «смутного времени»,1.15,0.9,spine,,
K00255,Sud. Felix J. Oinas,Heroic Epic and Saga,"Spinta B, 3 lentyna",Žagarinė salonas,24,9,,Heroic Epic and Saga,1,0.9,spine,,sudarytojo pavardės ant nugarėlės nematyti
K00256,,История средних веков,"Spinta B, 3 lentyna",Žagarinė salonas,24,10,,История средних веков,1,0.9,spine,,"tamsi nugarėlė su raudonu ornamentu, apačioje tomo numeris 2"
K00257,,Ägypten – Faszination und Abenteuer,"Spinta B, 3 lentyna",Žagarinė salonas,24,11,,Ägypten – Faszination und Abenteuer,1,0.9,spine,,autoriaus ant nugarėlės nematyti
K00258,Julio Valdeón Baruque,La Reconquista,"Spinta B, 3 lentyna",Žagarinė salonas,24,12,Julio Valdeón Baruque,La Reconquista,1.15,0.9,spine,,ispanų kalba
K00260,Eduard Fuchs (?),История нравов,"Spinta B, 3 lentyna",Žagarinė salonas,24,13,,История нравов. Буржуазный век,0.67,0.9,spine,,autoriaus ant nugarėlės nematyti; iš knygos kyšo atsiklijavęs aplankas
K00261,,Историки античности,"Spinta B, 3 lentyna",Žagarinė salonas,24,14,,Историки античности,1,0.9,spine,,"pilka nugarėlė su graikišku meandru, tomas II"
K01621,,,"Spinta D (balta), 11 lentyna (rusų literatūra, memuarai)",Žagarinė salonas,24,15,Тит Ливий,,1,0.9,spine,,"rusva odinė nugarėlė, tomas II; pavadinimo nėra"
K01631,,,"Spinta D (balta), 12 lentyna (lietuvių klasika, seni tomai)",Žagarinė salonas,24,16,Тит Ливий,,1,0.9,spine,,"šviesiai rusva odinė nugarėlė, tomas I; pavadinimo nėra"
K00264,Lucien Febvre (Люсьен Февр),Бои за историю,"Spinta B, 3 lentyna",Žagarinė salonas,24,17,Люсьен Февр,Бои за историю,1.15,0.9,spine,,tamsiai rožinė nugarėlė
K01640,,,"Spinta D (balta), spintelė (sportas, teisė)",Žagarinė salonas,24,18,С. Н. Булгаков,,1,0.6,spine,,mėlyna nugarėlė su monograma „СН“; pavadinimo nėra
K00266,Bertrand Russell (Бертран Рассел),Почему я не христианин,"Spinta B, 3 lentyna",Žagarinė salonas,24,19,Бертран Рассел,Почему я не христианин,1.15,0.9,cover,Zagarine Salonas 24_1.JPG,serija „Библиотека атеистической литературы“
K00267,Richard Branson,Losing My Virginity: The Autobiography,"Spinta B, 3 lentyna",Žagarinė salonas,24,20,Richard Branson,Losing My Virginity. The Autobiography,1.15,0.9,cover,Zagarine Salonas 24_1.JPG,"knyga pakrypusi, matyti ir raudonas viršelis"
K00268,Tom Holland,Rubicon,"Spinta B, 3 lentyna",Žagarinė salonas,24,21,Tom Holland,Rubicón,1.15,0.9,cover,Zagarine Salonas 24_1.JPG,"ispaniškas leidimas, Nr. 3021"
K00269,,Gaudeamus Igitur,"Spinta B, 3 lentyna",Žagarinė salonas,24,22,,Gaudeamus igitur,1,0.6,cover,Zagarine Salonas 24_1.JPG,"plona knygelė, nugarėlėje senovinė graviūra; kalbos nustatyti nepavyko"
K00270,Walter Markov; Albert Soboul,1789.0,"Spinta B, 3 lentyna",Žagarinė salonas,24,23,"Markov, Soboul",1789,1.15,0.6,cover,Zagarine Salonas 24_1.JPG,"raudona nugarėlė, viršuje „100“, apačioje „prv“"
K00271,John Burrow,A History of Histories,"Spinta B, 3 lentyna",Žagarinė salonas,24,24,John Burrow,A History of Histories,1.15,0.9,cover,Zagarine Salonas 24_1.JPG,
K01652,,,"Spinta D (balta), filosofijos lentyna (viršutinė)",Žagarinė salonas,24,27,Aronas Gurevičius,,1,0.6,cover,Zagarine Salonas 24_1.JPG,"atskira žemesnė juoda knyga, serija „Civilizacijos metmenys“; pavadinimo nematyti"
K00272,,Мистическая Япония,"Spinta B, 3 lentyna",Žagarinė salonas,24,28,,Мистическая Япония,1,0.9,cover,Zagarine Salonas 24_1.JPG,raudona nugarėlė su geišos nuotrauka
K01698,,,"Medinė lentyna, 1 lentyna (kelionės)",Žagarinė salonas,24,29,,古诗一百首,1,0.9,cover,Zagarine Salonas 24_1.JPG,kinų kalba; paskutinė knyga dešinėje
K00274,Joachim Herrmann,Spuren des Prometheus,"Spinta B, 3 lentyna",Žagarinė salonas,24,30,Joachim Herrmann,Spuren des Prometheus,1.15,0.9,cover,Zagarine Salonas 24_1.JPG,guli plokščiai po dešiniąja lentynos dalimi
K00289,,Культура Византии,"Spinta B, 4 lentyna",Žagarinė salonas,25,1,,Культура Византии,1,0.9,spine,,tamsiai žalsvas kietas viršelis su aplanku; kraštinė knyga kairėje
K00290,,Biblijos enciklopedija,"Spinta B, 4 lentyna",Žagarinė salonas,25,2,,Biblijos enciklopedija,1,0.9,spine,,"tamsiai mėlyna nugarėlė, marmuruotas aplankas"
K00291,Thomas Watson (Томас Ватсон),Десять Заповедей,"Spinta B, 4 lentyna",Žagarinė salonas,25,4,Томас Ватсон,Десять заповедей,1.15,0.9,spine,,oranžinis viršelis su portretu; nugarėlės apačioje „DRTS“
K00292,Martynas Liuteris (Martin Luther),Užstalės pokalbiai,"Spinta B, 4 lentyna",Žagarinė salonas,25,5,Martynas Liuteris,Užstalės pokalbiai,1.15,0.9,spine,,"kreminė nugarėlė, apačioje „ALK“; ant nugarėlės užklijuotas mėlynas ekslibriso ženkliukas"
K00293,,Kristaus istorija (1 tomas),"Spinta B, 4 lentyna",Žagarinė salonas,25,6,,Kristaus istorija,0.8,0.8,spine,,nugarėlės viršuje „1“ — pirmas tomas; autoriaus nesimato
K00294,S. A. Tokarevas (С. А. Токарев),Ранние формы религии,"Spinta B, 4 lentyna",Žagarinė salonas,25,7,С. А. Токарев,Ранние формы религии,1.15,0.9,spine,,serija „Библиотека атеистической литературы“
K00296,,Kalevala,"Spinta B, 4 lentyna",Žagarinė salonas,25,9,,Kalevala,1,0.85,spine,,"kreminė drobinė nugarėlė, pilkas įspaustas pavadinimas; autoriaus / sudarytojo nesimato"
K01741,,Šventasis Raštas,"Medinė lentyna, 4 lentyna (albumai, Vilniaus istorija)",Žagarinė salonas,25,10,,Šventasis Raštas II,1,0.85,spine,,"ruda odinė nugarėlė su auksuotu įspaudu; ant nugarėlės „SVENTASIS RASTAS II“ (be diakritikų), II tomas"
K00298,Michael Laitman (Михаэль Лайтман),Основы Каббалы (Каббала: тайное учение),"Spinta B, 4 lentyna",Žagarinė salonas,25,11,Михаэль Лайтман,Основы Каббалы,0.72,0.9,spine,,juoda nugarėlė su auksuotu ornamentu; apačioje serijos įrašas „Каббала. Тайное учение“
K00276,Gusztáv Gecse (Г. Гече),Библейские истории,"Spinta B, 4 lentyna",Žagarinė salonas,25,12,Г. Гече,Библейские истории,1.15,0.9,spine,,
K00277,Kwan Lau,Feng Shui Šiandien,"Spinta B, 4 lentyna",Žagarinė salonas,25,13,Kwan Lau,Feng shui šiandien,1.15,0.85,spine,,"plona balta nugarėlė, pavadinimas oranžinis, apačioje „KWAN LAU“"
K00278,Patrick French,Younghusband: The Last Great Imperial Adventurer,"Spinta B, 4 lentyna",Žagarinė salonas,25,15,Patrick French,Younghusband. The Last Great Imperial Adventurer,1.15,0.9,spine,,
K00281,Dalai Lama (Далай-лама),Этика в новом тысячелетии,"Spinta B, 4 lentyna",Žagarinė salonas,25,18,Далай-лама,Этика в новом тысячелетии,1.15,0.85,spine,,raudona nugarėlė; nugarėlė iš nuotraukos „Zagarine Salonas 25_1.JPG“
K00282,Levas Vygotskis (Л. С. Выготский),Психология развития ребёнка,"Spinta B, 4 lentyna",Žagarinė salonas,25,19,Л. С. Выготский,Психология развития ребенка,0.82,0.85,spine,,nugarėlė iš nuotraukos „Zagarine Salonas 25_1.JPG“
K00283,Antoine de Saint-Exupéry (Антуан де Сент-Экзюпери),Планета людей,"Spinta B, 4 lentyna",Žagarinė salonas,25,20,Антуан де Сент-Экзюпери,Планета людей,1.15,0.75,spine,,"stora kreminė nugarėlė, nutrinta; nugarėlė iš nuotraukos „Zagarine Salonas 25_1.JPG“"
K00284,Daniel J. Boorstin,The Discoverers,"Spinta B, 4 lentyna",Žagarinė salonas,25,21,Daniel J. Boorstin,The Discoverers,1.15,0.9,spine,,nugarėlė iš nuotraukos „Zagarine Salonas 25_1.JPG“
K00285,Muhammad Hamidullah,Introduction to Islam,"Spinta B, 4 lentyna",Žagarinė salonas,25,22,Muhammad Hamidullah,Introduction to Islam,1.15,0.9,spine,,"mėlyna nugarėlė, apačioje numeris „237“; nugarėlė iš nuotraukos „Zagarine Salonas 25_1.JPG“"
K00286,Prof. Dr. Nurettin Uzunoğlu,The Islamic Law,"Spinta B, 4 lentyna",Žagarinė salonas,25,23,Nurettin Uzunoğlu,The Islamic Law,1.15,0.9,spine,,"žalias odinis viršelis, ant nugarėlės „Prof. Dr. NURETTİN UZUNOĞLU“; nugarėlė iš nuotraukos „Zagarine Salonas 25_1.JPG“"
K00288,,"Dievas, kvantinė fizika, organizacijos struktūra ir vadovavimo stilius","Spinta B, 4 lentyna",Žagarinė salonas,25,24,,"… kvantinė fizika, organizacijos struktūra ir vadovavimo stilius",0.92,0.4,spine,,"plona knyga, atsukta aukštyn kojomis; ant nugarėlės įskaitoma tik „…vadovavimo stilius“; tas pats leidinys kaip pos 25"
K01719,,,"Medinė lentyna, 2 lentyna (dailės albumai)",Žagarinė salonas,25,26,Л. С. Выготский,,1,0.35,spine,,"antra, už priekinės eilės pasvirusi Vygotskio knyga (oranžinė nugarėlė su balta juosta); matoma tik pavardė, pavadinimas užstotas"
K00295,Jonas Paulius II,Novo Millennio Ineunte,"Spinta B, 4 lentyna",Žagarinė salonas,25,28,Popiežius Jonas Paulius II,Novo millennio ineunte,1.15,0.8,cover,Zagarine Salonas 25_3.JPG,apaštališkasis laiškas Didžiojo 2000 metų jubiliejaus pabaigos proga; serija „Bažnyčios dokumentai“; nuotrauka neryški; lentynos nugarėlėse neatpažinta — tiksli vieta nenustatyta
K00275,Kitty Kelley,His Way: The Unauthorized Biography of Frank Sinatra,"Spinta B, 4 lentyna",Žagarinė salonas,25,30,Kitty Kelley,His Way. The Unauthorized Biography of Frank Sinatra,1.15,0.9,cover,Zagarine Salonas 25_5.JPG,susidėvėjęs minkštas viršelis; lentynos nugarėlėse neatpažinta
K00299,Isabel Allende,Portretas sepija,"Spinta B, 5 lentyna",Žagarinė salonas,26,1,Isabel Allende,Portretas sepija,1.15,0.9,spine,,
K00300,Isabel Allende,Fortūnos duktė,"Spinta B, 5 lentyna",Žagarinė salonas,26,2,Isabel Allende,Fortūnos duktė,1.15,0.9,spine,,
K01748,,,"Medinė lentyna, 4 lentyna (albumai, Vilniaus istorija)",Žagarinė salonas,26,4,Isabel Allende,,1,0.3,spine,,"ruda knyga atlošta atgal, nugarėlė nematoma; ant viršutinio krašto matosi „Isabel Allende“"
K00303,Levas Tolstojus,Uždraustoji knyga: Dievo karalystė jumyse,"Spinta B, 5 lentyna",Žagarinė salonas,26,6,Lev Tolstoj,Uždraustoji knyga. Dievo karalystė jumyse,1.15,0.9,spine,,Auksinio obuolio serija
K00304,Taigeno Sodo Harada Roshi,Zen: klausimai ir atsakymai,"Spinta B, 5 lentyna",Žagarinė salonas,26,7,Taigenas Šodo Harada Rošis,"ZEN. Klausimai, atsakymai",1,0.9,spine,,
K00305,Wayne W. Dyer,Amžių išmintis,"Spinta B, 5 lentyna",Žagarinė salonas,26,8,Wayne W. Dyer,Amžių išmintis,1.15,0.9,spine,,
K00306,Gary Zukav,Sielos istorijos (?),"Spinta B, 5 lentyna",Žagarinė salonas,26,10,Gary Zukav,Sielos istorijos,1.15,0.9,spine,,
K00307,Seth Stephens-Davidowitz,Everybody Lies,"Spinta B, 5 lentyna",Žagarinė salonas,26,11,Seth Stephens-Davidowitz,Everybody Lies,1.15,0.9,spine,,
K00308,L. Ron Hubbard,Dianetika,"Spinta B, 5 lentyna",Žagarinė salonas,26,13,L. Ron Hubbard,Dianetika,1.15,0.9,spine,,
K00309,Wayne W. Dyer,Maži kasdieniai stebuklai,"Spinta B, 5 lentyna",Žagarinė salonas,26,14,Wayne W. Dyer,Maži kasdieniai stebuklai,1.15,0.9,spine,,
K00310,Esther Wojcicki,"Kaip užauginti žmones, kuriems sekasi","Spinta B, 5 lentyna",Žagarinė salonas,26,15,Esther Wojcicki,"Kaip užauginti žmones, kuriems sekasi",1.15,0.9,spine,,
K00312,Stefan Zweig,Casanova. Stendhalis. Tolstojus,"Spinta B, 5 lentyna",Žagarinė salonas,26,16,Stefan Zweig,Casanova. Stendhalis. Tolstojus,1.15,0.9,spine,,
K00313,Tara Westover,Educated,"Spinta B, 5 lentyna",Žagarinė salonas,26,18,Tara Westover,Educated,1.15,0.9,cover,Zagarine Salonas 26_1.JPG,
K00314,Adolfas Nezabitauskis,Jonas Basanavičius,"Spinta B, 5 lentyna",Žagarinė salonas,26,19,Adolfas Nezabitauskis,Jonas Basanavičius,1.15,0.9,cover,Zagarine Salonas 26_1.JPG,
K00315,Huguette Bouchardeau,Agatha Christie,"Spinta B, 5 lentyna",Žagarinė salonas,26,20,Huguette Bouchardeau,Agatha Christie,1.15,0.9,cover,Zagarine Salonas 26_1.JPG,"kalba iš nugarėlės neaiški, gali būti ir FR"
K00316,Leander Kahney,Inside Steve's Brain,"Spinta B, 5 lentyna",Žagarinė salonas,26,21,Leander Kahney,Inside Steve's Brain,1.15,0.9,cover,Zagarine Salonas 26_1.JPG,
K00317,Sigmund Freud,Das Unbewußte,"Spinta B, 5 lentyna",Žagarinė salonas,26,22,Sigmund Freud,Das Unbewußte,1.15,0.9,cover,Zagarine Salonas 26_1.JPG,
K01796,,,"Medinė lentyna, 6 lentyna (sveikata, gamta)",Žagarinė salonas,26,23,С. Л. Рубинштейн,,1,0.6,cover,Zagarine Salonas 26_1.JPG,"tamsiai žalia nugarėlė; užrašyta tik „С. Л. Рубинштейн“ ir „II“ — antras tomas, pavadinimo nėra"
K00319,Jean Piaget,Vaiko kalba ir mąstymas,"Spinta B, 5 lentyna",Žagarinė salonas,26,25,Jean Piaget,Vaiko kalba ir mąstymas,1.15,0.9,cover,Zagarine Salonas 26_1.JPG,
K00320,John H. Flavell (Д. Флейвелл),Генетическая психология Жана Пиаже,"Spinta B, 5 lentyna",Žagarinė salonas,26,26,Д. Флейвелл,Генетическая психология Жана Пиаже,1.15,0.9,cover,Zagarine Salonas 26_1.JPG,labai suplyšusi nugarėlė
K00321,Eric Berne,Games People Play,"Spinta B, 5 lentyna",Žagarinė salonas,26,27,Eric Berne,Games People Play,1.15,0.9,cover,Zagarine Salonas 26_1.JPG,"nugarėlėje „Eric Berne, M.D.“"
K00322,Thomas Merton,Meditationen eines Einsiedlers,"Spinta B, 5 lentyna",Žagarinė salonas,26,28,Thomas Merton,Meditationen eines Einsiedlers,1.15,0.9,cover,Zagarine Salonas 26_1.JPG,"kišeninis leidimas, nugarėlėje numeriai 12032 ir 1280"
K00323,Valerijus Leibinas (Валерий Лейбин),"Фрейд, психоанализ и современная западная философия","Spinta B, 5 lentyna",Žagarinė salonas,26,29,Валерий Лейбин,"Фрейд, психоанализ и современная западная философия",1.15,0.9,cover,Zagarine Salonas 26_1.JPG,paskutinė lentynos knyga dešinėje
K00327,Alessandro Manzoni,Storia della colonna infame,"Spinta B, 5 lentyna",Žagarinė salonas,26,32,Alessandro Manzoni,Storia della colonna infame,1.15,0.9,cover,Zagarine Salonas 26_4.JPG,serija „I grandi classici della letteratura italiana“; lentynos nuotraukoje neatpažinta
K00326,,Былины,"Spinta B, 5 lentyna",Žagarinė salonas,26,33,,Былины,1,0.5,cover,Zagarine Salonas 26_5.JPG,"nufotografuotas atverstas antraštinis lapas: serija „Классика и современники. Поэтическая библиотека“; tekstas prasideda byline „Исцеление Ильи Муромца“, todėl spėjamas pavadinimas „Былины“"
K00325,Anna Freud,Das Ich und die Abwehrmechanismen,"Spinta B, 5 lentyna",Žagarinė salonas,26,34,Anna Freud,Das Ich und die Abwehrmechanismen,1.15,0.9,cover,Zagarine Salonas 26_6.JPG,serija „Geist und Psyche“; lentynos nuotraukoje neatpažinta
K00324,Konrad Lorenz,Das sogenannte Böse,"Spinta B, 5 lentyna",Žagarinė salonas,26,35,Konrad Lorenz,Das sogenannte Böse. Zur Naturgeschichte der Aggression,0.75,0.9,cover,Zagarine Salonas 26_7.JPG,dtv Sachbuch; lentynos nuotraukoje neatpažinta
K00330,,Metai,"Spinta B, 6 lentyna (apatinė)",Žagarinė salonas,27,2,Kristijonas Donelaitis,Metai,1,0.9,spine,,"Juoda nugarėlė auksinėmis raidėmis, viršelis smarkiai apiplyšęs"
K00331,Julija Jablonskytė-Petkevičienė,Konstancijos ir Jono Jablonskių šeima,"Spinta B, 6 lentyna (apatinė)",Žagarinė salonas,27,4,,Konstancijos ir Jono Jablonskių šeima,1,0.9,spine,,
K00335,Jonas Jablonskis,Jono Jablonskio laiškai,"Spinta B, 6 lentyna (apatinė)",Žagarinė salonas,27,7,,Jono Jablonskio laiškai,1,0.9,spine,,
K00334,,Atsiminimai apie Joną Jablonskį,"Spinta B, 6 lentyna (apatinė)",Žagarinė salonas,27,10,,Atsiminimai apie Joną Jablonskį,1,0.9,spine,,Balta nugarėlė su leidyklos logotipu apačioje
K01838,,,"Medinė lentyna, 8 niša (golfas, sportas)",Žagarinė salonas,27,11,Rygiškių Jonas,,1,0.5,spine,,"Sena šviesaus drobės įrišimo knyga; nugarėlėje tik įspaustas „RYGIŠKIŲ JONAS“ (Jono Jablonskio slapyvardis), pavadinimo nėra"
K00336,Alfonsas Gilvydis,Nuo Kikonių iki Detroito,"Spinta B, 6 lentyna (apatinė)",Žagarinė salonas,27,13,Alfonsas Gilvydis,Nuo Kikonių iki Detroito,1.15,0.9,spine,,Tamsiai raudona nugarėlė
K00343,,"Vėrinėlio metai (Pavasaris, Ruduo, Žiema)","Spinta B, 6 lentyna (apatinė)",Žagarinė salonas,27,18,,Vėrinėlio metai. Pavasaris,0.75,0.9,spine,,Žalia nugarėlė; paantraštė „Idėjos vaikų saviraiškai ir kūrybai“
K00346,,Prie bendrinės kalbos ištakų,"Spinta B, 6 lentyna (apatinė)",Žagarinė salonas,27,22,,Prie bendrinės kalbos ištakų,1,0.9,spine,,
K00478,,Spalvotieji kineskopai,"Spinta C, 7 lentyna (apatinė)",Žagarinė salonas,27,23,,Spalvotieji kineskopai,1,0.9,spine,,Žalia blizgi nugarėlė
K00342,Romualdas Karazija,Fizika humanitarams (1 dalis),"Spinta B, 6 lentyna (apatinė)",Žagarinė salonas,27,24,Romualdas Karazija,Fizika humanitarams,0.95,0.9,spine,,"Nugarėlėje „I“ (pirma dalis), apačioje leidyklos TEV ženklas"
K00344,,Novužės krašto vaikai,"Spinta B, 6 lentyna (apatinė)",Žagarinė salonas,27,26,"Bernardas Aleknavičius, Vincentas Aleknavičius",Novužės krašto vaikai,1,0.9,spine,,"Gelsva nugarėlė, apačioje „3“ (trečia knyga)"
K01263,Vytautas Tarasonis,Fizika (I–III tomai),"Spinta I, 30 lentyna (fizika, mokslas)",Žagarinė salonas,27,31,Vytautas Tarasonis,Fizika I,0.65,0.6,spine,,"Juoda, nutrinta nugarėlė; rašoma „FIZIKA“ (ne „FIZYKA“), viršuje skaitmuo I; knyga pakrypusi prie spintelės durelių"
K00338,Grigorijus Kanovičius (Григорий Канович),Слёзы и молитвы дураков,"Spinta B, 6 lentyna (apatinė)",Žagarinė salonas,27,35,Григорий Канович,Слезы и молитвы дураков,0.82,0.9,cover,Zagarine Salonas 27_6.JPG,Rusvas kietas viršelis su kopėčių piešiniu
K01209,Ernestas Hemingvėjus (Ernest Hemingway),Rinktiniai raštai (keli tomai),"Spinta I, 22 lentyna (Hemingway)",Žagarinė salonas,27,53,J. Jablonskis,Rinktiniai raštai,0.67,0.9,cover,Zagarine Salonas 27_28.JPG,Raudonai kreminis aplankalas; gali sutapti su pos 12 (neįskaitoma knyga už „Rygiškių Jono“)
K00001,Margaret Atwood,Alias Grace,"Spinta A, 1 lentyna (viršutinė)",Žagarinė salonas,28,1,Margaret Atwood,Alias Grace,1.15,0.9,spine,,
K00002,Washington Irving,"The Sketch Book of Geoffrey Crayon, Gent.","Spinta A, 1 lentyna (viršutinė)",Žagarinė salonas,28,2,Washington Irving,The Sketch Book,0.82,0.9,spine,,ant nugarėlės „CP 101“
K00003,J. D. Salinger,The Catcher in the Rye,"Spinta A, 1 lentyna (viršutinė)",Žagarinė salonas,28,3,J. D. Salinger,The Catcher in the Rye,1.15,0.9,spine,,aplankas suplyšęs
K01855,,,"Medinė lentyna, 9 niša (gamta, gyvūnai)",Žagarinė salonas,28,4,"Ралф Эмерсон, Генри Торо",,1,0.6,spine,,"tamsiai žalia nugarėlė su auksiniais rėželiais; ant nugarėlės tik autoriai, pavadinimo nėra"
K00006,John Gordon,Milžinas po sniegu,"Spinta A, 1 lentyna (viršutinė)",Žagarinė salonas,28,5,John Gordon,Milžinas po sniegu,1.15,0.9,spine,,
K00007,James Herriot,All Things Wise and Wonderful,"Spinta A, 1 lentyna (viršutinė)",Žagarinė salonas,28,6,James Herriot,All Things Wise and Wonderful,1.15,0.9,spine,,"kišeninis leidimas, ISBN 0-553-11746-7"
K00008,Tommaso Campanella,La Città del Sole (Saulės miestas),"Spinta A, 1 lentyna (viršutinė)",Žagarinė salonas,28,7,Campanella,La città del sole,0.9,0.9,spine,,
K00009,Herbert Marcuse,Der eindimensionale Mensch,"Spinta A, 1 lentyna (viršutinė)",Žagarinė salonas,28,8,Herbert Marcuse,Der eindimensionale Mensch,1.15,0.9,spine,,ant nugarėlės „SL 4“
K00013,,The Oxford Book of German Verse,"Spinta A, 1 lentyna (viršutinė)",Žagarinė salonas,28,10,,The Oxford Book of German Verse,1,0.9,spine,,"antologija, tamsiai mėlyna nugarėlė"
K00014,Hutten; Müntzer; Luther,"Hutten, Müntzer, Luther (1 tomas)","Spinta A, 1 lentyna (viršutinė)",Žagarinė salonas,28,11,,"Hutten, Müntzer, Luther",0.86,0.8,spine,,"2 tomai (1 ir 2), rusvos drobės nugarėlės"
K01896,,,"Kampinė lentyna (darbo kambarys), 2 lentyna (analitika)",Žagarinė salonas,28,13,Макс Фриш,,1,0.6,spine,,"serija „XX век. Зарубежная классика“; marmurinis rusvas viršelis, pavadinimo ant nugarėlės nėra"
K00018,Paul Zumthor,Das Alltagsleben in Holland zur Zeit Rembrandts,"Spinta A, 1 lentyna (viršutinė)",Žagarinė salonas,28,14,Zumthor,Das Alltagsleben in Holland zur Zeit Rembrandts,1.15,0.9,spine,,ant nugarėlės tik pavardė; serijos numeris 1434
K00019,Multatuli,Maksas Havelaras,"Spinta A, 1 lentyna (viršutinė)",Žagarinė salonas,28,15,Multatulis,Maksas Havelaras,1,0.9,spine,,nugarėlė apiplyšusi
K00020,Peter Handke,Als das Wünschen noch geholfen hat,"Spinta A, 1 lentyna (viršutinė)",Žagarinė salonas,28,16,Handke,Als das Wünschen noch geholfen hat,1.15,0.9,spine,,ant nugarėlės tik pavardė; „st 208“ (suhrkamp taschenbuch)
K00023,Arthur Schopenhauer,Свобода воли и нравственность,"Spinta A, 1 lentyna (viršutinė)",Žagarinė salonas,28,18,Артур Шопенгауэр,Свобода воли и нравственность,1,0.9,spine,,
K00024,Brothers Grimm (broliai Grimai),Grimms' Fairy Tales,"Spinta A, 1 lentyna (viršutinė)",Žagarinė salonas,28,19,Brothers Grimm,Grimms' Fairy Tales,1.15,0.9,spine,,ISBN 0 14 06.2158 X
K00026,Johann Peter Eckermann,Pokalbiai su Goethe,"Spinta A, 1 lentyna (viršutinė)",Žagarinė salonas,28,21,Johann Peter Eckermann,Pokalbiai su Goethe,1.15,0.9,spine,,
K00027,Johann Wolfgang von Goethe (J. V. Getė),Faustas,"Spinta A, 1 lentyna (viršutinė)",Žagarinė salonas,28,22,J. V. Gėtė,Faustas,1.15,0.9,spine,,šviesiai smėlinė drobinė nugarėlė
K00030,,Vokiečių romantikų proza,"Spinta A, 1 lentyna (viršutinė)",Žagarinė salonas,28,25,,Vokiečių romantikų proza,1,0.9,spine,,ruda odos imitacijos nugarėlė su auksiniais rėželiais
K00029,Hermann Hesse (Hermanas Hesė),Sidharta,"Spinta A, 1 lentyna (viršutinė)",Žagarinė salonas,28,26,Hermanas Hesė,Sidharta,1.15,0.9,cover,Zagarine Salonas 28_2.JPG,nufotografuota rankoje; lentynos nuotraukoje neatpažįstama
K00011,Bertolt Brecht,Über Realismus,"Spinta A, 1 lentyna (viršutinė)",Žagarinė salonas,28,29,Bertolt Brecht,Über Realismus,1.15,0.9,cover,Zagarine Salonas 28_6.JPG,serija Universal-Bibliothek; lentynos nuotraukoje neatpažįstama
K00060,Dante Alighieri,Dieviškoji komedija,"Spinta A, 2 lentyna",Žagarinė salonas,29,1,Dante,Dieviškoji komedija,1.15,0.9,spine,,"juoda knyga, guli horizontaliai ant kitų knygų kairėje lentynos pusėje"
K00033,Charles Bukowski,Юг без признаков севера,"Spinta A, 2 lentyna",Žagarinė salonas,29,4,Чарльз Буковски,Юг без признаков севера,1,0.9,spine,,
K00034,George Orwell,Burmese Days,"Spinta A, 2 lentyna",Žagarinė salonas,29,5,George Orwell,Burmese Days,1.15,0.9,spine,,
K00035,John Galsworthy,The Forsyte Saga,"Spinta A, 2 lentyna",Žagarinė salonas,29,6,John Galsworthy,The Forsyte Saga,1.15,0.9,spine,,ant nugarėlės skaičius 3
K00040,Washington Irving (?),Новеллы,"Spinta A, 2 lentyna",Žagarinė salonas,29,9,Вашингтон Ирвинг,Новеллы,1,0.9,spine,,
K00043,,The Oxford Book of English Verse,"Spinta A, 2 lentyna",Žagarinė salonas,29,11,,The Oxford Book of English Verse,1,0.9,spine,,pilkai mėlynas drobinis viršelis su auksiniu herbu
K00044,G. K. Chesterton (Chestertonas),Esė,"Spinta A, 2 lentyna",Žagarinė salonas,29,12,G. K. Čestertonas,Esė,1,0.9,spine,,rudas odinis viršelis
K00045,P. G. Wodehouse,Summer Lightning,"Spinta A, 2 lentyna",Žagarinė salonas,29,13,P. G. Wodehouse,Summer Lightning,1.15,0.9,spine,,
K00046,Algernon Charles Swinburne,Poems and Ballads & Atalanta in Calydon,"Spinta A, 2 lentyna",Žagarinė salonas,29,15,Swinburne,Poems and Ballads & Atalanta in Calydon,1.15,0.9,spine,,autoriaus vardo pradžia užklijuota lipduku
K00047,Charles Dickens,David Copperfield,"Spinta A, 2 lentyna",Žagarinė salonas,29,16,Dickens,David Copperfield,1.15,0.9,spine,,"žalias apdaužytas viršelis, ant nugarėlės B24"
K00048,Lord Chesterfield,Laiškai sūnui,"Spinta A, 2 lentyna",Žagarinė salonas,29,17,Chesterfield,Laiškai sūnui,1.15,0.9,spine,,tamsiai raudonas viršelis su balta etikete
K00049,William Makepeace Thackeray (V. M. Tekerėjus),Tuštybės mugė (1 tomas),"Spinta A, 2 lentyna",Žagarinė salonas,29,18,V. M. Tekerėjus,Tuštybės mugė,0.95,0.9,cover,Zagarine Salonas 29_1.JPG,"2 tomai (I ir II), alyvuogių spalvos viršeliai"
K00052,William Shakespeare (Уильям Шекспир),Трагедии,"Spinta A, 2 lentyna",Žagarinė salonas,29,20,Уильям Шекспир,Трагедии,1.15,0.9,cover,Zagarine Salonas 29_1.JPG,tamsiai mėlynas odinis viršelis
K00053,William Shakespeare (Viljamas Šekspyras),Dramos. Sonetai (1 tomas),"Spinta A, 2 lentyna",Žagarinė salonas,29,21,Viljamas Šekspyras,Dramos. Sonetai,0.95,0.8,cover,Zagarine Salonas 29_1.JPG,"2 tomai, rudi odiniai viršeliai su vienodu užrašu"
K00055,Plutarchas (Плутарх),Застольные беседы,"Spinta A, 2 lentyna",Žagarinė salonas,29,22,Плутарх,Застольные беседы,1.15,0.9,cover,Zagarine Salonas 29_1.JPG,alyvuogių spalvos viršelis
K00056,William Shakespeare (Šekspyras),Sonetai,"Spinta A, 2 lentyna",Žagarinė salonas,29,23,Šekspyras,Sonetai,1.15,0.8,cover,Zagarine Salonas 29_1.JPG,"kreminis viršelis, stovi lentynos dešiniajame gale, ant priekinio viršelio didelė raidė S"
K00062,Charles De Coster (Šarlis de Kosteris),Legenda apie Ulenšpigį,"Spinta A, 3 lentyna",Žagarinė salonas,30,1,Šarlis de Kosteris,Legenda apie Ulenšpįglį,0.82,0.8,spine,,labai nudėvėta tamsiai mėlyna nugarėlė; pavadinimo galas nukirstas kadro krašto
K00063,Benvenuto Cellini,The Autobiography of Benvenuto Cellini,"Spinta A, 3 lentyna",Žagarinė salonas,30,2,Benvenuto Cellini,The Autobiography of Benvenuto Cellini,1.15,0.9,spine,,
K00064,Abbé Prévost,Manon Lescaut,"Spinta A, 3 lentyna",Žagarinė salonas,30,3,Prévost,Manon Lescaut,1.15,0.9,spine,,Oxford World's Classics
K00067,Eduard Mörike,Mozart's Journey to Prague and a Selection of Poems,"Spinta A, 3 lentyna",Žagarinė salonas,30,5,Mörike,Mozart's Journey to Prague and a Selection of Poems,1.15,0.9,spine,,
K00068,Alfred de Musset,The Confession of a Child of the Century,"Spinta A, 3 lentyna",Žagarinė salonas,30,6,Alfred de Musset,The Confession of a Child of the Century,1.15,0.9,spine,,
K00069,Laurence Sterne,"The Life and Opinions of Tristram Shandy, Gentleman","Spinta A, 3 lentyna",Žagarinė salonas,30,7,Laurence Sterne,"The Life and Opinions of Tristram Shandy, Gentleman",1.15,0.9,spine,,
K00070,Henri Murger,Scenes from the Latin Quarter,"Spinta A, 3 lentyna",Žagarinė salonas,30,8,Murger,Scenes from the Latin Quarter,1.15,0.9,spine,,
K00071,Jean de La Fontaine,Selected Fables,"Spinta A, 3 lentyna",Žagarinė salonas,30,9,La Fontaine,Selected Fables,1.15,0.9,spine,,nugarėlėje matyti „ONTAINE“ — pavardės pradžia užstota
K00073,Ludovico Ariosto,Orlando Furioso,"Spinta A, 3 lentyna",Žagarinė salonas,30,11,Ariosto,Orlando Furioso,1.15,0.9,spine,,
K00075,James Boswell,Besuch bei Rousseau und Voltaire,"Spinta A, 3 lentyna",Žagarinė salonas,30,14,James Boswell,Besuch bei Rousseau und Voltaire,1.15,0.9,spine,,
K00076,Patrick Rambaud,Il neigeait,"Spinta A, 3 lentyna",Žagarinė salonas,30,15,Patrick Rambaud,Il neigeait,1.15,0.9,spine,,
K00077,André Gide,La symphonie pastorale,"Spinta A, 3 lentyna",Žagarinė salonas,30,17,André Gide,La symphonie pastorale,1.15,0.9,spine,,nugarėlės viršuje raudonas numeris 18
K00078,Honoré de Balzac,Trisdešimties metų moteris,"Spinta A, 3 lentyna",Žagarinė salonas,30,18,Honoré de Balzac,Trisdešimties metų moteris,1.15,0.9,spine,,serija „Geriausia geriausių literatūros klasika“
K00080,Romain Gary,La vie devant soi,"Spinta A, 3 lentyna",Žagarinė salonas,30,20,Romain Gary,La vie devant soi,1.15,0.9,cover,Zagarine Salonas 30_1.JPG,folio Nr. 1362
K00081,Apuleius,The Golden Ass,"Spinta A, 3 lentyna",Žagarinė salonas,30,21,Apuleius,The Golden Ass,1.15,0.9,cover,Zagarine Salonas 30_1.JPG,Oxford World's Classics
K00082,Henrik Ibsen,Four Major Plays,"Spinta A, 3 lentyna",Žagarinė salonas,30,22,Ibsen,Four Major Plays,1.15,0.9,cover,Zagarine Salonas 30_1.JPG,Oxford World's Classics
K00083,Thomas De Quincey,Confessions of an English Opium-Eater,"Spinta A, 3 lentyna",Žagarinė salonas,30,23,De Quincey,Confessions of an English Opium-Eater,1.15,0.9,cover,Zagarine Salonas 30_1.JPG,Oxford World's Classics
K00084,John Keats,Selected Poetry,"Spinta A, 3 lentyna",Žagarinė salonas,30,24,Keats,Selected Poetry,1.15,0.9,cover,Zagarine Salonas 30_1.JPG,Oxford World's Classics
K00085,Laurence Sterne,A Sentimental Journey and Other Writings,"Spinta A, 3 lentyna",Žagarinė salonas,30,25,Sterne,A Sentimental Journey and Other Writings,1.15,0.9,cover,Zagarine Salonas 30_1.JPG,Oxford World's Classics
K00086,Blaise Pascal,Pensées and Other Writings,"Spinta A, 3 lentyna",Žagarinė salonas,30,26,Pascal,Pensées and Other Writings,1.15,0.9,cover,Zagarine Salonas 30_1.JPG,Oxford World's Classics
K00087,Thomas Carlyle,Sartor Resartus,"Spinta A, 3 lentyna",Žagarinė salonas,30,27,Carlyle,Sartor Resartus,1.15,0.9,cover,Zagarine Salonas 30_1.JPG,Oxford World's Classics
K00088,Walter Scott,Ivanhoe,"Spinta A, 3 lentyna",Žagarinė salonas,30,28,Scott,Ivanhoe,1.15,0.9,cover,Zagarine Salonas 30_1.JPG,Oxford World's Classics
K00089,Lord Byron,The Major Works,"Spinta A, 3 lentyna",Žagarinė salonas,30,29,Lord Byron,The Major Works,1.15,0.9,cover,Zagarine Salonas 30_1.JPG,Oxford World's Classics
K00090,Geoffrey Chaucer,The Canterbury Tales,"Spinta A, 3 lentyna",Žagarinė salonas,30,30,Chaucer,The Canterbury Tales,1.15,0.9,cover,Zagarine Salonas 30_1.JPG,Oxford World's Classics
K00091,Thomas Carlyle,"On Heroes, Hero-Worship, and the Heroic in History","Spinta A, 3 lentyna",Žagarinė salonas,30,31,Carlyle,"On Heroes, Hero-Worship, and the Heroic in History",1.15,0.9,cover,Zagarine Salonas 30_1.JPG,paskutinė knyga prie dešinės spintos sienelės
K00107,Prosper Mérimée (P. Mérimé),Klaros Gasul teatras,"Spinta A, 4 lentyna",Žagarinė salonas,31,4,P. Merimė,Klaros Gasul teatras,1.15,0.9,spine,,juodas viršelis
K00126,August Strindberg,Pamišėlio išpažintis,"Spinta A, 5 lentyna",Žagarinė salonas,31,10,Ž. Ruso,Išpažintis,0.67,0.7,spine,,"rusvas drobinis viršelis, auksinės raidės nublukusios"
K00110,Émile Zola,Abato Mure nuodėmė,"Spinta A, 4 lentyna",Žagarinė salonas,31,11,E. Zola,Abato Mure nuodėmė,1.15,0.9,spine,,"serija Literatūros klasika, nr. 5"
K00111,Émile Zola,Spąstai,"Spinta A, 4 lentyna",Žagarinė salonas,31,12,E. Zola,Spąstai,1.15,0.9,spine,,"serija Literatūros klasika, nr. 7"
K00112,Honoré de Balzac,Eugenija Grandė,"Spinta A, 4 lentyna",Žagarinė salonas,31,13,O. Balzakas,Eugenija Grandė,1,0.9,spine,,
K00113,Charles Baudelaire,Selected Poems,"Spinta A, 4 lentyna",Žagarinė salonas,31,14,Baudelaire,Selected Poems,1.15,0.8,spine,,autoriaus pavardės pradžia užklijuota lipduku
K00114,Guy de Maupassant,The Best Short Stories,"Spinta A, 4 lentyna",Žagarinė salonas,31,15,Guy de Maupassant,The Best Short Stories,1.15,0.9,spine,,
K00116,Jean-Jacques Rousseau,The Confessions,"Spinta A, 4 lentyna",Žagarinė salonas,31,18,Jean-Jacques Rousseau,The Confessions,1.15,0.9,spine,,
K00117,Paul Verlaine,Selected Poems,"Spinta A, 4 lentyna",Žagarinė salonas,31,19,Verlaine,Selected Poems,1.15,0.9,spine,,
K00118,Beaumarchais,The Figaro Trilogy,"Spinta A, 4 lentyna",Žagarinė salonas,31,20,Beaumarchais,The Figaro Trilogy,1.15,0.9,spine,,
K00122,Guy de Maupassant,Mont-Oriol,"Spinta A, 4 lentyna",Žagarinė salonas,31,21,Guy de Maupassant,Mont-Oriol,1.15,0.6,cover,Zagarine Salonas 31_4.JPG,"Œuvres complètes illustrées; lentynoje — kreminė knyga visiškai tuščia nugarėle, sutapatinta spėjant"
K00119,Théophile Gautier (Teofilis Gotjė),Kapitonas Frakasas,"Spinta A, 4 lentyna",Žagarinė salonas,31,22,Teofilis Gotjė,Kapitonas Frakasas,1.15,0.9,spine,,juodas viršelis
K00120,Jens Peter Jacobsen (Jensas Peteris Jakobsenas),Nilsas Liungė,"Spinta A, 4 lentyna",Žagarinė salonas,31,23,Jensas Peteris Jakobsenas,Nilsas Liunė,0.65,0.9,spine,,pilkas viršelis
K00121,Jean Racine,"Iphigenia, Phaedra and Athaliah","Spinta A, 4 lentyna",Žagarinė salonas,31,24,Racine,"Iphigenia, Phaedra and Athaliah",1.15,0.9,spine,,
K00092,Judah Halevi,The Kuzari,"Spinta A, 4 lentyna",Žagarinė salonas,31,25,Judah Halevi,The Kuzari,1.15,0.9,spine,,raudonas viršelis
K00093,,Upanišados,"Spinta A, 4 lentyna",Žagarinė salonas,31,26,,Upanišados,1,0.9,cover,Zagarine Salonas 31_1.JPG,juodas viršelis su auksinėmis raidėmis
K00094,A. C. Bhaktivedanta Swami Prabhupada,"Bhagavad-gītā, kokia ji yra","Spinta A, 4 lentyna",Žagarinė salonas,31,27,A. Č. Bhaktivedanta Svamis Prabhupada,Bhagavad-gītā kokia ji yra,1.15,0.8,cover,Zagarine Salonas 31_1.JPG,autoriaus vardas ant nugarėlės iš dalies užklijuotas lipduku
K00095,,Lehrreden des Gotama Buddha,"Spinta A, 4 lentyna",Žagarinė salonas,31,28,,Lehrreden des Gotama Buddha,1,0.9,cover,Zagarine Salonas 31_1.JPG,tamsiai raudonas viršelis
K00096,Michael J. Gelb,Norėčiau mokėti daryti stebuklus: Leonardo da Vinci (septyni žingsniai genijaus link),"Spinta A, 4 lentyna",Žagarinė salonas,31,29,Michael J. Gelb,Norėčiau mokėti daryti stebuklus. Leonardo da Vinci,0.9,0.6,cover,Zagarine Salonas 31_1.JPG,"rudas viršelis; pavadinimas ant nugarėlės išskaidytas į kelias eilutes, tiksli formuluotė neaiški"
K00097,Stendhal,Parmos vienuolynas,"Spinta A, 4 lentyna",Žagarinė salonas,31,31,Stendhal,Parmos,0.82,0.6,cover,Zagarine Salonas 31_1.JPG,"serija „Geriausia iš geriausių“; matoma tik pavadinimo pradžia „Parmos“, likusi dalis užstota"
K00098,Gustave Flaubert,Ponia Bovari,"Spinta A, 4 lentyna",Žagarinė salonas,31,33,Gustave Flaubert,Ponia Bovari,1.15,0.9,cover,Zagarine Salonas 31_1.JPG,serija „Geriausia iš geriausių“
K00100,,Selected Essays on Chinese Classic Novels,"Spinta A, 4 lentyna",Žagarinė salonas,31,34,,Selected Essays on Chinese Classic Novels,1,0.9,cover,Zagarine Salonas 31_1.JPG,"baltas viršelis, vyšninė nugarėlė; lentynos dešinysis galas"
K00108,Michel de Montaigne,On Friendship,"Spinta A, 4 lentyna",Žagarinė salonas,31,37,Michel de Montaigne,On Friendship,1.15,0.8,cover,Zagarine Salonas 31_5.JPG,serija Great Ideas; lentynoje neatpažįstama
K00125,John Irving,Vandens metodas,"Spinta A, 5 lentyna",Žagarinė salonas,32,1,John Irving,Vandens metodas,1.15,0.9,spine,,"kietas viršelis, bordinė nugarėlė; matyti ir priekinis viršelis"
K01216,Ernestas Hemingvėjus,Juodasis obeliskas (?),"Spinta I, 22 lentyna (Hemingway)",Žagarinė salonas,32,4,E. M. Remarkas,Juodasis obeliskas,1,0.9,spine,,
K00156,,Amerikiečių novelės,"Spinta A, 5 lentyna",Žagarinė salonas,32,6,,Amerikiečių novelės,1,0.9,spine,,antologija
K00157,Pedro Calderón de la Barca,Gyvenimas – tai sapnas,"Spinta A, 5 lentyna",Žagarinė salonas,32,9,Pedro Calderón de la Barca,Gyvenimas – tai sapnas,1.15,0.8,spine,,nugarėlėje matyti tik „...ro Calderón de la Barca“; ekslibriso lipdukas „HESSE“
K00158,Haruki Murakami,Страна чудес без тормозов и Конец Света,"Spinta A, 5 lentyna",Žagarinė salonas,32,10,Харуки Мураками,Страна чудес без тормозов и Конец Света,1,0.9,spine,,
K00128,,Паноптикум города Пражского,"Spinta A, 5 lentyna",Žagarinė salonas,32,13,,Паноптикум города пражского,1,0.9,spine,,"juoda nugarėlė, autorius nenurodytas — rinkinys"
K00159,Gabriel García Márquez,El otoño del patriarca,"Spinta A, 5 lentyna",Žagarinė salonas,32,14,Gabriel García Márquez,El otoño del patriarca,1.15,0.9,spine,,ispanų kalba
K00130,,Tales of Iceland,"Spinta A, 5 lentyna",Žagarinė salonas,32,17,Stephen Markley,Tales of Iceland,1,0.9,spine,,paantraštė „or Running with the Huldufólk in the Permanent Daylight“
K00132,Haruki Murakami,Hard-Boiled Wonderland and the End of the World,"Spinta A, 5 lentyna",Žagarinė salonas,32,18,Haruki Murakami,Hard-boiled Wonderland and the End of the World,1.15,0.9,cover,Zagarine Salonas 32_1.JPG,nugarėlėje tik „Murakami“
K00133,Julian Barnes,Flobero papūga,"Spinta A, 5 lentyna",Žagarinė salonas,32,19,Julian Barnes,Flobero papūga,1.15,0.9,cover,Zagarine Salonas 32_1.JPG,serija „Šiuolaikinė proza“
K00134,Kingsley Amis,Everyday Drinking,"Spinta A, 5 lentyna",Žagarinė salonas,32,20,Kingsley Amis,Everyday Drinking,1.15,0.9,cover,Zagarine Salonas 32_1.JPG,
K00135,"Sud. David Remnick, Henry Finder",Fierce Pajamas: An Anthology of Humor Writing from The New Yorker,"Spinta A, 5 lentyna",Žagarinė salonas,32,21,"David Remnick, Henry Finder",Fierce Pajamas: An Anthology of Humor Writing from The New Yorker,1.15,0.9,cover,Zagarine Salonas 32_1.JPG,sudarytojai
K00136,John Lloyd; John Mitchinson,The Book of General Ignorance,"Spinta A, 5 lentyna",Žagarinė salonas,32,22,"John Lloyd, John Mitchinson",The Book of General Ignorance,1.15,0.9,cover,Zagarine Salonas 32_1.JPG,"knyga pasukta, matyti ir galinis viršelis"
K00137,Mark Stevenson,An Optimist's Tour of the Future,"Spinta A, 5 lentyna",Žagarinė salonas,32,23,Mark Stevenson,An Optimist's Tour of the Future,1.15,0.9,cover,Zagarine Salonas 32_1.JPG,
K00138,William Makepeace Thackeray,The Book of Snobs,"Spinta A, 5 lentyna",Žagarinė salonas,32,24,William Makepeace Thackeray,The Book of Snobs,1.15,0.9,cover,Zagarine Salonas 32_1.JPG,
K00139,Richard Dawkins,The Greatest Show on Earth,"Spinta A, 5 lentyna",Žagarinė salonas,32,25,Richard Dawkins,The Greatest Show on Earth,1.15,0.9,cover,Zagarine Salonas 32_1.JPG,paskutinė knyga prie dešinės spintos sienelės
K00160,Johann Gottfried Herder,Abhandlung über den Ursprung der Sprache,"Spinta A, 7 lentyna",Žagarinė salonas,33,2,Johann Gottfried Herder,Abhandlung über den Ursprung der Sprache,1.15,0.9,spine,,"geltona Reclam knygelė, Nr. 8729"
K00162,Gottfried Keller,Kleider machen Leute,"Spinta A, 7 lentyna",Žagarinė salonas,33,3,Gottfried Keller,Kleider machen Leute,1.15,0.8,spine,,"geltona Reclam knygelė, Nr. 7470; autoriaus vardas uždengtas"
K00161,Friedrich Hebbel,Maria Magdalena,"Spinta A, 7 lentyna",Žagarinė salonas,33,4,Friedrich Hebbel,Maria Magdalena,1.15,0.7,spine,,"geltona Reclam knygelė, Nr. 3173; autorius nugarėlėje nematomas"
K00163,Christian Reuter,Schelmuffsky,"Spinta A, 7 lentyna",Žagarinė salonas,33,5,,Schelmuffsky,1,0.8,spine,,"geltona Reclam knygelė, Nr. 4343"
K00165,Martin Luther,An den christlichen Adel deutscher Nation (Studienausgabe),"Spinta A, 7 lentyna",Žagarinė salonas,33,7,Martin Luther,An den christlichen Adel teutscher Nation. Studienausgabe,0.98,0.8,spine,,"geltona Reclam knygelė, Nr. 19300"
K00168,Christoph Martin Wieland,Die Geschichte der Abderiten,"Spinta A, 7 lentyna",Žagarinė salonas,33,10,Christoph Martin Wieland,Die Geschichte der Abderiten,1.15,0.7,spine,,"geltona Reclam knygelė, Nr. 331; matosi „Wieland … e der Abderiten“"
K00028,Johann Wolfgang von Goethe,Faust,"Spinta A, 1 lentyna (viršutinė)",Žagarinė salonas,33,11,Johann Wolfgang von Goethe,Faust,1.15,0.7,spine,,"geltona Reclam knygelė, Nr. 1524; autorius nugarėlėje nematomas"
K00169,Joseph von Eichendorff,Gedichte,"Spinta A, 7 lentyna",Žagarinė salonas,33,13,Joseph von Eichendorff,Gedichte,1.15,0.8,spine,,"žalia plona nugarėlė, „240 EICHENDORFF: GEDICHTE“"
K00170,Georg Büchner,Werke,"Spinta A, 7 lentyna",Žagarinė salonas,33,14,Georg Büchner,Werke der Freiheit,0.65,0.7,spine,,žalsvai melsva nugarėlė; pavadinimo galas uždengtas
K00188,Friedrich Hebbel (?),Werke,"Spinta A, 8 lentyna (apatinė)",Žagarinė salonas,33,21,Ludwig Uhland,Uhlands Werke,0.67,0.8,spine,,raudona nugarėlė su auksiniu gotišku įrašu „L. Uhlands Werke“
K00142,Gottfried Keller,Der grüne Heinrich,"Spinta A, 6 lentyna",Žagarinė salonas,33,23,Gottfried Keller,Der grüne Heinrich,1.15,0.9,spine,,
K00143,Thomas Mann,Der Zauberberg,"Spinta A, 6 lentyna",Žagarinė salonas,33,24,Thomas Mann,Der Zauberberg,1.15,0.9,spine,,nugarėlėje numeris 11908
K00151,,Briefwechsel Schiller–Goethe (2 tomas),"Spinta A, 6 lentyna",Žagarinė salonas,33,25,,Briefwechsel Schiller–Goethe,0.86,0.9,spine,,insel taschenbuch (it)
K00144,Adalbert Stifter,Der Nachsommer,"Spinta A, 6 lentyna",Žagarinė salonas,33,26,Adalbert Stifter,Der Nachsommer,1.15,0.9,spine,,
K00145,Voltaire,Das Zeitalter Ludwigs XIV.,"Spinta A, 6 lentyna",Žagarinė salonas,33,27,Voltaire,Das Zeitalter Ludwigs XIV,1.15,0.8,spine,,
K00146,Wolfram von Eschenbach,Parzival,"Spinta A, 6 lentyna",Žagarinė salonas,33,28,Wolfram von Eschenbach,Parzival,1.15,0.8,spine,,oranžinė nugarėlė; pavadinimas iš dalies uždengtas
K00147,Hermann Hesse,Das Glasperlenspiel,"Spinta A, 6 lentyna",Žagarinė salonas,33,29,Hermann Hesse,Das Glasperlenspiel,1.15,0.9,spine,,tamsiai mėlyna nugarėlė
K00148,Wolfgang Amadeus Mozart,Briefe,"Spinta A, 6 lentyna",Žagarinė salonas,33,30,Wolfgang Amadeus Mozart,Briefe,1.15,0.9,spine,,
K00149,,Klassische Upanishaden,"Spinta A, 6 lentyna",Žagarinė salonas,33,31,,Klassische Upanishaden,1,0.8,spine,,balta nugarėlė
K01592,,Deutsche Volksbücher,"Spinta A, 8 lentyna (apatinė)",Žagarinė salonas,33,32,,Deutsche Volksbücher,1,0.8,spine,,"sena kreminė nugarėlė, gotiškas šriftas, apdilusi"
K00152,Eberhard Hilscher,Thomas Mann,"Spinta A, 6 lentyna",Žagarinė salonas,33,34,Eberhard Hilscher,Thomas Mann,1.15,0.7,spine,,"smėlinė nugarėlė, paskutinė lentynoje"
K00172,Jean Paul,Titan,"Spinta A, 8 lentyna (apatinė)",Žagarinė salonas,34,1,Jean Paul,Titan,1.15,0.9,spine,,balta kartoninė dėžutė su tomu
K00173,Friedrich Schiller,Gedichte,"Spinta A, 8 lentyna (apatinė)",Žagarinė salonas,34,2,Schiller,Gedichte,1.15,0.6,spine,,"sena žalsva nugarėlė, gotiškas šriftas, stipriai apdilusi"
K00174,Johann Wolfgang von Goethe,Briefe an Frau von Stein,"Spinta A, 8 lentyna (apatinė)",Žagarinė salonas,34,3,Johann Wolfgang von Goethe,Goethes Briefe an Frau von Stein,1.04,0.8,spine,,"nugarėlės galas uždengtas, skaitoma „Goethes Briefe an Frau von St…“"
K00175,Johann Wolfgang von Goethe,Faust I,"Spinta A, 8 lentyna (apatinė)",Žagarinė salonas,34,5,Johann Wolfgang von Goethe,Faust I,1.15,0.9,spine,,"pilka nugarėlė, „Klassiker 2“, apačioje G 780"
K00176,Carlo Gozzi,Unnütze Erinnerungen (Memoiren),"Spinta A, 8 lentyna (apatinė)",Žagarinė salonas,34,6,Carlo Gozzi,Unnütze Erinnerungen,0.95,0.8,spine,,detebe-Klassiker; nugarėlėje „GOZZI Unnütze Erinnerun…“
K00177,Jeremias Gotthelf,Uli der Knecht,"Spinta A, 8 lentyna (apatinė)",Žagarinė salonas,34,7,Gotthelf,Uli der Knecht,1.15,0.9,spine,,"pilkšvai žalsva nugarėlė, raudona etiketė „R 11“"
K00179,H. J. C. von Grimmelshausen,Der abenteuerliche Simplicissimus,"Spinta A, 8 lentyna (apatinė)",Žagarinė salonas,34,9,Grimmelshausen,Der abenteuerliche Simplicissimus,1.15,0.9,spine,,"raudona nugarėlė, numeris 207"
K00181,,Griechenland,"Spinta A, 8 lentyna (apatinė)",Žagarinė salonas,34,11,,Griechenland,1,0.9,spine,,serija „Die Blauen Führer“
K00182,Friedrich Hölderlin,Gedichte,"Spinta A, 8 lentyna (apatinė)",Žagarinė salonas,34,12,Friedrich Hölderlin,Gedichte,1.15,0.9,spine,,insel taschenbuch it 781
K00184,Heinrich Heine,Buch der Lieder,"Spinta A, 8 lentyna (apatinė)",Žagarinė salonas,34,14,Heinrich Heine,Buch der Lieder,1.15,0.6,spine,,matosi „Heine · Buch der…“
K00191,Konfucijus (Konfuzius),Gespräche (Lun Yu),"Spinta A, 8 lentyna (apatinė)",Žagarinė salonas,34,19,Konfuzius,Gespräche,0.82,0.7,spine,,nugarėlėje „KONFUZIUS Gespr…“
K00192,Heinrich Heine,Italienische Reisebilder,"Spinta A, 8 lentyna (apatinė)",Žagarinė salonas,34,20,Heinrich Heine,Italienische Reisebilder,1.15,0.6,spine,,"nugarėlė nublukusi, skaitoma „HEINE · ITALIENISCHE REISEBI…“"
K00193,Ludwig Tieck,Straußfedern,"Spinta A, 8 lentyna (apatinė)",Žagarinė salonas,34,21,Ludwig Tieck,Straußfedern,1.15,0.8,spine,,insel taschenbuch 888
K00195,Achim von Arnim; Clemens Brentano,Des Knaben Wunderhorn,"Spinta A, 8 lentyna (apatinė)",Žagarinė salonas,34,24,,Des Knaben Wunderhorn,1,0.8,spine,,"insel taschenbuch, gotiškas šriftas; tomo numeris neįskaitomas"
K00196,Alain-René Le Sage,Gil Blas,"Spinta A, 8 lentyna (apatinė)",Žagarinė salonas,34,25,Le Sage,Gil Blas II,1.15,0.8,spine,,"insel taschenbuch, nugarėlėje „LE SAGE, GIL BLAS II“"
K00198,Voltaire (Вольтер),Философские повести; Орлеанская девственница,"Spinta A, 8 lentyna (apatinė)",Žagarinė salonas,34,26,Вольтер,Орлеанская девственница. Философские повести,1.15,0.7,spine,,"balta nugarėlė, viršuje mėlyna etiketė"
K00197,,Das Nibelungenlied,"Spinta A, 8 lentyna (apatinė)",Žagarinė salonas,34,29,,Das Nibelungenlied,1,0.9,cover,Zagarine Salonas 34_4.JPG,"zweisprachig, hrsg. Helmut de Boor"
K00178,Gottfried Keller,Die Leute von Seldwyla,"Spinta A, 8 lentyna (apatinė)",Žagarinė salonas,34,33,Gottfried Keller,Die Leute von Seldwyla,1.15,0.9,cover,Zagarine Salonas 34_8.JPG,"Erzählungen, erster und zweiter Band, vollständige Ausgabe; Berlin W 50"
K01720,,Охота и политика: десять веков русской охоты,"Medinė lentyna, 3 lentyna (atlasai, geografija)",Žagarinė salonas,35,1,,Охота и политика. Десять веков русской охоты,1,0.8,spine,,žalias odinis viršelis su auksiniu durklu
K01721,,The Times Atlas of the World,"Medinė lentyna, 3 lentyna (atlasai, geografija)",Žagarinė salonas,35,2,,The Times Atlas of the World,1,0.9,spine,,
K01722,Marc Kaufman,Mars Up Close,"Medinė lentyna, 3 lentyna (atlasai, geografija)",Žagarinė salonas,35,4,Kaufman,Mars Up Close,1.15,0.9,spine,,nugarėlėje tik pavardė „KAUFMAN“
K01723,Dana Berry,Pirmyn į Marsą,"Medinė lentyna, 3 lentyna (atlasai, geografija)",Žagarinė salonas,35,5,Dana Berry,Pirmyn į Marsą,1.15,0.8,spine,,tamsiai raudona nugarėlė
K01724,,Naujasis pasaulio geografijos atlasas,"Medinė lentyna, 3 lentyna (atlasai, geografija)",Žagarinė salonas,35,6,,Naujasis pasaulio geografijos atlasas,1,0.9,spine,,
K01725,,Pasaulio geografijos enciklopedija ir viso pasaulio atlasas,"Medinė lentyna, 3 lentyna (atlasai, geografija)",Žagarinė salonas,35,7,,Pasaulio geografijos enciklopedija ir viso pasaulio atlasas,1,0.9,spine,,
K01726,,Geographica: World Atlas & Encyclopedia,"Medinė lentyna, 3 lentyna (atlasai, geografija)",Žagarinė salonas,35,8,,Geographica. World Atlas & Encyclopedia,1,0.9,spine,,
K01727,,Pasaulio atlasas,"Medinė lentyna, 3 lentyna (atlasai, geografija)",Žagarinė salonas,35,9,,Pasaulio atlasas,1,0.9,spine,,mėlyna nugarėlė
K01729,,Jūrų planeta,"Medinė lentyna, 3 lentyna (atlasai, geografija)",Žagarinė salonas,35,10,"Laurent Ballesta, Pierre Descamp",Jūrų planeta,1,0.9,spine,,
K01730,,Žemė,"Medinė lentyna, 3 lentyna (atlasai, geografija)",Žagarinė salonas,35,11,,Žemė,1,0.9,spine,,
K01731,,Toli iš arti,"Medinė lentyna, 3 lentyna (atlasai, geografija)",Žagarinė salonas,35,12,Jurga ir Ričardas Anusauskai,Toli iš arti,1,0.9,spine,,juoda nugarėlė su DK logotipu
K01732,,100 gražiausių pasaulio aikščių,"Medinė lentyna, 3 lentyna (atlasai, geografija)",Žagarinė salonas,35,13,,100 gražiausių pasaulio aikščių,1,0.9,spine,,
K01733,Marcello Morelli (proj. vad.),Pasaulio valdovų rūmai,"Medinė lentyna, 3 lentyna (atlasai, geografija)",Žagarinė salonas,35,15,,Pasaulio valdovų rūmai,1,0.9,spine,,"serija, kurios projekto vadovas Marcello Morelli"
K01734,,Šventyklos ir vienuolynai,"Medinė lentyna, 3 lentyna (atlasai, geografija)",Žagarinė salonas,35,16,,Šventyklos ir vienuolynai,1,0.9,spine,,nugarėlėje „Projekto vadovas Marcello Morelli“
K01669,Jimmy Petterson,Skiing Around the World,"Medinė lentyna, 1 lentyna (kelionės)",Žagarinė salonas,35,17,Jimmy Petterson,Skiing Around the World,1.15,0.9,spine,,
K01670,Jurga ir Ričardas Anusauskai,Azijos dvasia,"Medinė lentyna, 1 lentyna (kelionės)",Žagarinė salonas,35,18,Giedrius Dagys,Azijos dvasia,1,0.8,spine,,geltona nugarėlė
K01671,,Beijing (北京),"Medinė lentyna, 1 lentyna (kelionės)",Žagarinė salonas,35,19,Jurga ir Ričardas Anusauskai,北京 Beijing,1,0.8,spine,,purpurinė ir geltona nugarėlė; kinų leidykla
K01673,,По Западным районам КНР,"Medinė lentyna, 1 lentyna (kelionės)",Žagarinė salonas,35,20,В. Л. Ларин,По Юго-Западным районам КНР,0.86,0.8,spine,,plona šviesiai mėlyna nugarėlė
K01674,Vita Vilimaitė Lefebvre Delattre,Šešeri metai Saigone,"Medinė lentyna, 1 lentyna (kelionės)",Žagarinė salonas,35,22,Е. М. Селиванов,Šešeri metai Saigone,1,0.7,spine,,žydra nugarėlė; autoriaus pavardė nugarėlėje kirilica
K01675,Jim Baker,Crossroads: A Popular History of Malaysia and Singapore,"Medinė lentyna, 1 lentyna (kelionės)",Žagarinė salonas,35,23,Jim Baker,Crossroads. A Popular History of Malaysia and Singapore,1.15,0.9,spine,,
K01677,Tomkinson,Tomkinson's Tunisia,"Medinė lentyna, 1 lentyna (kelionės)",Žagarinė salonas,35,25,Michael Tomkinson,Tomkinson's Tunisia,1.15,0.8,spine,,nugarėlėje „Tomkinson's TUNISIA“
K01678,,Ägypten,"Medinė lentyna, 1 lentyna (kelionės)",Žagarinė salonas,35,28,,Ägypten,1,0.8,spine,,"violetinė nugarėlė, apačioje „AP“"
K01679,Gabrielė Štaraitė (?),Apie Afrikos žmones ir žvėris,"Medinė lentyna, 1 lentyna (kelionės)",Žagarinė salonas,35,30,,Apie Afrikos žmones ir žvėris,1,0.8,spine,,juoda nugarėlė su masajaus nuotrauka
K01680,Saulius Norkevičius,Paslaptinga Amazonija: Mato Šalčiaus klajonių pėdsakais,"Medinė lentyna, 1 lentyna (kelionės)",Žagarinė salonas,35,31,Saulius Norkevičius,Pasiklydęs Amazonijoje. Mato Šalčiaus klajojimo pėdsakais,0.65,0.8,spine,,
K01686,,Jerusalem Through My...,"Medinė lentyna, 1 lentyna (kelionės)",Žagarinė salonas,35,34,,Jerusalem Through,1,0.4,spine,,juoda nugarėlė; pavadinimas nukirstas kadro krašte: „JERUSALEM THROUGH M…“
K01773,Hannelore Fischer-Reska,Knyga apie gydomąsias zonas,"Medinė lentyna, 6 lentyna (sveikata, gamta)",Žagarinė salonas,36,2,Hannelore Fischer-Reska,Knyga apie gydomąsias zonas,1.15,0.9,cover,Zagarine Salonas 36_2.JPG,leidyklos pavadinimas ant viršelio dalinai uždengtas pirštu
K01746,Federico García Lorca,Selected Poems,"Medinė lentyna, 4 lentyna (albumai, Vilniaus istorija)",Žagarinė salonas,36,8,Federico García Lorca,Selected Poems,1.15,0.9,cover,Zagarine Salonas 36_8.JPG,"dvikalbis leidimas su lygiagrečiu ispanišku tekstu, vertė Martin Sorrell"
K01735,Ingo F. Walther,Pablo Picasso,"Medinė lentyna, 4 lentyna (albumai, Vilniaus istorija)",Žagarinė salonas,36,9,Ingo F. Walther,Pablo Picasso,1.15,0.9,spine,,kalba iš nugarėlės nenustatoma
K01700,Joel K. Kahn,The Plant-Based Solution,"Medinė lentyna, 2 lentyna (dailės albumai)",Žagarinė salonas,36,10,Joel K. Kahn,The Plant-Based Solution,1.15,0.9,cover,Zagarine Salonas 36_9.JPG,paantraštė „America's Healthy Heart Doc's Plan to Power Your Health“
K01777,Joe Vitale,Jokių ribų,"Medinė lentyna, 6 lentyna (sveikata, gamta)",Žagarinė salonas,36,12,"Joe Vitale, Ihaleakala Hew Len",Jokių ribų,1,0.9,cover,Zagarine Salonas 36_11.JPG,
K01736,,Vilniaus miesto istorijos skaitiniai,"Medinė lentyna, 4 lentyna (albumai, Vilniaus istorija)",Žagarinė salonas,36,14,,Vilniaus miesto istorijos skaitiniai,1,0.9,spine,,storas tomas pilku aplanku
K01737,Olga Tuberozova (?),Svečiuose pas paveikslus,"Medinė lentyna, 4 lentyna (albumai, Vilniaus istorija)",Žagarinė salonas,36,15,Olga Tuberovskaja,Svečiuose pas paveikslus,1,0.9,spine,,
K01739,Aziz Ansari,Modern Romance,"Medinė lentyna, 4 lentyna (albumai, Vilniaus istorija)",Žagarinė salonas,36,17,Aziz Ansari,Modern Romance,1.15,0.9,spine,,
K00297,,Šventasis Raštas (II tomas),"Spinta B, 4 lentyna",Žagarinė salonas,36,18,,Šventasis Raštas,0.8,0.9,spine,,"bordinės odos įrišimas, ant nugarėlės A ir Ω"
K01742,George R. R. Martin,Fire & Blood,"Medinė lentyna, 4 lentyna (albumai, Vilniaus istorija)",Žagarinė salonas,36,19,George R. R. Martin,Fire & Blood,1.15,0.9,spine,,
K01743,,Витторе Карпаччо (Vittore Carpaccio),"Medinė lentyna, 4 lentyna (albumai, Vilniaus istorija)",Žagarinė salonas,36,21,Н. Смирнова,Витторе Карпаччо,0.67,0.9,spine,,plonas baltas albumėlis
K01702,Gil Imaná,Pintores Bolivianos Contemporáneos,"Medinė lentyna, 2 lentyna (dailės albumai)",Žagarinė salonas,36,25,Gil Imaná,Pintores Bolivianos Contemporáneos,1.15,0.9,spine,,ispanų kalba
K01703,,Микеланджело,"Medinė lentyna, 2 lentyna (dailės albumai)",Žagarinė salonas,36,26,,Микеланджело,1,0.8,spine,,"kreminė nugarėlė, autorius nematomas"
K01766,,Didžioji Lietuvos grybų knyga,"Medinė lentyna, 5 lentyna (kinas, menas, muzika)",Žagarinė salonas,36,27,Selemonas Paltanavičius,Lietuvos gyvūnų didžioji knyga,0.75,0.9,spine,,
K01705,,Vakarų Europos tapyba (I tomas),"Medinė lentyna, 2 lentyna (dailės albumai)",Žagarinė salonas,36,28,,Vakarų Europos tapyba,0.86,0.9,spine,,pirmas iš dviejų vienodų egzempliorių
K01706,,Vakarų Europos tapyba (II tomas),"Medinė lentyna, 2 lentyna (dailės albumai)",Žagarinė salonas,36,29,,Vakarų Europos tapyba,0.86,0.9,spine,,antras iš dviejų vienodų egzempliorių
K01749,,Советское кино / Soviet Cinema,"Medinė lentyna, 5 lentyna (kinas, menas, muzika)",Žagarinė salonas,37,1,,Советское кино · Soviet Cinema,1,0.9,spine,,dvikalbis albumas (RU/EN)
K01750,Philip Kemp,Cinema: The Whole Story,"Medinė lentyna, 5 lentyna (kinas, menas, muzika)",Žagarinė salonas,37,2,Philip Kemp,Cinema. The Whole Story,1.15,0.9,spine,,
K01751,,Režisierius Almantas Grikevičius: epizodai paskutiniam filmui,"Medinė lentyna, 5 lentyna (kinas, menas, muzika)",Žagarinė salonas,37,3,,Režisierius Almantas Grikevičius. Epizodai paskutiniam filmui,1,0.9,spine,,
K01752,Barry Norman,100 Best Films of the Century,"Medinė lentyna, 5 lentyna (kinas, menas, muzika)",Žagarinė salonas,37,4,Barry Norman,100 Best Films of the Century,1.15,0.9,spine,,
K01753,Vidas Poškus,Menininko dirbtuvė: 42 istorijos,"Medinė lentyna, 5 lentyna (kinas, menas, muzika)",Žagarinė salonas,37,5,Vidas Poškus,Menininko dirbtuvė: 42 istorijos,1.15,0.9,spine,,
K01754,M. Zakas (М. Зак),Михаил Ромм и его фильмы,"Medinė lentyna, 5 lentyna (kinas, menas, muzika)",Žagarinė salonas,37,7,М. Зак,Михаил Ромм и его фильмы,1.15,0.9,spine,,tamsiai rožinė nugarėlė
K01755,Markas Petuchauskas,Ekrane ir už ekrano,"Medinė lentyna, 5 lentyna (kinas, menas, muzika)",Žagarinė salonas,37,10,,Ekrane ir už ekrano,1,0.7,spine,,kreminė nugarėlė; gali būti tos pačios knygos kaip pos 9 paantraštė
K01756,Zero Mostel; Robert Frank (fotogr.),Zero Mostel Reads a Book,"Medinė lentyna, 5 lentyna (kinas, menas, muzika)",Žagarinė salonas,37,11,Robert Frank,Zero Mostel Reads a Book,1.15,0.8,spine,,nugarėlėje „Zero Mostel reads a book · Photographs by Robert Frank“
K01757,,An den Hängen der Berge die Zypressen,"Medinė lentyna, 5 lentyna (kinas, menas, muzika)",Žagarinė salonas,37,12,Steigert,An den Hängen der Berge die Zypressen,1,0.8,spine,,juoda nugarėlė
K00472,,Lietuvos karininko fotoalbumas,"Spinta C, 7 lentyna (apatinė)",Žagarinė salonas,37,15,,Lietuvos karininko fotoalbumas,1,0.9,spine,,nugarėlėje numeris 1
K01759,,1000 Photo Icons (George Eastman House),"Medinė lentyna, 5 lentyna (kinas, menas, muzika)",Žagarinė salonas,37,16,,1000 Photo Icons. George Eastman House,1,0.9,spine,,raudona nugarėlė
K01760,Arvydas Šliogeris,Melancholijos archipelagai,"Medinė lentyna, 5 lentyna (kinas, menas, muzika)",Žagarinė salonas,37,18,Arvydas Šliogeris,Melancholijos archipelagai,1.15,0.9,spine,,
K01763,,The World's Greatest Artists and Bands: Chord Songbook,"Medinė lentyna, 5 lentyna (kinas, menas, muzika)",Žagarinė salonas,37,22,,The World's Greatest Artists and Bands · Chord Songbook,1,0.8,spine,,
K01764,Andrius Kulikauskas,Pašėlęs vėjas: grokim su Andriumi Kulikausku,"Medinė lentyna, 5 lentyna (kinas, menas, muzika)",Žagarinė salonas,37,25,Andrius Kulikauskas,Grokite su Andriumi Kulikausku,0.65,0.7,spine,,
K01765,Juozas Statkevičius,Grožio kirtis,"Medinė lentyna, 5 lentyna (kinas, menas, muzika)",Žagarinė salonas,37,26,Juozas Statkevičius,Grožio kirtis,1.15,0.8,spine,,autoriaus pavardė nugarėlėje rašyta ranka imituojančiu šriftu
K01767,Dick Grote,The Complete Guide to Performance Appraisal,"Medinė lentyna, 5 lentyna (kinas, menas, muzika)",Žagarinė salonas,37,27,Dick Grote,The Complete Guide to Performance Appraisal,1.15,0.9,spine,,
K01768,Anne Sverdrup-Thygeson,Vabzdžių planeta,"Medinė lentyna, 5 lentyna (kinas, menas, muzika)",Žagarinė salonas,37,28,Anne Sverdrup-Thygeson,Vabzdžių planeta,1.15,0.9,spine,,
K01769,Janet Lowe,Kalba Warrenas Buffettas,"Medinė lentyna, 5 lentyna (kinas, menas, muzika)",Žagarinė salonas,37,29,Janet Lowe,Kalba Warrenas Buffettas,1.15,0.9,spine,,
K01770,,Master (versija 1.1),"Medinė lentyna, 5 lentyna (kinas, menas, muzika)",Žagarinė salonas,37,30,Antanas Marcelionis,Master versija 1.1,1,0.9,spine,,
K01771,Antanas Marcelionis,Meno pažinimas: mokytojas – mokinys,"Medinė lentyna, 5 lentyna (kinas, menas, muzika)",Žagarinė salonas,37,31,,Meno pažinimas: mokytojas – mokinys,1,0.9,spine,,
K01772,,Vilnius (albumas),"Medinė lentyna, 5 lentyna (kinas, menas, muzika)",Žagarinė salonas,37,32,,Vilnius,0.67,0.6,spine,,mėlyna nugarėlė; be autoriaus
K01798,,Filosofija Vilniaus universitete 1579–1832,"Medinė lentyna, 5 lentyna (kinas, menas, muzika)",Žagarinė salonas,37,34,,Filosofija Vilniaus universitete 1579–1832,1,0.9,spine,,paskutinė lentynoje
K01778,,150 of the Most Beautiful Songs Ever,"Medinė lentyna, 6 lentyna (sveikata, gamta)",Žagarinė salonas,38,3,,150 of the Most Beautiful Songs Ever,1,0.9,spine,,3rd Edition; Piano / Vocal / Guitar
K01780,Maria Treben,Vaistingieji augalai iš Dievo sodo,"Medinė lentyna, 6 lentyna (sveikata, gamta)",Žagarinė salonas,38,4,Maria Treben,Vaistingieji augalai iš gamtos vaistinės,0.65,0.9,spine,,balta nugarėlė
K01779,,An Easy Guide to Ayurveda,"Medinė lentyna, 6 lentyna (sveikata, gamta)",Žagarinė salonas,38,5,Roy Eugene Davis,An Easy Guide to Ayurveda,1,0.9,spine,,
K01776,Tsai,The People's Race Inc.,"Medinė lentyna, 6 lentyna (sveikata, gamta)",Žagarinė salonas,38,10,Michael S. K. N. Tsai,The People's Race Inc.,1.15,0.9,cover,Zagarine Salonas 38_1.JPG,paantraštė „Behind the Scenes at the Honolulu Marathon“; plona knyga iš kairiojo plonų leidinių pluošto
K01774,,Sąnarių ir kaulų ligos,"Medinė lentyna, 6 lentyna (sveikata, gamta)",Žagarinė salonas,38,12,Mindaugas Papečkys,Sąnarių ir kaulų ligos,1,0.9,cover,Zagarine Salonas 38_3.JPG,serija „Vaistininko patarimai“
K01781,,Sveika širdis – tik per 30 minučių kasdien,"Medinė lentyna, 6 lentyna (sveikata, gamta)",Žagarinė salonas,38,16,,Sveika širdis – tik per 30 minučių kasdien,1,0.9,spine,,
K01782,Klaus Oberbeil; Christiane Lentz,Gamtos dovanoti vaistai,"Medinė lentyna, 6 lentyna (sveikata, gamta)",Žagarinė salonas,38,17,"Klaus Oberbeil, Christiane Lentz",Gamtos dovanoti vaistai,1.15,0.9,spine,,
K01783,Filomena Taunytė,9/10 laimės,"Medinė lentyna, 6 lentyna (sveikata, gamta)",Žagarinė salonas,38,18,Filomena Taunytė,9/10 laimės,1.15,0.8,spine,,
K01784,Michael F. Roizen; Mehmet C. Oz,TU ir tavo dieta,"Medinė lentyna, 6 lentyna (sveikata, gamta)",Žagarinė salonas,38,19,"M. F. Roizen, M. C. Oz",Tu ir tavo dieta,1.15,0.9,spine,,
K01785,Ann Wigmore,Kam kentėti?,"Medinė lentyna, 6 lentyna (sveikata, gamta)",Žagarinė salonas,38,20,Ann Wigmore,Kam kentėti?,1.15,0.9,spine,,
K01786,Juozas Ruolia,Septynios galimybės,"Medinė lentyna, 6 lentyna (sveikata, gamta)",Žagarinė salonas,38,21,Juozas Ruolia,Septynios galimybės,1.15,0.7,spine,,autoriaus pavardė nugarėlėje smulki; skaitoma „Juozas Ruolia“
K01787,"Danguolė, Juozas ir Andrius Vasiliauskai",Ilgo gyvenimo paslaptys,"Medinė lentyna, 6 lentyna (sveikata, gamta)",Žagarinė salonas,38,22,"Danguolė, Juozas, Audrius Vasiliauskai",Ilgo gyvenimo paslaptys,1.15,0.9,spine,,autoriai nugarėlėje surašyti būtent taip
K01788,,Maistas gydo,"Medinė lentyna, 6 lentyna (sveikata, gamta)",Žagarinė salonas,38,23,,Maistas gydo,1,0.9,spine,,salotinė nugarėlė
K01789,,Prieskoninių augalų ir jų vartojimo žinynas,"Medinė lentyna, 6 lentyna (sveikata, gamta)",Žagarinė salonas,38,24,"Kęstutis Obelevičius, Silvija Petkevičiūtė, Erika Šeinauskienė",Prieskoninių augalų ir jų vartojimo žinynas,1,0.9,spine,,
K01790,Yu-Lin Lian; Chun-Yan Chen ir kt.,Pictorial Atlas of Acupuncture (針灸),"Medinė lentyna, 6 lentyna (sveikata, gamta)",Žagarinė salonas,38,25,"Yu-Lin Lian, Chun-Yan Chen, Michael Hammes, Bernard C. Kolster",Pictorial Atlas of Acupuncture,1,0.9,spine,,paantraštė „An illustrated manual of acupuncture points“
K01791,,Vyrų sveikata: didžioji knyga vyrams,"Medinė lentyna, 6 lentyna (sveikata, gamta)",Žagarinė salonas,38,26,,Vyrų sveikata. Didžioji knyga vyrams,1,0.9,spine,,
K01792,Bill Manley,Senovės Egipto paslaptys,"Medinė lentyna, 6 lentyna (sveikata, gamta)",Žagarinė salonas,38,28,Bill Manley,Senovės Egipto paslaptys,1.15,0.9,spine,,
K01793,,Paskutinės pasaulio paslaptys,"Medinė lentyna, 6 lentyna (sveikata, gamta)",Žagarinė salonas,38,29,,Paskutinės pasaulio paslaptys,1,0.9,spine,,nugarėlėje Reader's Digest ženklas
K01794,,Žūklės enciklopedija,"Medinė lentyna, 6 lentyna (sveikata, gamta)",Žagarinė salonas,38,30,,Žūklės enciklopedija,1,0.9,spine,,
K01795,,Атлас тибетской медицины,"Medinė lentyna, 6 lentyna (sveikata, gamta)",Žagarinė salonas,38,31,,Атлас тибетской медицины,1,0.9,spine,,geltoname dėkle; ant dėklo „Свод иллюстраций к тибетскому медицинскому трактату XVII века «Голубой берилл»“; greta matyti paties tomo viršelis
K01681,,Polinezijos salos,"Medinė lentyna, 1 lentyna (kelionės)",Žagarinė salonas,39,8,Saulius Norkevičius,Polinezijos salos,1,0.9,spine,,
K01683,,Through My Father's Eyes (Revised Edition),"Medinė lentyna, 1 lentyna (kelionės)",Žagarinė salonas,39,13,,Jerusalem Through My Father's Eyes,0.67,0.9,spine,,ant nugarėlės nurodyta Revised Edition
K01684,,Israel Then & Now,"Medinė lentyna, 1 lentyna (kelionės)",Žagarinė salonas,39,15,,Israel Then & Now,1,0.8,spine,,
K01688,,Sardegna: Between Legend and History,"Medinė lentyna, 1 lentyna (kelionės)",Žagarinė salonas,39,16,,Athens between Legend and History,0.8,0.8,spine,,
K01687,,Journey in Venetia,"Medinė lentyna, 1 lentyna (kelionės)",Žagarinė salonas,39,17,,Journey in Venetia,1,0.9,spine,,"aukšta balta knyga, pasvirusi"
K01689,,A Pinch of Sicily (?),"Medinė lentyna, 1 lentyna (kelionės)",Žagarinė salonas,39,19,,"""Pinch"" of Sicily",1,0.7,spine,,
K01690,,Living on the Edge: Leonardo's Florence (?),"Medinė lentyna, 1 lentyna (kelionės)",Žagarinė salonas,39,21,,Living on the Edge in Florence,0.89,0.6,spine,,"tamsi nugarėlė, užrašas įžambus ir blankus"
K01692,,Mallorca: la isla de mil caras,"Medinė lentyna, 1 lentyna (kelionės)",Žagarinė salonas,39,28,,Mallorca. La isla de las mil caras,0.89,0.8,spine,,ant nugarėlės žyma „Español“
K00674,,The Golden Book of the Châteaux of the Loire,"Spinta E (P.L. Biblioteka), 3 lentyna",Žagarinė salonas,39,31,,The Châteaux of the Loire,0.73,0.5,spine,,ryškiai raudona pasvirusi knyga; ant nugarėlės matoma tik „…of the Châteaux of the Loire“
K01695,,The Golden Book of the Châteaux of the Loire (English Edition),"Medinė lentyna, 1 lentyna (kelionės)",Žagarinė salonas,39,33,,The Golden Book of the Châteaux of the Loire,0.88,0.6,spine,,"raudona nugarėlė, apačioje „English Edition“; pavadinimo pabaiga neįskaitoma"
K00675,Aleksandras Guobys; Antanas Saulaitis,Lietuvių misijos Amazonėje,"Spinta E (P.L. Biblioteka), 3 lentyna",Žagarinė salonas,39,36,"Aleksandras Guobys, Antanas Saulaitis",Lietuvių misijos Amazonėje,1.15,0.9,spine,,
K00677,,"One Nation: America Remembers September 11, 2001","Spinta E (P.L. Biblioteka), 3 lentyna",Žagarinė salonas,39,38,,"One Nation. America Remembers September 11, 2001",1,0.9,spine,,tamsiai mėlyna odinė nugarėlė su auksuotais raštais
K00678,,Золото Колумбии,"Spinta E (P.L. Biblioteka), 3 lentyna",Žagarinė salonas,39,40,,Золото Колумбии,1,0.7,spine,,knyga pastatyta apversta
K00680,John Noble Wilford,The Mapmakers,"Spinta E (P.L. Biblioteka), 3 lentyna",Žagarinė salonas,39,41,John Noble Wilford,The Mapmakers,1.15,0.9,spine,,
K00679,,Vietnam,"Spinta E (P.L. Biblioteka), 3 lentyna",Žagarinė salonas,39,46,,Vietnam,1,0.9,spine,,ant nugarėlės „Pull-out city map“
K00681,Sorj Chalandon (?),Pažadas,"Spinta E (P.L. Biblioteka), 3 lentyna",Žagarinė salonas,39,48,Sorj Chalandon,Pažadas,1.15,0.9,spine,,
K00683,F. Batmanghelidj,Jūsų kūnas šaukiasi vandens,"Spinta E (P.L. Biblioteka), 3 lentyna",Žagarinė salonas,39,53,Dr. F. Batmanghelidj,Jūsų kūnas šaukiasi vandens,1.15,0.6,spine,,dešinysis lentynos galas; matoma tik pavadinimo pradžia „Jūsų kū…“
K01708,,Lietuvos tapyba (2 egz.),"Medinė lentyna, 2 lentyna (dailės albumai)",Žagarinė salonas,40,1,,Lietuvos tapyba,0.8,0.9,spine,,žalios spalvos raidės; albumas
K01709,,Mikalojus Konstantinas Čiurlionis (albumas),"Medinė lentyna, 2 lentyna (dailės albumai)",Žagarinė salonas,40,5,,Mikalojus Konstantinas Čiurlionis,0.86,0.9,spine,,"baltas viršelis, albumas"
K01711,,Kazys Šimonis (albumas),"Medinė lentyna, 2 lentyna (dailės albumai)",Žagarinė salonas,40,8,,Kazys Šimonis,0.8,0.9,spine,,"žalia nugarėlė, apačioje Vagos ženklas"
K01712,Craig Foster; Ross Frylinck,Underwater Wild,"Medinė lentyna, 2 lentyna (dailės albumai)",Žagarinė salonas,40,9,"Craig Foster, Ross Frylinck",Underwater Wild,1.15,0.9,spine,,
K01713,,Petras Repšys (monografija),"Medinė lentyna, 2 lentyna (dailės albumai)",Žagarinė salonas,40,11,,Petras Repšys,0.8,0.9,spine,,mėlynas viršelis su graviūra
K01716,Mikalojus Vilutis,Tortas,"Medinė lentyna, 2 lentyna (dailės albumai)",Žagarinė salonas,40,15,Mikalojus Vilutis,Tortas,1.15,0.9,spine,,"juoda nugarėlė, geltonas pavadinimas"
K01717,,Lietuvių grafika,"Medinė lentyna, 2 lentyna (dailės albumai)",Žagarinė salonas,40,16,,Lietuvių grafika 1971–1974,0.67,0.9,spine,,
K00691,,Lietuvos sakralinė dailė / Sacred Art of Lithuania,"Spinta E (P.L. Biblioteka), 4 lentyna",Žagarinė salonas,40,17,,Lietuvos sakralinė dailė / Sacred Art of Lithuania,1,0.9,spine,,"raudona nugarėlė, apačioje tomo numeris „I“"
K00694,,Pocket World in Figures (2013 Edition),"Spinta E (P.L. Biblioteka), 4 lentyna",Žagarinė salonas,40,28,,Pocket World in Figures 2013 Edition,1,0.9,spine,,
K00685,,Didžiosios praeities paslaptys,"Spinta E (P.L. Biblioteka), 3 lentyna",Žagarinė salonas,43,6,,Didžiosios praeities paslaptys,1,0.9,spine,,nugarėlės apačioje „Reader's Digest“ ženklas
K00688,,Tūkstantmečio pranašystės,"Spinta E (P.L. Biblioteka), 3 lentyna",Žagarinė salonas,43,7,Paul Roland,Tūkstantmečio pranašystės,1,0.9,spine,,
K00684,,Fairy Tales of Ireland,"Spinta E (P.L. Biblioteka), 3 lentyna",Žagarinė salonas,43,8,W. B. Yeats,Fairy Tales of Ireland,1,0.9,spine,,
K00687,,Išsamus augalų ir gyvūnų žinynas,"Spinta E (P.L. Biblioteka), 3 lentyna",Žagarinė salonas,43,10,"Eisenreich, Handel, Zimmer",Išsamus augalų ir gyvūnų žinynas,1,0.9,spine,,
K00642,V. Pranulis; A. Pajuodis; S. Urbonavičius; R. Virvilaitė,Marketingas,"Spinta E (P.L. Biblioteka), 1 lentyna",Žagarinė salonas,43,11,"Vytautas Pranulis, Arvydas Pajuodis, Sigitas Urbonavičius, Regina Virvilaitė",Marketingas,1.15,0.9,spine,,
K00643,Peter Fisk,Rinkodaros genijus,"Spinta E (P.L. Biblioteka), 1 lentyna",Žagarinė salonas,43,12,Peter Fisk,Rinkodaros genijus,1.15,0.9,spine,,
K00645,,Lietuvos laukinės gamtos fotografija 2011,"Spinta E (P.L. Biblioteka), 1 lentyna",Žagarinė salonas,43,15,,Lietuvos laukinės gamtos fotografija 2010,0.8,0.9,spine,,
K00646,,Jūros knyga: Baltijos jūros pasauliai,"Spinta E (P.L. Biblioteka), 1 lentyna",Žagarinė salonas,43,17,,Jūros knyga. Baltijos jūros pasauliai,1,0.9,spine,,
K00647,Algimantas Šimaška,Pasižvalgymai po Lietuvą,"Spinta E (P.L. Biblioteka), 1 lentyna",Žagarinė salonas,43,19,Algimantas Semaška,Pasižvalgymai po Lietuvą,1,0.9,spine,,
K00648,,XX a. lietuvių dailės istorija,"Spinta E (P.L. Biblioteka), 1 lentyna",Žagarinė salonas,43,20,,XX a. lietuvių dailės istorija,1,0.9,spine,,nugarėlė gerokai apsitrynusi
K00649,Jurgis Bučas,Kuršių nerijos nacionalinis parkas,"Spinta E (P.L. Biblioteka), 1 lentyna",Žagarinė salonas,43,22,Jurgis Bučas,Kuršių nerijos nacionalinis parkas,1.15,0.9,spine,,ant viršutinio krašto: „Kultūros paveldas Lietuvos nacionaliniuose parkuose. I tomas“
K00651,Marius Jovaiša,Neregėta Lietuva,"Spinta E (P.L. Biblioteka), 1 lentyna",Žagarinė salonas,43,24,Marius Jovaiša,Neregėta Lietuva,1.15,0.9,spine,,
K00652,,Lietuva,"Spinta E (P.L. Biblioteka), 1 lentyna",Žagarinė salonas,43,25,,Lietuva,1,0.9,spine,,tamsiai žalsva nugarėlė su sidabrinėmis raidėmis
K00653,,Didysis kelių atlasas,"Spinta E (P.L. Biblioteka), 1 lentyna",Žagarinė salonas,43,26,,Didysis kelių atlasas,1,0.9,spine,,
K00654,,Šalčininkų kraštas,"Spinta E (P.L. Biblioteka), 1 lentyna",Žagarinė salonas,43,27,,Šalčininkų kraštas,1,0.9,spine,,
K00656,,Kretinga,"Spinta E (P.L. Biblioteka), 1 lentyna",Žagarinė salonas,43,28,,Kretinga,1,0.9,spine,,balta nugarėlė
K00655,,Gamta,"Spinta E (P.L. Biblioteka), 1 lentyna",Žagarinė salonas,43,29,,Gamta,1,0.5,spine,,"tamsiai žalia nugarėlė, blankus įspaustas užrašas"
K00695,Tom Stevenson,The New Sotheby's Wine Encyclopedia,"Spinta E (P.L. Biblioteka), 4 lentyna",Žagarinė salonas,44,3,Tom Stevenson,The New Sotheby's Wine Encyclopedia,1.15,0.9,spine,,tamsiai raudona odinė nugarėlė su auksuotais ornamentais
K00696,Franz Böhmig,Sodo tvarkymas ir priežiūra,"Spinta E (P.L. Biblioteka), 4 lentyna",Žagarinė salonas,44,5,Franz Böhmig,Sodo tvarkymas ir priežiūra,1.15,0.9,spine,,
K00697,,Medžiai ir krūmai parkams bei sodyboms,"Spinta E (P.L. Biblioteka), 4 lentyna",Žagarinė salonas,44,6,Mindaugas Navasaitis,Medžiai ir krūmai parkams bei sodyboms,1,0.9,spine,,
K00658,Edward C. Smith,Svajonių daržas,"Spinta E (P.L. Biblioteka), 2 lentyna",Žagarinė salonas,44,7,Edward C. Smith,Svajonių daržas,1.15,0.9,spine,,
K00659,,Sodo gėlės,"Spinta E (P.L. Biblioteka), 2 lentyna",Žagarinė salonas,44,8,"Berndas Hertlė, Peteris Kyrmejeris, Mariona Nikig",Sodo gėlės,1,0.7,spine,,"autorių pavardės sulietuvintos, smulkus šriftas"
K00660,,Lietuvos paukščiai: pažinimo vadovas,"Spinta E (P.L. Biblioteka), 2 lentyna",Žagarinė salonas,44,9,,Lietuvos paukščių pažinimo vadovas,0.75,0.9,spine,,autorius ant nugarėlės nematyti
K00479,Sun Tzu,Karo menas,"Spinta C, 7 lentyna (apatinė)",Žagarinė salonas,44,11,Sun Zi,Karo menas,1.15,0.9,spine,,
K00663,,Sodo augalai: žinynas,"Spinta E (P.L. Biblioteka), 2 lentyna",Žagarinė salonas,44,20,,Sodo augalai. Žinynas,1,0.9,spine,,"geltona nugarėlė, apačioje „Wolf“"
K00665,Mindaugas Navasaitis,Dendrologija,"Spinta E (P.L. Biblioteka), 2 lentyna",Žagarinė salonas,44,21,Mindaugas Navasaitis,Dendrologija,1.15,0.9,spine,,
K00667,,Sodo knyga,"Spinta E (P.L. Biblioteka), 2 lentyna",Žagarinė salonas,44,22,,Sodo knyga,1,0.9,spine,,šviesiai žalia nugarėlė su nuotraukomis; autorius ant nugarėlės nenurodytas
K00668,Ehrenfried Kluckert,European Garden Design: From Classical Antiquity to the Present Day,"Spinta E (P.L. Biblioteka), 2 lentyna",Žagarinė salonas,44,23,Ehrenfried Kluckert,European Garden Design: From Classical Antiquity to the Present Day,1.15,0.9,spine,,
K00669,Diarmuid Gavin; Terence Conran,Outdoors,"Spinta E (P.L. Biblioteka), 2 lentyna",Žagarinė salonas,44,24,"Diarmuid Gavin, Terence Conran",Outdoors,1.15,0.9,spine,,
K00670,Günter Nitschke,Japanese Gardens,"Spinta E (P.L. Biblioteka), 2 lentyna",Žagarinė salonas,44,25,Günter Nitschke,Japanese Gardens,1.15,0.9,spine,,
K00671,,Немецкая овчарка,"Spinta E (P.L. Biblioteka), 2 lentyna",Žagarinė salonas,44,26,,Немецкая овчарка. Энциклопедия,0.8,0.9,spine,,Royal Canin / Aniwa leidinys
K00672,Mindaugas Navasaitis ir kt.,Lietuvos dendroflora,"Spinta E (P.L. Biblioteka), 2 lentyna",Žagarinė salonas,44,27,"Mindaugas Navasaitis, Remigijus Ozolinčius, Domas Smaliukas, Jūratė Balevičienė",Lietuvos dendroflora,1,0.9,spine,,
K01800,Adam Perry Lang,Charred & Scruffed,"Medinė lentyna, 7 lentyna (kulinarija)",Žagarinė salonas,45,2,Adam Perry Lang,Charred & Scruffed,1.15,0.9,spine,,
K01801,,Kasdienė ir šventinė duona,"Medinė lentyna, 7 lentyna (kulinarija)",Žagarinė salonas,45,4,,Kasdienė ir šventinė duona,1,0.8,spine,,smėlio spalvos nugarėlė
K01804,,Kokteiliai ir gėrimai,"Medinė lentyna, 7 lentyna (kulinarija)",Žagarinė salonas,45,6,,Kokteiliai ir gėrimai,1,0.7,spine,,"plona knyga, nugarėlė iš dalies užstota"
K01805,Paolo Petroni,Ricette della Cucina Toscana,"Medinė lentyna, 7 lentyna (kulinarija)",Žagarinė salonas,45,8,Paolo Petroni,Ricette della Cucina Toscana,1.15,0.9,spine,,
K01806,Marie Tegnér (?),5:2 dieta moterims,"Medinė lentyna, 7 lentyna (kulinarija)",Žagarinė salonas,45,9,Marie Tegnér,5:2 dieta moterims,1.15,0.9,spine,,
K01807,,Gaivinantys gėrimai,"Medinė lentyna, 7 lentyna (kulinarija)",Žagarinė salonas,45,10,,Salotos ir gaivinantys gėrimai,0.8,0.9,spine,,
K01808,Julia Child (Джулия Чайлд),Уроки французской кухни,"Medinė lentyna, 7 lentyna (kulinarija)",Žagarinė salonas,45,11,Джулия Чайлд,Основы классической французской кухни,0.72,0.9,spine,,nugarėlės apačioje rašytinis „Bon appétit“
K01811,,Greek Cookery & Wines,"Medinė lentyna, 7 lentyna (kulinarija)",Žagarinė salonas,45,13,,Greek Cookery & Wines,1,0.8,spine,,autorių pavardės nugarėlės viršuje neįskaitomos
K01812,,Pasaulio puodai,"Medinė lentyna, 7 lentyna (kulinarija)",Žagarinė salonas,45,15,Vytaras Radzevičius,Pasaulio puodai,1,0.9,spine,,
K00676,,Nestoro maistas (?),"Spinta E (P.L. Biblioteka), 3 lentyna",Žagarinė salonas,45,16,Guoda Azguridienė,Maistas,0.67,0.9,spine,,
K01809,Elžbieta Monkevič,Salotos,"Medinė lentyna, 7 lentyna (kulinarija)",Žagarinė salonas,45,18,,Salotos,1,0.8,spine,,raudona nugarėlė
K01816,,Кулинарная мудрость,"Medinė lentyna, 7 lentyna (kulinarija)",Žagarinė salonas,45,19,Джулия Чайлд,Кулинарная мудрость,1,0.9,spine,,nugarėlės apačioje rašytinis „Voilà!“
K01815,Dagmar von Cramm (?),"Stilingos puotos, priėmimai, vakarėliai...","Medinė lentyna, 7 lentyna (kulinarija)",Žagarinė salonas,45,20,Dagmar von Cramm,"Stilingos puotos, priėmimai, vakarėliai...",1.15,0.9,spine,,
K01817,,Grilis: valgiai po atviru dangum,"Medinė lentyna, 7 lentyna (kulinarija)",Žagarinė salonas,45,21,Cindy Burda,Grilis. Vaišės po atviru dangum,0.75,0.9,spine,,
K01818,Cindy Burda,Mediterranean Cuisine: Italy,"Medinė lentyna, 7 lentyna (kulinarija)",Žagarinė salonas,45,22,,Mediterranean Cuisine: Italy,1,0.9,spine,,
K01819,,Oginskių dvaro virtuvė,"Medinė lentyna, 7 lentyna (kulinarija)",Žagarinė salonas,45,23,Rimvydas Laužikas,Oginskių dvaro virtuvėje,0.67,0.7,spine,,"nugarėlėje keli autoriai: Rimvydas Laužikas, Liutauras Čerpackas(?), Jarosław Dumanowski, Arvydas Pacevičius — pavardės smulkios"
K01820,,The Pizza & Pasta Cookbook,"Medinė lentyna, 7 lentyna (kulinarija)",Žagarinė salonas,45,24,,The Pizza & Pasta Cookbook,1,0.9,spine,,
K01821,,Taste Vietnam: The Morning Glory Cookbook,"Medinė lentyna, 7 lentyna (kulinarija)",Žagarinė salonas,45,25,,Taste Vietnam. The Morning Glory Cookbook,1,0.9,spine,,
K01822,,Didžioji lietuvių valgių knyga,"Medinė lentyna, 7 lentyna (kulinarija)",Žagarinė salonas,45,26,,Didžioji lietuvių valgių knyga,1,0.9,spine,,
K01823,Ferran Adrià,The Family Meal: Home Cooking with Ferran Adrià,"Medinė lentyna, 7 lentyna (kulinarija)",Žagarinė salonas,45,27,Ferran Adrià,The Family Meal. Home Cooking with Ferran Adrià,1.15,0.9,spine,,
K01824,,Das Tiroler Schnaps Buch,"Medinė lentyna, 7 lentyna (kulinarija)",Žagarinė salonas,45,28,,Das Tiroler Schnaps Buch,1,0.9,spine,,mėlyna nugarėlė
K01826,James Peterson (Джеймс Петерсон),Моя первая кулинарная книга,"Medinė lentyna, 7 lentyna (kulinarija)",Žagarinė salonas,45,30,Джеймс Петерсон,Моя первая кулинарная книга,1.15,0.9,spine,,
K01827,Henrietta Green,Country Foods,"Medinė lentyna, 7 lentyna (kulinarija)",Žagarinė salonas,45,32,Henrietta Green,Country Foods,1.15,0.9,spine,,
K01828,Deborah Krasner,The New Outdoor Kitchen,"Medinė lentyna, 7 lentyna (kulinarija)",Žagarinė salonas,45,33,Krasner,The New Outdoor Kitchen,1.15,0.9,spine,,
K01803,,Parduotos rungtynės (I dalis),"Medinė lentyna, 7 lentyna (kulinarija)",Žagarinė salonas,45,35,,Parduotos rungtynės. I dalis,1,0.8,spine,,guli plokščiai ant kitų knygų viršaus; autoriaus nesimato
K01829,,"Golf Digest: Golf's Greatest Players, Courses and Voices","Medinė lentyna, 8 niša (golfas, sportas)",Žagarinė salonas,46,1,,"Golf Digest. Golf's Greatest Players, Courses and Voices",1,0.9,spine,,"žalia nugarėlė, kairiojo skyriaus pirma knyga"
K01830,,"Golf in Portugal: alle Plätze, alle Daten","Medinė lentyna, 8 niša (golfas, sportas)",Žagarinė salonas,46,2,,"Golf in Portugal – alle Plätze, alle Daten",1,0.8,spine,,tamsiai žalia nugarėlė
K01831,,Теннис,"Medinė lentyna, 8 niša (golfas, sportas)",Žagarinė salonas,46,8,Аранта Санчес Викарио,Теннис,1,0.7,spine,,balta nugarėlė
K01832,Charles Applewhaite (?),Teniso vadovas,"Medinė lentyna, 8 niša (golfas, sportas)",Žagarinė salonas,46,9,Charles Applewhaite,Teniso vadovas,1.15,0.8,spine,,
K01836,,From Gutterballs to Strikes,"Medinė lentyna, 8 niša (golfas, sportas)",Žagarinė salonas,46,10,,From Gutterballs to Strikes,1,0.7,spine,,"boulingo knyga, tamsi nugarėlė"
K01837,Bob Rotella,The Golfer's Mind,"Medinė lentyna, 8 niša (golfas, sportas)",Žagarinė salonas,46,11,Dr. Bob Rotella,The Golfer's Mind,1.15,0.8,spine,,
K01833,,1000 gamtos stebuklų,"Medinė lentyna, 8 niša (golfas, sportas)",Žagarinė salonas,46,13,,1000 gamtos stebuklų,1,0.9,spine,,
K01834,,Mokslas ir visata,"Medinė lentyna, 8 niša (golfas, sportas)",Žagarinė salonas,46,14,,Mokslas ir visata,1,0.8,spine,,tamsiai žalia nugarėlė su auksiniu įrašu
K01835,Juozas Virbickas,Lietuvos žuvys,"Medinė lentyna, 8 niša (golfas, sportas)",Žagarinė salonas,46,15,J. Virbickas,Lietuvos žuvys,1.15,0.9,spine,,
K01839,,"Namai, pilni gėlių: kambarinių augalų žinynas","Medinė lentyna, 9 niša (gamta, gyvūnai)",Žagarinė salonas,46,17,,Namai pilni gėlių. Kambarinių augalų žinynas,1,0.9,spine,,"balta knyga, guli pakrypusi"
K01842,Erich Hoyt (?),Whale Rescue,"Medinė lentyna, 9 niša (gamta, gyvūnai)",Žagarinė salonas,46,19,,Whale Rescue,1,0.6,spine,,mėlyna nugarėlė viršutinėje dešiniojo skyriaus lentynėlėje
K01840,Vincentas Urbonas (?),Lietuvos grybų atlasas,"Medinė lentyna, 9 niša (gamta, gyvūnai)",Žagarinė salonas,46,20,Vincentas Urbonas,Lietuvos grybų atlasas,1.15,0.9,spine,,
K01841,Davidas Attenborough (Дэвид Эттенборо),Жизнь на Земле,"Medinė lentyna, 9 niša (gamta, gyvūnai)",Žagarinė salonas,46,23,Дэвид Эттенборо,Жизнь на Земле,1.15,0.9,spine,,tamsiai raudona nugarėlė
K01844,Rocco Mediate; John Feinstein,Are You Kidding Me?,"Medinė lentyna, 9 niša (gamta, gyvūnai)",Žagarinė salonas,46,30,"Rocco Mediate, John Feinstein",Are You Kidding Me?,1.15,0.8,spine,,žalia nugarėlė
K01845,,Garden Birds,"Medinė lentyna, 9 niša (gamta, gyvūnai)",Žagarinė salonas,46,31,Steve Setford,Garden Birds,1,0.8,spine,,
K01846,Dr. Bruce Fogle,Dog (DK),"Medinė lentyna, 9 niša (gamta, gyvūnai)",Žagarinė salonas,46,33,Dr. Bruce Fogle,Dog dog,0.82,0.8,spine,,
K01848,,Mažasis pasaulio atlasas,"Medinė lentyna, 9 niša (gamta, gyvūnai)",Žagarinė salonas,46,34,,Mažasis pasaulio atlasas,1,0.8,spine,,"apatinė dešiniojo skyriaus lentynėlė, knygos guli krūvoje"
K01849,,Birds of Britain and Europe (RSPB),"Medinė lentyna, 9 niša (gamta, gyvūnai)",Žagarinė salonas,46,35,Rob Hume,Birds of Britain and Europe,0.89,0.9,spine,,
K01850,Petras Kurlavičius (?),Vadovas Lietuvos paukščiams pažinti,"Medinė lentyna, 9 niša (gamta, gyvūnai)",Žagarinė salonas,46,36,Petras Kurlavičius,Vadovas Lietuvos paukščiams pažinti,1.15,0.8,spine,,"autoriaus pavardė nugarėlėje smulki, skaitoma nevienareikšmiškai"
K01852,,Lietuvos raudonoji knyga,"Medinė lentyna, 9 niša (gamta, gyvūnai)",Žagarinė salonas,46,37,,Lietuvos raudonoji knyga,1,0.9,spine,,tamsiai raudona nugarėlė
K01853,,Gyvoji gamta,"Medinė lentyna, 9 niša (gamta, gyvūnai)",Žagarinė salonas,46,38,,Gyvoji gamta,1,0.9,spine,,kreminė nugarėlė
K01854,Sarah Whitehead (?),Clever Dog!,"Medinė lentyna, 9 niša (gamta, gyvūnai)",Žagarinė salonas,46,40,Gwen Bailey,Clever Dog!,1,0.8,spine,,"balta nugarėlė, paskutinė dešinėje"